ID,Aircraft Type,Operator,Operator Country,Status,Build Date,Build Country,First Customer Delivery Date,Delivery Date Operator,Nr. of Engines,Engine Manufacturer,Engine Type,Config (Pax/Con),Seat Total,Haul,Range (km),Age (Years),Main Hub,current_technology,operator_economic_weight,operator_environmental_weight,free_ets_allocation,peer_influence,investment_logic,decision_attitude,registration,icao24,annual_flights_base,annual_distance_km_base,mean_stage_length_km_base,fuel_burn_per_year_base,baseline_energy_demand,data_source
27,A319,Lufthansa CityLine,Germany,Active,2001-01-01,,,,,,,,138.0,Short-haul,6950.0,25.450000000000003,Munich,kerosene_short,0.0,0.0,0,0.15,ambiguity_aware_utility,ambiguity_averse,D-ABGH,3c48e8,1623,1036367.9333763422,638.5507907432792,4378314.6211251775,52296535.7523285,type_median_fallback
28,A319,Eurowings,Germany,Active,2001-01-01,,,,,,,,138.0,Short-haul,6950.0,25.450000000000003,Dusseldorf,kerosene_short,0.0,0.0,0,0.15,ambiguity_aware_utility,ambiguity_averse,D-ABGJ,3c48ea,1552,1219938.6302954664,786.0429318914088,4916718.513286661,58727471.13092401,type_median_fallback
29,A319,Lufthansa CityLine,Germany,Active,2001-01-01,,,,,,,,138.0,Short-haul,6950.0,25.450000000000003,Munich,kerosene_short,0.0,0.0,0,0.15,ambiguity_aware_utility,ambiguity_averse,D-ABGK,3c48eb,1493,964317.0701032238,645.8922103839409,4063110.84001726,48531601.70020617,type_median_fallback
30,A319,Eurowings,Germany,Active,2001-01-01,,,,,,,,138.0,Short-haul,6950.0,25.450000000000003,Dusseldorf,kerosene_short,0.0,0.0,0,0.15,ambiguity_aware_utility,ambiguity_averse,D-ABGN,3c48ee,1530,1258850.8989333203,822.7783653158958,5016194.006321363,59915650.63106072,type_median_fallback
31,A319,Lufthansa CityLine,Germany,Active,2001-01-01,,,,,,,,138.0,Short-haul,6950.0,25.450000000000003,Munich,kerosene_short,0.0,0.0,0,0.15,ambiguity_aware_utility,ambiguity_averse,D-ABGP,3c48f0,1629,1060095.2726083351,650.764439906897,4456539.918733842,53230893.47376532,type_median_fallback
32,A319,Eurowings,Germany,Active,2001-01-01,,,,,,,,138.0,Short-haul,6950.0,25.450000000000003,Dusseldorf,kerosene_short,0.0,0.0,0,0.15,ambiguity_aware_utility,ambiguity_averse,D-ABGQ,3c48f1,1784,1372180.073563071,769.1592340600174,5550034.302936083,66292076.396181,type_median_fallback
33,A320,Eurowings,Germany,Active,2016-01-01,,,,,,,,168.0,Short-haul,6100.0,10.25,Dusseldorf,kerosene_short,0.0,0.0,0,0.15,ambiguity_aware_utility,ambiguity_averse,D-ABHF,3c4906,872,937533.0423376324,1075.1525714881109,3783023.256822591,45186111.12315872,type_median_fallback
34,B738,TUIfly,Germany,Active,2010-01-01,United States,2010-01-01,2015-04-01,2.0,CFM International,CFM56-7,Pax,189.0,Medium-haul,5665.0,13.0,Hannover,kerosene_medium,0.0,0.0,0,0.15,ambiguity_aware_utility,ambiguity_averse,D-ABKI,3c4969,468,907032.9885133808,1938.1046763106424,3294788.508086155,39354418.29102907,bulk_matched
35,B738,TUIfly,Germany,Active,2014-01-01,,,,,,,,189.0,Medium-haul,5665.0,12.35,Hannover,kerosene_medium,0.0,0.0,0,0.15,ambiguity_aware_utility,ambiguity_averse,D-ABKJ,3c496a,347,691640.3557654631,1993.1998725229485,2500307.2492680587,29864781.03292404,type_median_fallback
36,B738,TUIfly,Germany,Active,2014-01-01,,,,,,,,189.0,Medium-haul,5665.0,12.35,Hannover,kerosene_medium,0.0,0.0,0,0.15,ambiguity_aware_utility,ambiguity_averse,D-ABKM,3c496d,443,875748.6767487144,1976.859315459852,3170724.7760308143,37872545.93592362,type_median_fallback
37,B738,TUIfly,Germany,Active,2014-01-01,,,,,,,,189.0,Medium-haul,5665.0,12.35,Hannover,kerosene_medium,0.0,0.0,0,0.15,ambiguity_aware_utility,ambiguity_averse,D-ABKN,3c496e,406,794368.5957065788,1956.572895829012,2880693.699268724,34408285.852376424,type_median_fallback
38,B738,TUIfly,Germany,Active,2014-01-01,,,,,,,,189.0,Medium-haul,5665.0,12.35,Hannover,kerosene_medium,0.0,0.0,0,0.15,ambiguity_aware_utility,ambiguity_averse,D-ABMQ,3c49b1,444,854654.321818861,1924.8971212136507,3103871.8326583486,37074024.667863615,type_median_fallback
39,A320,Eurowings,Germany,Active,2016-01-01,,,,,,,,168.0,Short-haul,6100.0,10.25,Dusseldorf,kerosene_short,0.0,0.0,0,0.15,ambiguity_aware_utility,ambiguity_averse,D-ABNH,3c49c8,1071,1118501.9257957954,1044.352871891499,4539685.808703252,54224024.93728884,type_median_fallback
40,A320,Eurowings,Germany,Active,2016-01-01,,,,,,,,168.0,Short-haul,6100.0,10.25,Dusseldorf,kerosene_short,0.0,0.0,0,0.15,ambiguity_aware_utility,ambiguity_averse,D-ABNK,3c49cb,777,834162.1520269425,1073.5677632264385,3363791.6968950974,40178623.04624699,type_median_fallback
41,A320,Eurowings,Germany,Active,2016-01-01,,,,,,,,168.0,Short-haul,6100.0,10.25,Dusseldorf,kerosene_short,0.0,0.0,0,0.15,ambiguity_aware_utility,ambiguity_averse,D-ABNL,3c49cc,1000,1056723.0256364967,1056.723025636497,4279125.451412364,51111776.22520323,type_median_fallback
42,A320,Eurowings,Germany,Active,2016-01-01,,,,,,,,168.0,Short-haul,6100.0,10.25,Dusseldorf,kerosene_short,0.0,0.0,0,0.15,ambiguity_aware_utility,ambiguity_averse,D-ABNN,3c49ce,1077,1150094.0786571526,1067.8682253084053,4644593.71254553,55477091.56651606,type_median_fallback
43,A320,Eurowings,Germany,Active,2016-01-01,,,,,,,,168.0,Short-haul,6100.0,10.25,Dusseldorf,kerosene_short,0.0,0.0,0,0.15,ambiguity_aware_utility,ambiguity_averse,D-ABNT,3c49d4,1014,1126783.6674453726,1111.2264964944502,4514714.936128688,53925761.73709266,type_median_fallback
44,A320,Eurowings,Germany,Active,2016-01-01,,,,,,,,168.0,Short-haul,6100.0,10.25,Dusseldorf,kerosene_short,0.0,0.0,0,0.15,ambiguity_aware_utility,ambiguity_averse,D-ABNU,3c49d5,1038,1089958.2463687651,1050.0561140354191,4415532.8640481895,52741086.98724226,type_median_fallback
45,B789,Lufthansa,Germany,Active,2025-01-01,,,,,,,,296.0,Long-haul,14010.0,1.0,Frankfurt,kerosene_long,0.0,0.0,0,0.15,ambiguity_aware_utility,ambiguity_averse,D-ABPA,3c4a01,382,2179502.564944413,5705.504096713124,17931328.133490577,214179752.70558187,published_typical_specs_fallback
46,B789,Lufthansa,Germany,Active,2025-01-01,,,,,,,,296.0,Long-haul,14010.0,1.0,Frankfurt,kerosene_long,0.0,0.0,0,0.15,ambiguity_aware_utility,ambiguity_averse,D-ABPB,3c4a02,390,1751048.524204493,4489.868010780751,14532553.561520984,173583278.65150064,published_typical_specs_fallback
47,B789,Lufthansa,Germany,Active,2025-01-01,,,,,,,,296.0,Long-haul,14010.0,1.0,Frankfurt,kerosene_long,0.0,0.0,0,0.15,ambiguity_aware_utility,ambiguity_averse,D-ABPC,3c4a03,347,1882908.8506497385,5426.2502900568825,15489555.084698187,185014130.17833948,published_typical_specs_fallback
48,B789,Lufthansa,Germany,Active,2025-01-01,,,,,,,,296.0,Long-haul,14010.0,1.0,Frankfurt,kerosene_long,0.0,0.0,0,0.15,ambiguity_aware_utility,ambiguity_averse,D-ABPD,3c4a04,356,1858492.765331745,5220.485295875688,15314862.780272253,182927527.6532519,published_typical_specs_fallback
49,B789,Lufthansa,Germany,Active,2024-01-01,,,,,,,,296.0,Long-haul,14010.0,2.0,Frankfurt,kerosene_long,0.0,0.0,0,0.15,ambiguity_aware_utility,ambiguity_averse,D-ABPF,3c4a06,247,1527996.560108331,6186.220891126846,12365971.36980371,147704658.02821097,published_typical_specs_fallback
50,B789,Lufthansa,Germany,Active,2024-01-01,,,,,,,,296.0,Long-haul,14010.0,2.0,Frankfurt,kerosene_long,0.0,0.0,0,0.15,ambiguity_aware_utility,ambiguity_averse,D-ABPG,3c4a07,37,247467.60357741264,6688.313610200342,2019246.4286753773,24118776.786955897,published_typical_specs_fallback
51,B789,Lufthansa,Germany,Active,2025-01-01,,,,,,,,296.0,Long-haul,14010.0,1.0,Frankfurt,kerosene_long,0.0,0.0,0,0.15,ambiguity_aware_utility,ambiguity_averse,D-ABPI,3c4a09,101,762108.6065115492,7545.629767441082,6153547.419330181,73500705.28644383,published_typical_specs_fallback
52,B789,Lufthansa,Germany,Active,2025-01-01,,,,,,,,296.0,Medium-haul,14010.0,1.0,Frankfurt,kerosene_medium,0.0,0.0,0,0.15,ambiguity_aware_utility,ambiguity_averse,D-ABPJ,3c4a0a,1,1804.215169380476,1804.215169380476,17014.008681572606,203222.88147433943,published_typical_specs_fallback
53,B789,Lufthansa,Germany,Active,2024-01-01,,,,,,,,296.0,Long-haul,14010.0,2.0,Frankfurt,kerosene_long,0.0,0.0,0,0.15,ambiguity_aware_utility,ambiguity_averse,D-ABPL,3c4a0c,111,830352.1659768826,7480.650143935879,6700508.330043665,80033849.49774379,published_typical_specs_fallback
54,B789,Lufthansa,Germany,Active,2024-01-01,,,,,,,,296.0,Long-haul,14010.0,2.0,Frankfurt,kerosene_long,0.0,0.0,0,0.15,ambiguity_aware_utility,ambiguity_averse,D-ABPM,3c4a0d,164,964734.6757310744,5882.528510555332,7836137.175123619,93598305.1473099,published_typical_specs_fallback
55,B789,Lufthansa,Germany,Active,2025-01-01,,,,,,,,296.0,Long-haul,14010.0,1.0,Frankfurt,kerosene_long,0.0,0.0,0,0.15,ambiguity_aware_utility,ambiguity_averse,D-ABPO,3c4a0f,93,659031.9187082639,7086.3647172931605,5320479.17453952,63550167.91811092,published_typical_specs_fallback
56,B789,Lufthansa,Germany,Active,2025-01-01,,,,,,,,296.0,Long-haul,14010.0,1.0,Frankfurt,kerosene_long,0.0,0.0,0,0.15,ambiguity_aware_utility,ambiguity_averse,D-ABPP,3c4a10,186,1109028.6244532445,5962.519486307765,9019219.325892271,107729564.17037994,published_typical_specs_fallback
57,B789,Lufthansa,Germany,Active,2025-01-01,,,,,,,,296.0,Long-haul,14010.0,1.0,Frankfurt,kerosene_long,0.0,0.0,0,0.15,ambiguity_aware_utility,ambiguity_averse,D-ABPQ,3c4a11,78,415252.7485554296,5323.753186608073,3407146.409799904,40696471.005943306,published_typical_specs_fallback
58,B789,Lufthansa,Germany,Active,2025-01-01,,,,,,,,296.0,Long-haul,14010.0,1.0,Frankfurt,kerosene_long,0.0,0.0,0,0.15,ambiguity_aware_utility,ambiguity_averse,D-ABPR,3c4a12,233,1351051.1531341062,5798.50280315067,10934547.004851006,130607089.22460929,published_typical_specs_fallback
59,B789,Lufthansa,Germany,Active,2025-01-01,,,,,,,,296.0,Long-haul,14010.0,1.0,Frankfurt,kerosene_long,0.0,0.0,0,0.15,ambiguity_aware_utility,ambiguity_averse,D-ABPS,3c4a13,226,1566075.0146781446,6929.535463177631,12605245.664564716,150562656.54896742,published_typical_specs_fallback
60,B789,Lufthansa,Germany,Active,2025-01-01,,,,,,,,296.0,Long-haul,14010.0,1.0,Frankfurt,kerosene_long,0.0,0.0,0,0.15,ambiguity_aware_utility,ambiguity_averse,D-ABPT,3c4a14,216,1257027.5003017175,5819.5717606561,10221633.060502144,122091728.2226645,published_typical_specs_fallback
61,B789,Lufthansa,Germany,Active,2025-01-01,,,,,,,,296.0,Long-haul,14010.0,1.0,Frankfurt,kerosene_long,0.0,0.0,0,0.15,ambiguity_aware_utility,ambiguity_averse,D-ABPU,3c4a15,182,1077138.5440338338,5918.343648537549,8751908.450029833,104536684.26424524,published_typical_specs_fallback
62,B744,Lufthansa,Germany,Active,2001-12-01,United States,2001-12-01,2001-12-01,4.0,General Electric,CF6-80,Pax,371.0,Long-haul,13500.0,21.1,Frankfurt,kerosene_long,0.0,0.0,0,0.15,ambiguity_aware_utility,ambiguity_averse,D-ABTK,3c4a8b,182,1416164.5094714006,7781.123678414289,20292900.962890603,242387428.16786,bulk_matched
63,B744,Lufthansa,Germany,Active,2002-02-01,United States,2002-03-01,2002-03-01,4.0,General Electric,CF6-80,Pax,371.0,Long-haul,13500.0,20.9,Frankfurt,kerosene_long,0.0,0.0,0,0.15,ambiguity_aware_utility,ambiguity_averse,D-ABTL,3c4a8c,206,1570341.6276540416,7623.017609971076,22704600.566273205,271193840.0971521,bulk_matched
64,B744,Lufthansa,Germany,Active,1998-01-01,United States,1998-02-01,1998-02-01,4.0,General Electric,CF6-80,Pax,371.0,Long-haul,13500.0,25.0,Frankfurt,kerosene_long,0.0,0.0,0,0.15,ambiguity_aware_utility,ambiguity_averse,D-ABVM,3c4acd,204,1540867.6073291807,7553.272584946964,22124813.773695912,264268608.9635901,bulk_matched
65,B744,Lufthansa,Germany,Active,1998-12-01,United States,1998-12-01,1998-12-01,4.0,General Electric,CF6-80,Pax,371.0,Long-haul,13500.0,24.1,Frankfurt,kerosene_long,0.0,0.0,0,0.15,ambiguity_aware_utility,ambiguity_averse,D-ABVU,3c4ad5,229,1737849.423647114,7588.862111996132,24988769.72881827,298476971.7608849,bulk_matched
66,B744,Lufthansa,Germany,Parked,1999-03-01,United States,1999-03-01,1999-03-01,4.0,General Electric,CF6-80,Pax,371.0,Long-haul,13500.0,23.9,Frankfurt,kerosene_long,0.0,0.0,0,0.15,ambiguity_aware_utility,ambiguity_averse,D-ABVW,3c4ad7,200,1507803.230024753,7539.016150123764,21808313.323720787,260488186.92222047,bulk_matched
67,B744,Lufthansa,Germany,Active,1999-12-01,United States,1999-12-01,1999-12-01,4.0,General Electric,CF6-80,Pax,371.0,Long-haul,13500.0,23.1,Frankfurt,kerosene_long,0.0,0.0,0,0.15,ambiguity_aware_utility,ambiguity_averse,D-ABVX,3c4ad8,169,1291251.8735799764,7640.543630650748,18535334.82737606,221394277.10476965,bulk_matched
68,B744,Lufthansa,Germany,Active,2000-12-01,United States,2000-12-01,2000-12-01,4.0,General Electric,CF6-80,Pax,371.0,Long-haul,13500.0,22.1,Frankfurt,kerosene_long,0.0,0.0,0,0.15,ambiguity_aware_utility,ambiguity_averse,D-ABVY,3c4ad9,217,1603301.726584738,7388.487219284506,23297984.04863149,278281476.13643163,bulk_matched
69,B744,Lufthansa,Germany,Active,2001-01-01,United States,2001-02-01,2001-02-01,4.0,General Electric,CF6-80,Pax,371.0,Long-haul,13500.0,22.0,Frankfurt,kerosene_long,0.0,0.0,0,0.15,ambiguity_aware_utility,ambiguity_averse,D-ABVZ,3c4ada,192,1459901.7836370398,7603.655123109583,21132069.19026446,252410826.4392699,bulk_matched
70,B748,Lufthansa,Germany,Active,2012-02-01,United States,2012-04-01,2012-04-01,4.0,GE-Aviation,GEnx,Pax,364.0,Long-haul,14320.0,11.0,Frankfurt,kerosene_long,0.0,0.0,0,0.15,ambiguity_aware_utility,ambiguity_averse,D-ABYA,3c4b21,230,1865517.0804927973,8110.943828229554,26734400.077891823,319327556.48593014,bulk_matched
71,B748,Lufthansa,Germany,Active,2012-06-01,United States,2012-06-01,2012-06-01,4.0,GE-Aviation,GEnx,Pax,364.0,Long-haul,14320.0,10.6,Frankfurt,kerosene_long,0.0,0.0,0,0.15,ambiguity_aware_utility,ambiguity_averse,D-ABYC,3c4b23,280,2271613.8096779007,8112.906463135359,32656897.78719516,390068501.3470533,bulk_matched
72,B748,Lufthansa,Germany,Active,2012-09-01,United States,2012-10-01,2012-10-01,4.0,GE-Aviation,GEnx,Pax,364.0,Long-haul,14320.0,10.3,Frankfurt,kerosene_long,0.0,0.0,0,0.15,ambiguity_aware_utility,ambiguity_averse,D-ABYF,3c4b26,288,2393519.748915184,8310.832461511054,34281338.56217812,409471543.9371275,bulk_matched
73,B748,Lufthansa,Germany,Active,2017-01-01,,,,,,,,364.0,Long-haul,14320.0,8.850000000000001,Frankfurt,kerosene_long,0.0,0.0,0,0.15,ambiguity_aware_utility,ambiguity_averse,D-ABYG,3c4b27,274,2304214.456262134,8409.541811175672,32947905.010833222,393544420.96273017,type_median_fallback
74,B748,Lufthansa,Germany,Active,2017-01-01,,,,,,,,364.0,Long-haul,14320.0,8.850000000000001,Frankfurt,kerosene_long,0.0,0.0,0,0.15,ambiguity_aware_utility,ambiguity_averse,D-ABYH,3c4b28,294,2419897.031247552,8230.942283154938,34695702.02921164,414420885.3489168,type_median_fallback
75,B748,Lufthansa,Germany,Active,2013-05-01,United States,2013-05-01,2013-05-01,4.0,GE-Aviation,GEnx,Pax,364.0,Long-haul,14320.0,9.7,Frankfurt,kerosene_long,0.0,0.0,0,0.15,ambiguity_aware_utility,ambiguity_averse,D-ABYI,3c4b29,216,1757792.371406463,8137.927645400291,25243591.4291014,301520675.4031556,bulk_matched
76,B748,Lufthansa,Germany,Active,2013-06-01,United States,2013-06-01,2013-06-01,4.0,GE-Aviation,GEnx,Pax,364.0,Long-haul,14320.0,9.6,Frankfurt,kerosene_long,0.0,0.0,0,0.15,ambiguity_aware_utility,ambiguity_averse,D-ABYJ,3c4b2a,280,2279005.574274589,8139.305622409246,32735058.928685177,391002092.7592951,bulk_matched
77,B748,Lufthansa,Germany,Active,2013-07-01,United States,2013-08-01,2013-08-01,4.0,GE-Aviation,GEnx,Pax,364.0,Long-haul,14320.0,9.5,Frankfurt,kerosene_long,0.0,0.0,0,0.15,ambiguity_aware_utility,ambiguity_averse,D-ABYK,3c4b2b,311,2505712.9158393284,8056.954713309738,36045748.342106655,430546438.5307183,bulk_matched
78,B748,Lufthansa,Germany,Active,2017-01-01,,,,,,,,364.0,Long-haul,14320.0,8.850000000000001,Frankfurt,kerosene_long,0.0,0.0,0,0.15,ambiguity_aware_utility,ambiguity_averse,D-ABYL,3c4b2c,246,2109015.1572830924,8573.232346679237,29496632.604221057,352320889.4393071,type_median_fallback
79,B748,Lufthansa,Germany,Active,2017-01-01,,,,,,,,364.0,Long-haul,14320.0,8.850000000000001,Frankfurt,kerosene_long,0.0,0.0,0,0.15,ambiguity_aware_utility,ambiguity_averse,D-ABYM,3c4b2d,228,2010259.408792868,8816.927231547666,27991697.625816487,334345277.1972524,type_median_fallback
80,B748,Lufthansa,Germany,Active,2014-03-01,United States,2014-03-01,2014-03-01,4.0,GE-Aviation,GEnx,Pax,364.0,Long-haul,14320.0,8.9,Frankfurt,kerosene_long,0.0,0.0,0,0.15,ambiguity_aware_utility,ambiguity_averse,D-ABYN,3c4b2e,214,1908957.3261508185,8920.361337153356,26548113.91477533,317102471.7598164,bulk_matched
81,B748,Lufthansa,Germany,Active,2014-04-01,United States,2014-04-01,2014-04-01,4.0,GE-Aviation,GEnx,Pax,364.0,Long-haul,14320.0,8.8,Frankfurt,kerosene_long,0.0,0.0,0,0.15,ambiguity_aware_utility,ambiguity_averse,D-ABYO,3c4b2f,227,2004947.1156716533,8832.366148333274,27960972.56950202,333978283.4690519,bulk_matched
82,B748,Lufthansa,Germany,Active,2014-05-01,United States,2014-06-01,2014-06-01,4.0,GE-Aviation,GEnx,Pax,364.0,Long-haul,14320.0,8.7,Frankfurt,kerosene_long,0.0,0.0,0,0.15,ambiguity_aware_utility,ambiguity_averse,D-ABYP,3c4b30,221,1934924.9196859903,8755.31637866964,27116494.521226343,323891462.3368702,bulk_matched
83,B748,Lufthansa,Germany,Active,2014-07-01,United States,2014-08-01,2014-08-01,4.0,GE-Aviation,GEnx,Pax,364.0,Long-haul,14320.0,8.5,Frankfurt,kerosene_long,0.0,0.0,0,0.15,ambiguity_aware_utility,ambiguity_averse,D-ABYQ,3c4b31,229,2058837.991904673,8990.558916614293,28425823.989000466,339530675.42417216,bulk_matched
84,B748,Lufthansa,Germany,Active,2014-12-01,United States,2015-01-01,2015-01-01,4.0,GE-Aviation,GEnx,Pax,364.0,Long-haul,14320.0,8.1,Frankfurt,kerosene_long,0.0,0.0,0,0.15,ambiguity_aware_utility,ambiguity_averse,D-ABYR,3c4b32,243,2165768.515075384,8912.627634055078,29861857.82851841,356683301.8406365,bulk_matched
85,B748,Lufthansa,Germany,Parked,2015-01-01,United States,2015-02-01,2015-02-01,4.0,GE-Aviation,GEnx,Pax,364.0,Long-haul,14320.0,8.0,Frankfurt,kerosene_long,0.0,0.0,0,0.15,ambiguity_aware_utility,ambiguity_averse,D-ABYS,3c4b33,230,2064644.4073003205,8976.71481434922,28357572.215513907,338715445.9075271,bulk_matched
86,B748,Lufthansa,Germany,Active,2015-02-01,United States,2015-03-01,2015-03-01,4.0,GE-Aviation,GEnx,Pax,364.0,Long-haul,14320.0,7.9,Frankfurt,kerosene_long,0.0,0.0,0,0.15,ambiguity_aware_utility,ambiguity_averse,D-ABYT,3c4b34,258,2197335.1253806874,8516.802811553052,30711615.682390094,366833187.3174372,bulk_matched
87,B748,Lufthansa,Germany,Active,2015-03-01,United States,2015-04-01,2015-04-01,4.0,GE-Aviation,GEnx,Pax,364.0,Long-haul,14320.0,7.9,Frankfurt,kerosene_long,0.0,0.0,0,0.15,ambiguity_aware_utility,ambiguity_averse,D-ABYU,3c4b35,248,2135742.35977856,8611.864353945806,29741902.283959992,355250499.5028554,bulk_matched
88,A320,Eurowings,Germany,Active,2016-01-01,,,,,,,,168.0,Short-haul,6100.0,10.25,Dusseldorf,kerosene_short,0.0,0.0,0,0.15,ambiguity_aware_utility,ambiguity_averse,D-ABZE,3c4b45,984,957814.8706874544,973.389096227088,3943530.446646438,47103280.33494356,type_median_fallback
89,A320,Eurowings,Germany,Active,2016-01-01,,,,,,,,168.0,Short-haul,6100.0,10.25,Dusseldorf,kerosene_short,0.0,0.0,0,0.15,ambiguity_aware_utility,ambiguity_averse,D-ABZI,3c4b49,1263,1250764.671191089,990.312487087165,5135785.558392362,61344105.280797645,type_median_fallback
90,A320,Eurowings,Germany,Active,2016-01-01,,,,,,,,168.0,Short-haul,6100.0,10.25,Dusseldorf,kerosene_short,0.0,0.0,0,0.15,ambiguity_aware_utility,ambiguity_averse,D-ABZK,3c4b4b,1383,1295854.7726131962,936.9882665315952,5383379.0644542575,64301472.15875919,type_median_fallback
91,A320,Eurowings,Germany,Active,2016-01-01,,,,,,,,168.0,Short-haul,6100.0,10.25,Dusseldorf,kerosene_short,0.0,0.0,0,0.15,ambiguity_aware_utility,ambiguity_averse,D-ABZL,3c4b4c,1484,1503735.337248163,1013.2987447763902,6143336.920289212,73378746.54789892,type_median_fallback
92,A320,Eurowings,Germany,Active,2016-01-01,,,,,,,,168.0,Short-haul,6100.0,10.25,Dusseldorf,kerosene_short,0.0,0.0,0,0.15,ambiguity_aware_utility,ambiguity_averse,D-ABZN,3c4b4e,1351,1328445.4339785017,983.3052805170256,5463613.248245353,65259824.90959728,type_median_fallback
93,E190,German Airways,Germany,Active,2011-01-01,,,,,,,,100.0,Short-haul,4537.0,14.6,Munich,kerosene_short,0.0,0.0,0,0.15,ambiguity_aware_utility,ambiguity_averse,D-ACJJ,3c4d4a,915,424065.5892621421,463.4596603957837,1589301.614123718,18983324.83536664,type_median_fallback
114,A21N,Eurowings,Germany,Active,2023-01-01,,,,,,,,215.0,Medium-haul,7400.0,3.0,Dusseldorf,kerosene_medium,0.0,0.0,0,0.15,ambiguity_aware_utility,ambiguity_averse,D-AEEA,3c54a1,939,1474133.572652956,1569.8973084696015,4763120.70004065,56892830.58381888,type_median_fallback
115,A21N,Eurowings,Germany,Active,2023-01-01,,,,,,,,215.0,Medium-haul,7400.0,3.0,Dusseldorf,kerosene_medium,0.0,0.0,0,0.15,ambiguity_aware_utility,ambiguity_averse,D-AEEB,3c54a2,845,1327015.2215971542,1570.4322149078748,4290308.574448849,51245352.41702792,type_median_fallback
116,A21N,Eurowings,Germany,Active,2023-01-01,,,,,,,,215.0,Medium-haul,7400.0,3.0,Dusseldorf,kerosene_medium,0.0,0.0,0,0.15,ambiguity_aware_utility,ambiguity_averse,D-AEEC,3c54a3,858,1364291.5061111508,1590.0833404558869,4407623.148551078,52646609.82991566,type_median_fallback
117,A21N,Eurowings,Germany,Active,2023-01-01,,,,,,,,215.0,Medium-haul,7400.0,3.0,Dusseldorf,kerosene_medium,0.0,0.0,0,0.15,ambiguity_aware_utility,ambiguity_averse,D-AEED,3c54a4,802,1284313.4425862574,1601.3883324018173,4146939.35190254,49532886.70328034,type_median_fallback
118,A21N,Eurowings,Germany,Active,2024-01-01,,,,,,,,215.0,Medium-haul,7400.0,2.0,Dusseldorf,kerosene_medium,0.0,0.0,0,0.15,ambiguity_aware_utility,ambiguity_averse,D-AEEE,3c54a5,844,1306721.2894864948,1548.2479733252308,4218212.395539625,50384203.61338994,type_median_fallback
119,A20N,Eurowings,Germany,Active,2022-03-01,France,2022-03-01,2022-03-01,2.0,CFM International,LEAP,Pax,180.0,Medium-haul,6300.0,0.9,Dusseldorf,kerosene_short,0.0,0.0,0,0.15,ambiguity_aware_utility,ambiguity_averse,D-AENA,3c55c1,1027,1247326.2505658849,1214.5338369677554,2953623.464512828,35279391.381680995,bulk_matched
120,A20N,Eurowings,Germany,Active,2023-01-01,,,,,,,,180.0,Short-haul,6300.0,2.6,Dusseldorf,kerosene_short,0.0,0.0,0,0.15,ambiguity_aware_utility,ambiguity_averse,D-AENB,3c55c2,761,724829.0115493484,952.4691347560424,1808692.424449324,21603826.18092248,type_median_fallback
121,A20N,Eurowings,Germany,Active,2022-05-01,France,2022-06-01,2022-06-01,2.0,CFM International,LEAP,Pax,180.0,Medium-haul,6300.0,0.7,Dusseldorf,kerosene_short,0.0,0.0,0,0.15,ambiguity_aware_utility,ambiguity_averse,D-AENC,3c55c3,982,1124480.212981934,1145.0918665803808,2698933.943306408,32237266.54504877,bulk_matched
122,A20N,Eurowings,Germany,Active,2023-01-01,,,,,,,,180.0,Short-haul,6300.0,2.6,Dusseldorf,kerosene_short,0.0,0.0,0,0.15,ambiguity_aware_utility,ambiguity_averse,D-AENE,3c55c5,971,1229233.441080467,1265.9458713496056,2879823.1318963272,34397887.40876169,type_median_fallback
123,A20N,Eurowings,Germany,Active,2022-07-01,France,2022-08-01,2022-08-01,2.0,CFM International,LEAP,Pax,180.0,Medium-haul,6300.0,0.5,Dusseldorf,kerosene_short,0.0,0.0,0,0.15,ambiguity_aware_utility,ambiguity_averse,D-AENF,3c55c6,1014,1156123.5855868738,1140.1613270087512,2773560.243344726,33128636.239950888,bulk_matched
124,A20N,Eurowings,Germany,Active,2022-08-01,France,2022-09-01,2022-09-01,2.0,CFM International,LEAP,Pax,180.0,Medium-haul,6300.0,0.4,Dusseldorf,kerosene_short,0.0,0.0,0,0.15,ambiguity_aware_utility,ambiguity_averse,D-AENG,3c55c7,1034,1132072.1622270732,1094.8473522505544,2742948.155111001,32762991.85271473,bulk_matched
125,A20N,Eurowings,Germany,Active,2023-01-01,,,,,,,,180.0,Short-haul,6300.0,2.6,Dusseldorf,kerosene_short,0.0,0.0,0,0.15,ambiguity_aware_utility,ambiguity_averse,D-AENH,3c55c8,1086,1466369.620468534,1350.2482693080424,3396221.869820897,40565983.44508293,type_median_fallback
126,A20N,Eurowings,Germany,Active,2024-01-01,,,,,,,,180.0,Short-haul,6300.0,2.0,Dusseldorf,kerosene_short,0.0,0.0,0,0.15,ambiguity_aware_utility,ambiguity_averse,D-AENI,3c55c9,981,1310462.4889465384,1335.8435157457068,3040953.6117141563,36322501.47325242,type_median_fallback
129,A320,Eurowings,Germany,Active,2016-01-01,,,,,,,,168.0,Short-haul,6100.0,10.25,Dusseldorf,kerosene_short,0.0,0.0,0,0.15,ambiguity_aware_utility,ambiguity_averse,D-AEWJ,3c56ea,1038,1088323.94777391,1048.4816452542486,4409754.140631092,52672063.34642693,type_median_fallback
130,A320,Eurowings,Germany,Active,2016-07-01,Germany,2016-07-01,2016-07-01,2.0,CFM International,CFM56-5,Pax,180.0,Medium-haul,6100.0,6.5,Dusseldorf,kerosene_short,0.0,0.0,0,0.15,ambiguity_aware_utility,ambiguity_averse,D-AEWK,3c56eb,1095,1240740.1584735978,1133.0960351357055,4951068.852418784,59137766.84833548,bulk_matched
131,A320,Eurowings,Germany,Active,2016-07-01,Germany,2016-08-01,2016-08-01,2.0,CFM International,CFM56-5,Pax,180.0,Medium-haul,6100.0,6.5,Dusseldorf,kerosene_short,0.0,0.0,0,0.15,ambiguity_aware_utility,ambiguity_averse,D-AEWL,3c56ec,1080,1164314.6005949995,1078.0690746249998,4688022.744995043,55995827.23188524,bulk_matched
132,A320,Eurowings,Germany,Active,2016-01-01,,,,,,,,168.0,Short-haul,6100.0,10.25,Dusseldorf,kerosene_short,0.0,0.0,0,0.15,ambiguity_aware_utility,ambiguity_averse,D-AEWM,3c56ed,1080,1153719.3069091002,1068.258617508426,4648229.963481784,55520524.563810185,type_median_fallback
133,A320,Eurowings,Germany,Active,2016-01-01,,,,,,,,168.0,Short-haul,6100.0,10.25,Dusseldorf,kerosene_short,0.0,0.0,0,0.15,ambiguity_aware_utility,ambiguity_averse,D-AEWN,3c56ee,1092,1139845.3228345728,1043.8143982001582,4617992.201744202,55159351.29861129,type_median_fallback
134,A320,Eurowings,Germany,Active,2016-01-01,,,,,,,,168.0,Short-haul,6100.0,10.25,Dusseldorf,kerosene_short,0.0,0.0,0,0.15,ambiguity_aware_utility,ambiguity_averse,D-AEWO,3c56ef,1030,1166044.9615462618,1132.0824869381183,4651823.579953399,55563448.31611004,type_median_fallback
135,A320,Eurowings,Germany,Active,2016-01-01,,,,,,,,168.0,Short-haul,6100.0,10.25,Dusseldorf,kerosene_short,0.0,0.0,0,0.15,ambiguity_aware_utility,ambiguity_averse,D-AEWP,3c56f0,1046,1143986.1364498488,1093.676994693928,4594101.263660178,54873987.31594103,type_median_fallback
136,A320,Eurowings,Germany,Active,2016-01-01,,,,,,,,168.0,Short-haul,6100.0,10.25,Dusseldorf,kerosene_short,0.0,0.0,0,0.15,ambiguity_aware_utility,ambiguity_averse,D-AEWQ,3c56f1,1105,1264924.235200889,1144.727814661438,5039997.736605254,60199972.9650072,type_median_fallback
137,A320,Eurowings,Germany,Active,2016-01-01,,,,,,,,168.0,Short-haul,6100.0,10.25,Dusseldorf,kerosene_short,0.0,0.0,0,0.15,ambiguity_aware_utility,ambiguity_averse,D-AEWR,3c56f2,1036,1189790.1976865774,1148.4461367631056,4737082.144509744,56581814.50386639,type_median_fallback
138,A320,Eurowings,Germany,Active,2016-11-01,Germany,2016-12-01,2016-12-01,2.0,CFM International,CFM56-5,Pax,180.0,Medium-haul,6100.0,6.1,Dusseldorf,kerosene_short,0.0,0.0,0,0.15,ambiguity_aware_utility,ambiguity_averse,D-AEWS,3c56f3,1024,1136884.8649261522,1110.2391259044457,4554067.614317002,54395807.61545308,bulk_matched
139,A320,Eurowings,Germany,Active,2016-01-01,,,,,,,,168.0,Short-haul,6100.0,10.25,Dusseldorf,kerosene_short,0.0,0.0,0,0.15,ambiguity_aware_utility,ambiguity_averse,D-AEWT,3c56f4,1038,1223331.405985379,1178.546633897282,4845095.588290973,57871975.0823644,type_median_fallback
140,A320,Eurowings,Germany,Active,2016-01-01,,,,,,,,168.0,Short-haul,6100.0,10.25,Dusseldorf,kerosene_short,0.0,0.0,0,0.15,ambiguity_aware_utility,ambiguity_averse,D-AEWU,3c56f5,994,1154660.5799653332,1161.630362138162,4590475.940613981,54830684.84622255,type_median_fallback
141,A320,Eurowings,Germany,Active,2016-01-01,,,,,,,,168.0,Short-haul,6100.0,10.25,Dusseldorf,kerosene_short,0.0,0.0,0,0.15,ambiguity_aware_utility,ambiguity_averse,D-AEWV,3c56f6,1109,1198612.6730437074,1080.804935116057,4825252.688677906,57634962.67031944,type_median_fallback
142,A320,Eurowings,Germany,Active,2016-01-01,,,,,,,,168.0,Short-haul,6100.0,10.25,Dusseldorf,kerosene_short,0.0,0.0,0,0.15,ambiguity_aware_utility,ambiguity_averse,D-AEWW,3c56f7,1011,1225642.9376562026,1212.3075545560855,4830102.906592744,57692895.82874666,type_median_fallback
143,A333,Eurowings Discover,Germany,Active,2013-01-01,,,,,,,,127.5,Long-haul,11750.0,12.8,Frankfurt,kerosene_long,0.0,0.0,0,0.15,ambiguity_aware_utility,ambiguity_averse,D-AFYQ,3c5b31,272,1989310.9285761493,7313.643119765255,13662092.673824675,163186106.93735027,type_median_fallback
144,A333,Eurowings Discover,Germany,Active,2013-01-01,,,,,,,,127.5,Long-haul,11750.0,12.8,Frankfurt,kerosene_long,0.0,0.0,0,0.15,ambiguity_aware_utility,ambiguity_averse,D-AFYR,3c5b32,201,1495422.3354813224,7439.912116822499,10254136.294180892,122479961.29160511,type_median_fallback
145,E190,German Airways,Germany,Parked,2009-11-01,Brazil,2009-11-01,2022-04-01,2.0,GE-Aviation,CF34,,100.0,Medium-haul,4537.0,13.2,Munich,kerosene_short,0.0,0.0,0,0.15,ambiguity_aware_utility,ambiguity_averse,D-AGMP,3c5db0,1621,827607.5911581723,510.5537268094832,3086883.4082328063,36871107.37611407,bulk_matched
146,A319,Eurowings,Germany,Active,2001-01-01,,,,,,,,138.0,Short-haul,6950.0,25.450000000000003,Dusseldorf,kerosene_short,0.0,0.0,0,0.15,ambiguity_aware_utility,ambiguity_averse,D-AGWA,3c5ee1,1602,1429012.5877796998,892.0178450559924,5597756.533048876,66862091.92252824,type_median_fallback
147,A319,Eurowings,Germany,Active,2001-01-01,,,,,,,,138.0,Short-haul,6950.0,25.450000000000003,Dusseldorf,kerosene_short,0.0,0.0,0,0.15,ambiguity_aware_utility,ambiguity_averse,D-AGWB,3c5ee2,1395,1173487.0998755794,841.2093905918132,4648467.570013272,55523362.641825184,type_median_fallback
148,A319,Eurowings,Germany,Active,2001-01-01,,,,,,,,138.0,Short-haul,6950.0,25.450000000000003,Dusseldorf,kerosene_short,0.0,0.0,0,0.15,ambiguity_aware_utility,ambiguity_averse,D-AGWC,3c5ee3,1600,1336081.8166176598,835.0511353860373,5303414.011647705,63346334.02801426,type_median_fallback
149,A319,Eurowings,Germany,Active,2001-01-01,,,,,,,,138.0,Short-haul,6950.0,25.450000000000003,Dusseldorf,kerosene_short,0.0,0.0,0,0.15,ambiguity_aware_utility,ambiguity_averse,D-AGWD,3c5ee4,1463,1257988.376075442,859.8690198738495,4968812.846253775,59349708.99692008,type_median_fallback
150,A319,Eurowings,Germany,Active,2001-01-01,,,,,,,,138.0,Short-haul,6950.0,25.450000000000003,Dusseldorf,kerosene_short,0.0,0.0,0,0.15,ambiguity_aware_utility,ambiguity_averse,D-AGWE,3c5ee5,1423,1303476.361164941,916.0058757308088,5075228.385409569,60620783.49239208,type_median_fallback
151,A319,Eurowings,Germany,Active,2001-01-01,,,,,,,,138.0,Short-haul,6950.0,25.450000000000003,Dusseldorf,kerosene_short,0.0,0.0,0,0.15,ambiguity_aware_utility,ambiguity_averse,D-AGWF,3c5ee6,1432,1265391.381840085,883.6531996089976,4960643.956101266,59252136.14232068,type_median_fallback
152,A319,Eurowings,Germany,Active,2001-01-01,,,,,,,,138.0,Short-haul,6950.0,25.450000000000003,Dusseldorf,kerosene_short,0.0,0.0,0,0.15,ambiguity_aware_utility,ambiguity_averse,D-AGWG,3c5ee7,1461,1318579.6187851485,902.5185617968162,5142009.819293833,61418450.61934301,type_median_fallback
153,A319,Eurowings,Germany,Active,2001-01-01,,,,,,,,138.0,Short-haul,6950.0,25.450000000000003,Dusseldorf,kerosene_short,0.0,0.0,0,0.15,ambiguity_aware_utility,ambiguity_averse,D-AGWH,3c5ee8,1548,1421490.3149724945,918.2753972690532,5526405.647791253,66009845.23750664,type_median_fallback
154,A319,Eurowings,Germany,Active,2001-01-01,,,,,,,,138.0,Short-haul,6950.0,25.450000000000003,Dusseldorf,kerosene_short,0.0,0.0,0,0.15,ambiguity_aware_utility,ambiguity_averse,D-AGWI,3c5ee9,1257,1102807.726301783,877.3331155940995,4331048.900597783,51731972.97936241,type_median_fallback
155,A319,Eurowings,Germany,Active,2001-01-01,,,,,,,,138.0,Short-haul,6950.0,25.450000000000003,Dusseldorf,kerosene_short,0.0,0.0,0,0.15,ambiguity_aware_utility,ambiguity_averse,D-AGWJ,3c5eea,1281,1103496.2770739244,861.4334715643438,4344207.852101356,51889149.34454398,type_median_fallback
156,A319,Eurowings,Germany,Active,2001-01-01,,,,,,,,138.0,Short-haul,6950.0,25.450000000000003,Dusseldorf,kerosene_short,0.0,0.0,0,0.15,ambiguity_aware_utility,ambiguity_averse,D-AGWK,3c5eeb,1395,1188774.3433116255,852.1679880370076,4702105.617004442,56164039.31421973,type_median_fallback
157,A319,Eurowings,Germany,Active,2001-01-01,,,,,,,,138.0,Short-haul,6950.0,25.450000000000003,Dusseldorf,kerosene_short,0.0,0.0,0,0.15,ambiguity_aware_utility,ambiguity_averse,D-AGWL,3c5eec,1389,1253562.4869213423,902.4927911600736,4893590.401152236,58451218.68042948,type_median_fallback
158,A319,Eurowings,Germany,Active,2001-01-01,,,,,,,,138.0,Short-haul,6950.0,25.450000000000003,Dusseldorf,kerosene_short,0.0,0.0,0,0.15,ambiguity_aware_utility,ambiguity_averse,D-AGWM,3c5eed,1518,1317968.4630663765,868.2269190160581,5192501.302767815,62021543.33861557,type_median_fallback
159,A319,Eurowings,Germany,Active,2001-01-01,,,,,,,,138.0,Short-haul,6950.0,25.450000000000003,Dusseldorf,kerosene_short,0.0,0.0,0,0.15,ambiguity_aware_utility,ambiguity_averse,D-AGWN,3c5eee,1550,1411034.9269912045,910.3451141878736,5494544.546952469,65629282.08859894,type_median_fallback
160,A319,Eurowings,Germany,Active,2001-01-01,,,,,,,,138.0,Short-haul,6950.0,25.450000000000003,Dusseldorf,kerosene_short,0.0,0.0,0,0.15,ambiguity_aware_utility,ambiguity_averse,D-AGWO,3c5eef,1408,1268515.5382495602,900.9343311431536,4961131.5330889085,59257959.97856197,type_median_fallback
161,A319,Eurowings,Germany,Active,2001-01-01,,,,,,,,138.0,Short-haul,6950.0,25.450000000000003,Dusseldorf,kerosene_short,0.0,0.0,0,0.15,ambiguity_aware_utility,ambiguity_averse,D-AGWP,3c5ef0,1591,1407680.7402891295,884.7773351911562,5517059.895464788,65898215.418051645,type_median_fallback
162,A319,Eurowings,Germany,Active,2001-01-01,,,,,,,,138.0,Short-haul,6950.0,25.450000000000003,Dusseldorf,kerosene_short,0.0,0.0,0,0.15,ambiguity_aware_utility,ambiguity_averse,D-AGWR,3c5ef2,1586,1446752.4176724595,912.2020287972632,5633642.08230699,67290724.87200017,type_median_fallback
163,A319,Eurowings,Germany,Active,2001-01-01,,,,,,,,138.0,Short-haul,6950.0,25.450000000000003,Dusseldorf,kerosene_short,0.0,0.0,0,0.15,ambiguity_aware_utility,ambiguity_averse,D-AGWU,3c5ef5,1732,1490683.5334945223,860.6717860822877,5881403.437128698,70250096.61014834,type_median_fallback
164,A319,Eurowings,Germany,Active,2001-01-01,,,,,,,,138.0,Short-haul,6950.0,25.450000000000003,Dusseldorf,kerosene_short,0.0,0.0,0,0.15,ambiguity_aware_utility,ambiguity_averse,D-AGWV,3c5ef6,1607,1496131.7121664016,931.0091550506544,5796168.276775021,69232009.97259055,type_median_fallback
165,A319,Eurowings,Germany,Active,2001-01-01,,,,,,,,138.0,Short-haul,6950.0,25.450000000000003,Dusseldorf,kerosene_short,0.0,0.0,0,0.15,ambiguity_aware_utility,ambiguity_averse,D-AGWX,3c5ef8,1628,1410349.5430402623,866.3080731205544,5558843.543639382,66397297.882359296,type_median_fallback
166,B738,TUIfly,Germany,Active,2008-12-01,United States,2008-12-01,2017-04-01,2.0,CFM International,CFM56-7,Pax,189.0,Medium-haul,5665.0,14.1,Hannover,kerosene_medium,0.0,0.0,0,0.15,ambiguity_aware_utility,ambiguity_averse,D-AHLK,3c618b,448,845401.9848241415,1887.0580018396013,3080269.477580262,36792107.64887535,bulk_matched
167,A321,Condor,Germany,Active,2012-01-01,,,,,,,,205.0,Short-haul,5950.0,14.4,Frankfurt,kerosene_short,0.0,0.0,0,0.15,ambiguity_aware_utility,ambiguity_averse,D-AIAA,3c6421,561,675769.2255448736,1204.579724678919,3082771.830199648,36821996.86071802,type_median_fallback
168,A321,Condor,Germany,Active,2014-03-01,Germany,2014-04-01,2014-04-01,2.0,CFM International,CFM56-5,Pax,220.0,Medium-haul,5950.0,8.8,Frankfurt,kerosene_short,0.0,0.0,0,0.15,ambiguity_aware_utility,ambiguity_averse,D-AIAD,3c6424,740,812049.3716711072,1097.3640157717666,3774770.734298692,45087539.32634549,bulk_matched
169,A321,Condor,Germany,Active,2015-01-01,Germany,2015-02-01,2015-02-01,2.0,CFM International,CFM56-5,Pax,220.0,Medium-haul,5950.0,8.0,Frankfurt,kerosene_short,0.0,0.0,0,0.15,ambiguity_aware_utility,ambiguity_averse,D-AIAF,3c6426,710,767407.1284329933,1080.8551104690046,3570750.719277713,42650633.59137268,bulk_matched
170,A321,Condor,Germany,Active,2015-05-01,Germany,2015-05-01,2015-05-01,2.0,CFM International,CFM56-5,Pax,220.0,Medium-haul,5950.0,7.7,Frankfurt,kerosene_short,0.0,0.0,0,0.15,ambiguity_aware_utility,ambiguity_averse,D-AIAG,3c6427,760,854268.6250109174,1124.0376644880494,3946199.26119976,47135157.84210824,bulk_matched
171,A321,Condor,Germany,Active,2012-01-01,,,,,,,,205.0,Short-haul,5950.0,14.4,Frankfurt,kerosene_short,0.0,0.0,0,0.15,ambiguity_aware_utility,ambiguity_averse,D-AIAI,3c6429,813,899070.523649617,1105.8678027670564,4170296.177384229,49811871.007644966,type_median_fallback
172,A321,Condor,Germany,Active,2012-01-01,,,,,,,,205.0,Short-haul,5950.0,14.4,Frankfurt,kerosene_short,0.0,0.0,0,0.15,ambiguity_aware_utility,ambiguity_averse,D-AIAS,3c6433,672,675278.9038874983,1004.8793212611582,3186857.6398856426,38065244.0319674,type_median_fallback
173,A319,Lufthansa,Germany,Active,2009-12-01,Germany,2009-12-01,2009-12-01,2.0,CFM International,CFM56-5,Pax,138.0,Medium-haul,6950.0,13.1,Frankfurt,kerosene_short,0.0,0.0,0,0.15,ambiguity_aware_utility,ambiguity_averse,D-AIBA,3c6441,1940,1064704.914409588,548.8169661905092,4602664.135654262,54976266.06475924,bulk_matched
174,A319,Lufthansa,Germany,Active,2010-01-01,Germany,2010-02-01,2010-02-01,2.0,CFM International,CFM56-5,Pax,138.0,Medium-haul,6950.0,13.0,Frankfurt,kerosene_short,0.0,0.0,0,0.15,ambiguity_aware_utility,ambiguity_averse,D-AIBB,3c6442,1891,1073192.561065694,567.5264733292936,4610485.255659272,55069684.99815242,bulk_matched
175,A319,Lufthansa,Germany,Active,2010-05-01,Germany,2010-06-01,2010-06-01,2.0,CFM International,CFM56-5,Pax,138.0,Medium-haul,6950.0,12.6,Frankfurt,kerosene_short,0.0,0.0,0,0.15,ambiguity_aware_utility,ambiguity_averse,D-AIBC,3c6443,1816,1034254.6940427758,569.5235099354492,4428460.832429834,52895504.38735634,bulk_matched
176,A319,Lufthansa,Germany,Active,2010-09-01,Germany,2010-10-01,2010-10-01,2.0,CFM International,CFM56-5,Pax,138.0,Medium-haul,6950.0,12.3,Frankfurt,kerosene_short,0.0,0.0,0,0.15,ambiguity_aware_utility,ambiguity_averse,D-AIBD,3c6444,2026,1117450.653555964,551.5551103435164,4826569.862896111,57650695.58459244,bulk_matched
177,A319,Lufthansa,Germany,Active,2010-11-01,Germany,2010-11-01,2010-11-01,2.0,CFM International,CFM56-5,Pax,138.0,Medium-haul,6950.0,12.2,Frankfurt,kerosene_short,0.0,0.0,0,0.15,ambiguity_aware_utility,ambiguity_averse,D-AIBE,3c6445,1941,1085963.3321026738,559.4865183424389,4662757.239961323,55694044.81064914,bulk_matched
178,A319,Lufthansa,Germany,Active,2011-08-01,Germany,2011-08-01,2011-08-01,2.0,CFM International,CFM56-5,Pax,138.0,Medium-haul,6950.0,11.5,Frankfurt,kerosene_short,0.0,0.0,0,0.15,ambiguity_aware_utility,ambiguity_averse,D-AIBF,3c6446,1986,1072284.3262842144,539.9216144432097,4635631.943342447,55370048.21214591,bulk_matched
179,A319,Lufthansa,Germany,Active,2011-09-01,Germany,2011-09-01,2011-09-01,2.0,CFM International,CFM56-5,Pax,138.0,Medium-haul,6950.0,11.4,Frankfurt,kerosene_short,0.0,0.0,0,0.15,ambiguity_aware_utility,ambiguity_averse,D-AIBG,3c6447,1950,1073107.857785351,550.3117219412057,4620682.776606046,55191488.72057222,bulk_matched
180,A319,Lufthansa,Germany,Active,2012-07-01,Germany,2012-07-01,2012-07-01,2.0,CFM International,CFM56-5,Pax,138.0,Medium-haul,6950.0,10.5,Frankfurt,kerosene_short,0.0,0.0,0,0.15,ambiguity_aware_utility,ambiguity_averse,D-AIBH,3c6448,1870,1010747.15386309,540.5064993920267,4370964.41412775,52208741.61319257,bulk_matched
181,A319,Lufthansa,Germany,Active,2001-01-01,,,,,,,,138.0,Short-haul,6950.0,25.450000000000003,Frankfurt,kerosene_short,0.0,0.0,0,0.15,ambiguity_aware_utility,ambiguity_averse,D-AIBI,3c6449,1766,990432.8309756572,560.8339926249474,4243676.947499992,50688363.53958324,type_median_fallback
182,A319,Lufthansa,Germany,Active,2001-01-01,,,,,,,,138.0,Short-haul,6950.0,25.450000000000003,Frankfurt,kerosene_short,0.0,0.0,0,0.15,ambiguity_aware_utility,ambiguity_averse,D-AIBJ,3c644a,2060,1097786.5746312412,532.9061041899229,4782867.838757884,57128699.18516362,type_median_fallback
183,A319,Lufthansa CityLine,Germany,Active,2001-01-01,,,,,,,,138.0,Short-haul,6950.0,25.450000000000003,Munich,kerosene_short,0.0,0.0,0,0.15,ambiguity_aware_utility,ambiguity_averse,D-AIBM,3c644d,984,576750.9509205129,586.1290151631229,2477938.60529452,29597600.00768454,type_median_fallback
184,A319,Lufthansa CityLine,Germany,Active,2001-01-01,,,,,,,,138.0,Short-haul,6950.0,25.450000000000003,Munich,kerosene_short,0.0,0.0,0,0.15,ambiguity_aware_utility,ambiguity_averse,D-AIBP,3c6450,707,414733.83620773855,586.6108008596019,1786791.7814637572,21342235.16748377,type_median_fallback
185,A320,Condor,Germany,Active,2016-01-01,,,,,,,,168.0,Short-haul,6100.0,10.25,Frankfurt,kerosene_short,0.0,0.0,0,0.15,ambiguity_aware_utility,ambiguity_averse,D-AICA,3c6461,169,146745.9035225028,868.3189557544545,607558.498011317,7256948.726246285,type_median_fallback
186,A320,Condor,Germany,Active,2016-01-01,,,,,,,,168.0,Short-haul,6100.0,10.25,Frankfurt,kerosene_short,0.0,0.0,0,0.15,ambiguity_aware_utility,ambiguity_averse,D-AICG,3c6467,862,557571.5449137901,646.8347388791068,2474476.0162562914,29556241.305283483,type_median_fallback
187,A320,Condor,Germany,Active,2016-01-01,,,,,,,,168.0,Short-haul,6100.0,10.25,Frankfurt,kerosene_short,0.0,0.0,0,0.15,ambiguity_aware_utility,ambiguity_averse,D-AICH,3c6468,673,580280.3903342736,862.2294061430514,2412956.1088198423,28821420.188681453,type_median_fallback
188,A320,Condor,Germany,Active,2016-01-01,,,,,,,,168.0,Short-haul,6100.0,10.25,Frankfurt,kerosene_short,0.0,0.0,0,0.15,ambiguity_aware_utility,ambiguity_averse,D-AICI,3c6469,1150,684061.9484667542,594.8364769276124,3095841.6577821905,36978108.69017617,type_median_fallback
189,A320,Condor,Germany,Active,2016-01-01,,,,,,,,168.0,Short-haul,6100.0,10.25,Frankfurt,kerosene_short,0.0,0.0,0,0.15,ambiguity_aware_utility,ambiguity_averse,D-AICS,3c6473,1048,671671.2008241626,640.9076343742009,2990114.547191597,35715257.09145519,type_median_fallback
190,A320,Condor,Germany,Active,2016-01-01,,,,,,,,168.0,Short-haul,6100.0,10.25,Frankfurt,kerosene_short,0.0,0.0,0,0.15,ambiguity_aware_utility,ambiguity_averse,D-AICU,3c6475,867,505521.55171496014,583.0698405016841,2309370.590304312,27584148.71752372,type_median_fallback
191,A321,Lufthansa,Germany,Active,2010-06-01,Germany,2010-06-01,2010-06-01,2.0,International Aero Engines,V2500,Pax,205.0,Medium-haul,5950.0,12.6,Frankfurt,kerosene_short,0.0,0.0,0,0.15,ambiguity_aware_utility,ambiguity_averse,D-AIDA,3c6481,925,937850.3108615384,1013.89222795842,4459462.428107528,53265801.22461769,bulk_matched
192,A321,Lufthansa,Germany,Active,2010-12-01,Germany,2010-12-01,2010-12-01,2.0,International Aero Engines,V2500,Pax,205.0,Medium-haul,5950.0,12.1,Frankfurt,kerosene_short,0.0,0.0,0,0.15,ambiguity_aware_utility,ambiguity_averse,D-AIDB,3c6482,894,934505.647688305,1045.3083307475447,4410608.040515123,52682262.70615286,bulk_matched
193,A321,Lufthansa,Germany,Active,2011-01-01,Germany,2011-01-01,2011-01-01,2.0,International Aero Engines,V2500,Pax,205.0,Medium-haul,5950.0,12.0,Frankfurt,kerosene_short,0.0,0.0,0,0.15,ambiguity_aware_utility,ambiguity_averse,D-AIDC,3c6483,1221,1199716.972315703,982.5691828957436,5732804.736288253,68475167.68344301,bulk_matched
194,A321,Lufthansa,Germany,Active,2012-01-01,,,,,,,,205.0,Short-haul,5950.0,14.4,Frankfurt,kerosene_short,0.0,0.0,0,0.15,ambiguity_aware_utility,ambiguity_averse,D-AIDD,3c6484,877,884493.7705443623,1008.5447782717928,4223289.144509232,50444842.55941582,type_median_fallback
195,A321,Lufthansa,Germany,Active,2012-01-01,,,,,,,,205.0,Short-haul,5950.0,14.4,Frankfurt,kerosene_short,0.0,0.0,0,0.15,ambiguity_aware_utility,ambiguity_averse,D-AIDE,3c6485,1143,1255281.7493411736,1098.2342513921028,5872505.931228231,70143820.84522608,type_median_fallback
196,A321,Lufthansa,Germany,Active,2011-02-01,Germany,2011-03-01,2011-03-01,2.0,International Aero Engines,V2500,Pax,205.0,Medium-haul,5950.0,11.9,Frankfurt,kerosene_short,0.0,0.0,0,0.15,ambiguity_aware_utility,ambiguity_averse,D-AIDF,3c6486,1329,1274009.5843374506,958.6227120673068,6138976.53988598,73326664.22641587,bulk_matched
197,A321,Lufthansa,Germany,Active,2011-04-01,Germany,2011-04-01,2011-04-01,2.0,International Aero Engines,V2500,Pax,205.0,Medium-haul,5950.0,11.8,Frankfurt,kerosene_short,0.0,0.0,0,0.15,ambiguity_aware_utility,ambiguity_averse,D-AIDG,3c6487,1162,1249417.7021742342,1075.2303805286008,5870516.167293192,70120054.22044647,bulk_matched
198,A321,Lufthansa,Germany,Active,2011-05-01,Germany,2011-05-01,2011-05-01,2.0,International Aero Engines,V2500,Pax,205.0,Medium-haul,5950.0,11.7,Frankfurt,kerosene_short,0.0,0.0,0,0.15,ambiguity_aware_utility,ambiguity_averse,D-AIDH,3c6488,1165,1191545.953849174,1022.7862264799776,5653879.194840901,67532445.93837743,bulk_matched
199,A321,Lufthansa,Germany,Active,2011-06-01,Germany,2011-06-01,2011-06-01,2.0,International Aero Engines,V2500,Pax,205.0,Medium-haul,5950.0,11.6,Frankfurt,kerosene_short,0.0,0.0,0,0.15,ambiguity_aware_utility,ambiguity_averse,D-AIDI,3c6489,1096,1165989.7971542925,1063.8593039728946,5481374.818847718,65471977.00290328,bulk_matched
200,A321,Lufthansa,Germany,Active,2011-07-01,Germany,2011-07-01,2011-07-01,2.0,International Aero Engines,V2500,Pax,205.0,Medium-haul,5950.0,11.5,Frankfurt,kerosene_short,0.0,0.0,0,0.15,ambiguity_aware_utility,ambiguity_averse,D-AIDJ,3c648a,1016,1081444.8381465904,1064.4142107742032,5092152.927976118,60822937.75082587,bulk_matched
201,A321,Lufthansa,Germany,Active,2011-08-01,Germany,2011-08-01,2011-08-01,2.0,International Aero Engines,V2500,Pax,205.0,Medium-haul,5950.0,11.4,Frankfurt,kerosene_short,0.0,0.0,0,0.15,ambiguity_aware_utility,ambiguity_averse,D-AIDK,3c648b,1014,1081140.5677298566,1066.2135776428563,5084316.265871781,60729333.17569071,bulk_matched
202,A321,Lufthansa,Germany,Active,2012-01-01,,,,,,,,205.0,Short-haul,5950.0,14.4,Frankfurt,kerosene_short,0.0,0.0,0,0.15,ambiguity_aware_utility,ambiguity_averse,D-AIDL,3c648c,1059,1132776.8777818647,1069.6665512576626,5329950.697923729,63663300.00297786,type_median_fallback
203,A321,Lufthansa,Germany,Active,2012-01-01,,,,,,,,205.0,Short-haul,5950.0,14.4,Frankfurt,kerosene_short,0.0,0.0,0,0.15,ambiguity_aware_utility,ambiguity_averse,D-AIDM,3c648d,1251,1214397.759777418,970.7416145303102,5841714.042733269,69776028.84375848,type_median_fallback
204,A321,Lufthansa,Germany,Parked,2011-12-01,Germany,2011-12-01,2011-12-01,2.0,International Aero Engines,V2500,Pax,205.0,Medium-haul,5950.0,11.1,Frankfurt,kerosene_short,0.0,0.0,0,0.15,ambiguity_aware_utility,ambiguity_averse,D-AIDN,3c648e,1144,1108282.0030245194,968.7779746717828,5331999.928903177,63687776.92856574,bulk_matched
205,A321,Eurowings,Germany,Active,2012-01-01,,,,,,,,205.0,Medium-haul,5950.0,14.4,Dusseldorf,kerosene_medium,0.0,0.0,0,0.15,ambiguity_aware_utility,ambiguity_averse,D-AIDO,3c648f,878,1386796.0223940746,1579.4943307449596,6136628.255402616,73298615.27286457,type_median_fallback
206,A321,Eurowings,Germany,Active,2012-01-01,,,,,,,,205.0,Medium-haul,5950.0,14.4,Dusseldorf,kerosene_medium,0.0,0.0,0,0.15,ambiguity_aware_utility,ambiguity_averse,D-AIDP,3c6490,835,1313145.425146192,1572.6292516720864,5814977.064936796,69456670.49785617,type_median_fallback
207,A321,Eurowings,Germany,Active,2012-01-01,,,,,,,,205.0,Medium-haul,5950.0,14.4,Dusseldorf,kerosene_medium,0.0,0.0,0,0.15,ambiguity_aware_utility,ambiguity_averse,D-AIDQ,3c6491,805,1218691.5419604655,1513.9025365968516,5429289.061553213,64849841.56855225,type_median_fallback
208,A321,Eurowings,Germany,Active,2012-01-01,,,,,,,,205.0,Medium-haul,5950.0,14.4,Dusseldorf,kerosene_medium,0.0,0.0,0,0.15,ambiguity_aware_utility,ambiguity_averse,D-AIDT,3c6494,783,1253182.5213213025,1600.4885329773977,5537516.120396497,66142553.660291485,type_median_fallback
209,A321,Eurowings,Germany,Active,2012-01-01,,,,,,,,205.0,Short-haul,5950.0,14.4,Dusseldorf,kerosene_short,0.0,0.0,0,0.15,ambiguity_aware_utility,ambiguity_averse,D-AIDU,3c6495,828,1214193.872926848,1466.417720926145,5435021.161853934,64918308.32214421,type_median_fallback
210,A321,Eurowings,Germany,Active,2012-01-01,,,,,,,,205.0,Medium-haul,5950.0,14.4,Dusseldorf,kerosene_medium,0.0,0.0,0,0.15,ambiguity_aware_utility,ambiguity_averse,D-AIDV,3c6496,932,1430194.401286355,1534.5433490196942,6361868.324152061,75988982.76070517,type_median_fallback
211,A321,Lufthansa,Germany,Active,2015-01-01,Germany,2015-01-01,2015-01-01,2.0,International Aero Engines,V2500,Pax,205.0,Medium-haul,5950.0,8.1,Frankfurt,kerosene_short,0.0,0.0,0,0.15,ambiguity_aware_utility,ambiguity_averse,D-AIDW,3c6497,1118,1099582.7758414994,983.5266331319316,5277199.093132369,63033211.39019217,bulk_matched
212,A321,Lufthansa,Germany,Active,2015-01-01,Germany,2015-02-01,2015-02-01,2.0,International Aero Engines,V2500,Pax,205.0,Medium-haul,5950.0,8.0,Frankfurt,kerosene_short,0.0,0.0,0,0.15,ambiguity_aware_utility,ambiguity_averse,D-AIDX,3c6498,1242,1227548.4566925848,988.364296853933,5872184.563515231,70139982.28643192,bulk_matched
213,A21N,Lufthansa,Germany,Active,2019-04-01,Germany,2019-05-01,2019-05-01,2.0,Pratt & Whitney,PW1100G,Pax,215.0,Medium-haul,7400.0,3.8,Frankfurt,kerosene_short,0.0,0.0,0,0.15,ambiguity_aware_utility,ambiguity_averse,D-AIEA,3c64a1,1034,1472699.6114444272,1424.27428572962,4771269.148247284,56990159.27073145,bulk_matched
214,A21N,Lufthansa,Germany,Active,2019-05-01,Germany,2019-06-01,2019-06-01,2.0,Pratt & Whitney,PW1100G,Pax,215.0,Medium-haul,7400.0,3.6,Frankfurt,kerosene_medium,0.0,0.0,0,0.15,ambiguity_aware_utility,ambiguity_averse,D-AIEB,3c64a2,925,1395842.6600384477,1509.0190919334568,4511724.435100054,53890041.863695085,bulk_matched
215,A21N,Lufthansa,Germany,Active,2019-08-01,Germany,2019-08-01,2019-08-01,2.0,Pratt & Whitney,PW1100G,Pax,215.0,Medium-haul,7400.0,3.4,Frankfurt,kerosene_short,0.0,0.0,0,0.15,ambiguity_aware_utility,ambiguity_averse,D-AIEC,3c64a3,1361,2006205.497481664,1474.0672281276002,6490019.247231239,77519674.34192872,bulk_matched
216,A21N,Lufthansa,Germany,Active,2019-09-01,Germany,2019-09-01,2019-09-01,2.0,Pratt & Whitney,PW1100G,Pax,215.0,Medium-haul,7400.0,3.4,Frankfurt,kerosene_short,0.0,0.0,0,0.15,ambiguity_aware_utility,ambiguity_averse,D-AIED,3c64a4,1003,1502201.5351987712,1497.7084099688643,4855511.452555346,57996386.79441108,bulk_matched
217,A21N,Lufthansa,Germany,Active,2019-11-01,Germany,2019-12-01,2019-12-01,2.0,Pratt & Whitney,PW1100G,Pax,215.0,Medium-haul,7400.0,3.1,Frankfurt,kerosene_short,0.0,0.0,0,0.15,ambiguity_aware_utility,ambiguity_averse,D-AIEE,3c64a5,1223,1798246.2917282705,1470.3567389438026,5820204.145364372,69519105.06963,bulk_matched
218,A21N,Lufthansa,Germany,Parked,2020-11-01,Germany,2020-12-01,2020-12-01,2.0,Pratt & Whitney,PW1100G,Pax,215.0,Medium-haul,7400.0,2.1,Frankfurt,kerosene_short,0.0,0.0,0,0.15,ambiguity_aware_utility,ambiguity_averse,D-AIEF,3c64a6,1120,1675747.3555910224,1496.202996063413,5418022.619590789,64715270.17844553,bulk_matched
219,A21N,Lufthansa,Germany,Active,2021-02-01,Germany,2021-03-01,2021-03-01,2.0,Pratt & Whitney,PW1100G,Pax,215.0,Medium-haul,7400.0,1.9,Frankfurt,kerosene_short,0.0,0.0,0,0.15,ambiguity_aware_utility,ambiguity_averse,D-AIEG,3c64a7,1161,1735889.1488276897,1495.167225519113,5610296.729365112,67011877.60074994,bulk_matched
220,A21N,Lufthansa,Germany,Active,2024-01-01,,,,,,,,215.0,Short-haul,7400.0,2.0,Frankfurt,kerosene_short,0.0,0.0,0,0.15,ambiguity_aware_utility,ambiguity_averse,D-AIEH,3c64a8,1275,1791014.1950713373,1404.7170157422254,5803853.247051939,69323802.67312038,type_median_fallback
221,A21N,Lufthansa,Germany,Active,2024-01-01,,,,,,,,215.0,Short-haul,7400.0,2.0,Frankfurt,kerosene_short,0.0,0.0,0,0.15,ambiguity_aware_utility,ambiguity_averse,D-AIEI,3c64a9,445,574872.4098123136,1291.8481119377834,1873660.9655912395,22379839.311228693,type_median_fallback
222,A21N,Lufthansa,Germany,Active,2021-06-01,Germany,2021-06-01,2021-06-01,2.0,Pratt & Whitney,PW1100G,Pax,215.0,Medium-haul,7400.0,1.6,Frankfurt,kerosene_short,0.0,0.0,0,0.15,ambiguity_aware_utility,ambiguity_averse,D-AIEJ,3c64aa,1372,1986718.8719915429,1448.0458250667225,6430501.196964985,76808764.29708177,bulk_matched
223,A21N,Lufthansa,Germany,Active,2021-07-01,Germany,2021-07-01,2021-07-01,2.0,Pratt & Whitney,PW1100G,Pax,215.0,Medium-haul,7400.0,1.5,Frankfurt,kerosene_short,0.0,0.0,0,0.15,ambiguity_aware_utility,ambiguity_averse,D-AIEK,3c64ab,777,1129316.3783193163,1453.4316323285927,3655969.456864592,43668524.06810485,bulk_matched
224,A21N,Lufthansa,Germany,Active,2021-10-01,Germany,2022-02-01,2022-02-01,2.0,Pratt & Whitney,PW1100G,Pax,215.0,Medium-haul,7400.0,1.2,Frankfurt,kerosene_short,0.0,0.0,0,0.15,ambiguity_aware_utility,ambiguity_averse,D-AIEL,3c64ac,1274,1869973.1754782407,1467.7968410347262,6047436.36949547,72233267.74675144,bulk_matched
225,A21N,Lufthansa,Germany,Active,2024-01-01,,,,,,,,215.0,Medium-haul,7400.0,2.0,Frankfurt,kerosene_medium,0.0,0.0,0,0.15,ambiguity_aware_utility,ambiguity_averse,D-AIEM,3c64ad,961,1483955.0354761705,1544.177976562092,4790797.409493679,57223413.502285615,type_median_fallback
226,A21N,Lufthansa,Germany,Active,2024-01-01,,,,,,,,215.0,Medium-haul,7400.0,2.0,Frankfurt,kerosene_medium,0.0,0.0,0,0.15,ambiguity_aware_utility,ambiguity_averse,D-AIEN,3c64ae,800,1216271.3604117003,1520.3392005146254,3930024.8511862913,46941963.50028071,type_median_fallback
227,A21N,Lufthansa,Germany,Active,2022-05-01,Germany,2022-06-01,2022-06-01,2.0,Pratt & Whitney,PW1100G,Pax,215.0,Medium-haul,7400.0,0.7,Frankfurt,kerosene_short,0.0,0.0,0,0.15,ambiguity_aware_utility,ambiguity_averse,D-AIEO,3c64af,954,1424138.8574935272,1492.808026722775,4605299.765794221,55007747.20254208,bulk_matched
228,A21N,Lufthansa,Germany,Active,2022-10-01,Germany,2022-11-01,2022-11-01,2.0,Pratt & Whitney,PW1100G,Pax,215.0,Medium-haul,7400.0,0.2,Frankfurt,kerosene_medium,0.0,0.0,0,0.15,ambiguity_aware_utility,ambiguity_averse,D-AIEP,3c64b0,994,1516670.144026697,1525.8250945942625,4897681.633155798,58500086.17380536,bulk_matched
229,A21N,Lufthansa,Germany,Active,2024-01-01,,,,,,,,215.0,Medium-haul,7400.0,2.0,Frankfurt,kerosene_medium,0.0,0.0,0,0.15,ambiguity_aware_utility,ambiguity_averse,D-AIEQ,3c64b1,1061,1640727.5300092069,1546.39729501339,5296863.160703884,63268087.75285196,type_median_fallback
230,A343,Lufthansa,Germany,Active,2003-01-01,,,,,,,,279.0,Long-haul,13500.0,23.25,Frankfurt,kerosene_long,0.0,0.0,0,0.15,ambiguity_aware_utility,ambiguity_averse,D-AIFE,3c64c5,192,1312686.7230387554,6836.910015826851,12212963.268335149,145877061.2606698,type_median_fallback
231,A343,Lufthansa,Germany,Active,2003-01-01,,,,,,,,279.0,Long-haul,13500.0,23.25,Frankfurt,kerosene_long,0.0,0.0,0,0.15,ambiguity_aware_utility,ambiguity_averse,D-AIFF,3c64c6,254,1755223.9032083424,6910.330327591899,16387370.013514262,195738030.7169759,type_median_fallback
232,A343,Lufthansa,Germany,Active,2003-01-01,,,,,,,,279.0,Long-haul,13500.0,23.25,Frankfurt,kerosene_long,0.0,0.0,0,0.15,ambiguity_aware_utility,ambiguity_averse,D-AIGN,3c64ee,278,1883073.6170890084,6773.646104636721,17651911.005370643,210842270.3419271,type_median_fallback
233,A343,Lufthansa,Germany,Active,1998-07-01,France,1998-08-01,1998-08-01,4.0,CFM International,CFM56-5,Pax,279.0,Long-haul,13500.0,24.5,Frankfurt,kerosene_long,0.0,0.0,0,0.15,ambiguity_aware_utility,ambiguity_averse,D-AIGO,3c64ef,288,1958234.1665659093,6799.424189464964,18395352.75861648,219722269.0612523,bulk_matched
234,A343,Lufthansa,Germany,Active,2003-01-01,,,,,,,,279.0,Long-haul,13500.0,23.25,Frankfurt,kerosene_long,0.0,0.0,0,0.15,ambiguity_aware_utility,ambiguity_averse,D-AIGP,3c64f0,214,1501974.6507422084,7018.573134309385,14004760.842194531,167279087.83732358,type_median_fallback
235,A343,Lufthansa,Germany,Parked,1999-09-01,France,1999-10-01,1999-10-01,4.0,CFM International,CFM56-5,Pax,279.0,Long-haul,13500.0,23.3,Frankfurt,kerosene_long,0.0,0.0,0,0.15,ambiguity_aware_utility,ambiguity_averse,D-AIGS,3c64f3,268,1847470.9535892145,6893.548334288113,17327036.367180485,206961823.27465576,bulk_matched
236,A343,Lufthansa,Germany,Active,1999-11-01,France,1999-12-01,1999-12-01,4.0,CFM International,CFM56-5,Pax,279.0,Long-haul,13500.0,23.2,Frankfurt,kerosene_long,0.0,0.0,0,0.15,ambiguity_aware_utility,ambiguity_averse,D-AIGT,3c64f4,175,1191636.3597220602,6809.3506269832005,11057312.167677872,132073450.8917079,bulk_matched
237,A343,Lufthansa,Germany,Active,2003-01-01,,,,,,,,279.0,Long-haul,13500.0,23.25,Frankfurt,kerosene_long,0.0,0.0,0,0.15,ambiguity_aware_utility,ambiguity_averse,D-AIGU,3c64f5,214,1456286.059483733,6805.07504431651,13658397.965087395,163141975.69409946,type_median_fallback
238,A343,Lufthansa,Germany,Active,2003-01-01,,,,,,,,279.0,Long-haul,13500.0,23.25,Frankfurt,kerosene_long,0.0,0.0,0,0.15,ambiguity_aware_utility,ambiguity_averse,D-AIGV,3c64f6,172,1150242.127215803,6687.454227998854,10766098.522923551,128595065.69047576,type_median_fallback
239,A343,Lufthansa,Germany,Active,2003-01-01,,,,,,,,279.0,Long-haul,13500.0,23.25,Frankfurt,kerosene_long,0.0,0.0,0,0.15,ambiguity_aware_utility,ambiguity_averse,D-AIGW,3c64f7,273,1829917.624017759,6702.994959772011,17170581.840286262,205093060.8700859,type_median_fallback
240,A343,Lufthansa,Germany,Active,2003-01-01,,,,,,,,279.0,Long-haul,13500.0,23.25,Frankfurt,kerosene_long,0.0,0.0,0,0.15,ambiguity_aware_utility,ambiguity_averse,D-AIGX,3c64f8,189,1253927.770867525,6634.538470198543,11760566.39010975,140473431.88186646,type_median_fallback
241,A343,Lufthansa,Germany,Active,2003-01-01,,,,,,,,279.0,Long-haul,13500.0,23.25,Frankfurt,kerosene_long,0.0,0.0,0,0.15,ambiguity_aware_utility,ambiguity_averse,D-AIGZ,3c64fa,231,1596830.8804758673,6912.687794267824,14963097.871364418,178725891.24129722,type_median_fallback
242,A346,Universal Sky Carrier,Germany,Active,2012-01-01,,,,,,,,297.0,Long-haul,14600.0,14.0,Frankfurt,kerosene_long,0.0,0.0,0,0.15,ambiguity_aware_utility,ambiguity_averse,D-AIHV,3c6516,1,11254.081074010632,11254.081074010632,82800.00000000051,989000.000000006,type_median_fallback
243,A346,Lufthansa,Germany,Parked,2008-12-01,France,2008-12-01,2008-12-01,4.0,Rolls-Royce,RR Trent 500,Pax,297.0,Long-haul,14600.0,14.1,Frankfurt,kerosene_long,0.0,0.0,0,0.15,ambiguity_aware_utility,ambiguity_averse,D-AIHW,3c6517,227,1443967.1880634453,6361.088934200199,13684952.323506646,163459152.75299603,bulk_matched
244,A346,Lufthansa,Germany,Parked,2009-01-01,France,2009-02-01,2009-02-01,4.0,Rolls-Royce,RR Trent 500,Pax,297.0,Long-haul,14600.0,14.0,Frankfurt,kerosene_long,0.0,0.0,0,0.15,ambiguity_aware_utility,ambiguity_averse,D-AIHX,3c6518,258,1674558.129358692,6490.5353851112095,15916934.08851852,190118934.94619343,bulk_matched
245,A346,Lufthansa,Germany,Parked,2009-02-01,France,2009-03-01,2009-03-01,4.0,Rolls-Royce,RR Trent 500,Pax,297.0,Long-haul,14600.0,13.9,Frankfurt,kerosene_long,0.0,0.0,0,0.15,ambiguity_aware_utility,ambiguity_averse,D-AIHY,3c6519,292,1851125.161922124,6339.469732610014,17653542.78431055,210861761.03482044,bulk_matched
246,A346,Lufthansa,Germany,Parked,2009-04-01,France,2009-05-01,2009-05-01,4.0,Rolls-Royce,RR Trent 500,Pax,297.0,Long-haul,14600.0,13.8,Frankfurt,kerosene_long,0.0,0.0,0,0.15,ambiguity_aware_utility,ambiguity_averse,D-AIHZ,3c651a,291,1845875.26035866,6343.213953122541,17611610.80070032,210360906.7861427,bulk_matched
247,A20N,Lufthansa CityLine,Germany,Active,2025-01-01,,,,,,,,180.0,Short-haul,6300.0,1.0,Munich,kerosene_short,0.0,0.0,0,0.15,ambiguity_aware_utility,ambiguity_averse,D-AIIA,3c6521,1068,1112005.2533886365,1041.2034207758766,2742213.416167886,32754215.80422753,type_median_fallback
248,A20N,Lufthansa CityLine,Germany,Active,2025-01-01,,,,,,,,180.0,Short-haul,6300.0,1.0,Munich,kerosene_short,0.0,0.0,0,0.15,ambiguity_aware_utility,ambiguity_averse,D-AIIB,3c6522,1002,1060895.510142085,1058.7779542336175,2607025.4282149742,31139470.39256775,type_median_fallback
249,A20N,Lufthansa CityLine,Germany,Active,2025-01-01,,,,,,,,180.0,Short-haul,6300.0,1.0,Munich,kerosene_short,0.0,0.0,0,0.15,ambiguity_aware_utility,ambiguity_averse,D-AIIC,3c6523,1252,1318172.9907584488,1052.853826484384,3245662.0560834594,38767630.11433022,type_median_fallback
250,A20N,Lufthansa CityLine,Germany,Active,2023-01-01,,,,,,,,180.0,Short-haul,6300.0,2.6,Munich,kerosene_short,0.0,0.0,0,0.15,ambiguity_aware_utility,ambiguity_averse,D-AIJA,3c6541,1095,1152438.8351780933,1052.4555572402678,2830741.893914832,33811639.28842716,type_median_fallback
251,A20N,Lufthansa CityLine,Germany,Active,2023-01-01,,,,,,,,180.0,Short-haul,6300.0,2.6,Munich,kerosene_short,0.0,0.0,0,0.15,ambiguity_aware_utility,ambiguity_averse,D-AIJB,3c6542,1340,1234821.598376562,921.5086555048972,3111536.9324046928,37165580.02594494,type_median_fallback
252,A20N,Lufthansa CityLine,Germany,Active,2023-01-01,,,,,,,,180.0,Short-haul,6300.0,2.6,Munich,kerosene_short,0.0,0.0,0,0.15,ambiguity_aware_utility,ambiguity_averse,D-AIJC,3c6543,1024,942423.8233378328,920.3357649783524,2377247.937813617,28394905.92388487,type_median_fallback
253,A20N,Lufthansa,Germany,Active,2020-12-01,France,2020-12-01,2020-12-01,2.0,Pratt & Whitney,PW1100G,Pax,180.0,Medium-haul,6300.0,2.1,Frankfurt,kerosene_short,0.0,0.0,0,0.15,ambiguity_aware_utility,ambiguity_averse,D-AIJD,3c6544,950,909850.9280172576,957.7378189655342,2272259.483688284,27140877.166276727,bulk_matched
254,A20N,Lufthansa,Germany,Active,2021-01-01,France,2021-03-01,2021-03-01,2.0,Pratt & Whitney,PW1100G,Pax,180.0,Medium-haul,6300.0,2.0,Frankfurt,kerosene_short,0.0,0.0,0,0.15,ambiguity_aware_utility,ambiguity_averse,D-AIJE,3c6545,284,293545.7545960232,1033.6118119578282,721461.3161588097,8617454.609674672,bulk_matched
255,A20N,Lufthansa CityLine,Germany,Active,2023-01-01,,,,,,,,180.0,Short-haul,6300.0,2.6,Munich,kerosene_short,0.0,0.0,0,0.15,ambiguity_aware_utility,ambiguity_averse,D-AIJH,3c6548,1257,1307652.8607548987,1040.2966274899752,3224854.5300996536,38519095.7761903,type_median_fallback
256,A20N,Lufthansa CityLine,Germany,Active,2023-01-01,,,,,,,,180.0,Short-haul,6300.0,2.6,Munich,kerosene_short,0.0,0.0,0,0.15,ambiguity_aware_utility,ambiguity_averse,D-AIJI,3c6549,1269,1287172.30880112,1014.3201803003312,3191816.368993078,38124473.29630621,type_median_fallback
257,A20N,Lufthansa CityLine,Germany,Active,2023-01-01,,,,,,,,180.0,Short-haul,6300.0,3.0,Munich,kerosene_short,0.0,0.0,0,0.15,ambiguity_aware_utility,ambiguity_averse,D-AIJJ,3c654a,1540,1533234.374551352,995.6067367216572,3814223.058646912,45558775.42272701,type_median_fallback
258,A20N,Lufthansa CityLine,Germany,Active,2023-01-01,,,,,,,,180.0,Short-haul,6300.0,3.0,Munich,kerosene_short,0.0,0.0,0,0.15,ambiguity_aware_utility,ambiguity_averse,D-AIJM,3c654d,1274,1204721.0232765684,945.6208973913408,3028198.6292165024,36170150.29341933,type_median_fallback
259,A20N,Lufthansa CityLine,Germany,Active,2023-01-01,,,,,,,,180.0,Short-haul,6300.0,3.0,Munich,kerosene_short,0.0,0.0,0,0.15,ambiguity_aware_utility,ambiguity_averse,D-AIJN,3c654e,1319,1112459.141416259,843.4110245763907,2866102.7305961465,34234004.8376762,type_median_fallback
260,A20N,Lufthansa CityLine,Germany,Active,2025-01-01,,,,,,,,180.0,Short-haul,6300.0,1.0,Munich,kerosene_short,0.0,0.0,0,0.15,ambiguity_aware_utility,ambiguity_averse,D-AIJP,3c6550,1541,1293371.183047154,839.3064133985425,3330133.389090508,39776593.25858108,type_median_fallback
261,A20N,Lufthansa CityLine,Germany,Active,2025-01-01,,,,,,,,180.0,Short-haul,6300.0,1.0,Munich,kerosene_short,0.0,0.0,0,0.15,ambiguity_aware_utility,ambiguity_averse,D-AIJQ,3c6551,1551,1334646.2026945571,860.506900512287,3420624.158874023,40857455.23099527,type_median_fallback
262,A20N,Lufthansa CityLine,Germany,Active,2025-01-01,,,,,,,,180.0,Short-haul,6300.0,1.0,Munich,kerosene_short,0.0,0.0,0,0.15,ambiguity_aware_utility,ambiguity_averse,D-AIJR,3c6552,1507,1587095.318860314,1053.148851267627,3906084.578919525,46656010.24820542,type_median_fallback
263,A333,Eurowings Discover,Germany,Active,2013-01-01,,,,,,,,127.5,Long-haul,11750.0,12.8,Frankfurt,kerosene_long,0.0,0.0,0,0.15,ambiguity_aware_utility,ambiguity_averse,D-AIKA,3c6561,243,1801229.150280208,7412.465639013202,12374514.055949982,147806695.66829145,type_median_fallback
264,A333,Eurowings Discover,Germany,Active,2013-01-01,,,,,,,,127.5,Long-haul,11750.0,12.8,Frankfurt,kerosene_long,0.0,0.0,0,0.15,ambiguity_aware_utility,ambiguity_averse,D-AIKB,3c6562,204,1457193.0250052814,7143.10306375138,10020048.003641335,119683906.7101604,type_median_fallback
265,A333,Eurowings Discover,Germany,Active,2013-01-01,,,,,,,,127.5,Long-haul,11750.0,12.8,Frankfurt,kerosene_long,0.0,0.0,0,0.15,ambiguity_aware_utility,ambiguity_averse,D-AIKC,3c6563,208,1459354.4456820774,7016.127142702296,10027068.5223868,119767762.90628676,type_median_fallback
266,A333,Eurowings Discover,Germany,Active,2013-01-01,,,,,,,,127.5,Long-haul,11750.0,12.8,Frankfurt,kerosene_long,0.0,0.0,0,0.15,ambiguity_aware_utility,ambiguity_averse,D-AIKD,3c6564,241,1815603.0191499763,7533.622486099488,12441613.132948335,148608156.8657718,type_median_fallback
267,A333,Eurowings Discover,Germany,Active,2013-01-01,,,,,,,,127.5,Long-haul,11750.0,12.8,Frankfurt,kerosene_long,0.0,0.0,0,0.15,ambiguity_aware_utility,ambiguity_averse,D-AIKE,3c6565,229,1681826.4916561907,7344.220487581619,11537868.417272637,137813428.31742316,type_median_fallback
268,A333,Eurowings Discover,Germany,Active,2013-01-01,,,,,,,,127.5,Long-haul,11750.0,12.8,Frankfurt,kerosene_long,0.0,0.0,0,0.15,ambiguity_aware_utility,ambiguity_averse,D-AIKF,3c6566,198,1444930.6089377208,7297.629338069297,9909326.643991675,118361401.58101168,type_median_fallback
269,A333,Eurowings Discover,Germany,Active,2013-01-01,,,,,,,,127.5,Long-haul,11750.0,12.8,Frankfurt,kerosene_long,0.0,0.0,0,0.15,ambiguity_aware_utility,ambiguity_averse,D-AIKH,3c6568,201,1496837.7842850997,7446.954150672137,10265077.887692316,122610652.54743604,type_median_fallback
270,A333,Eurowings Discover,Germany,Active,2013-01-01,,,,,,,,127.5,Long-haul,11750.0,12.8,Frankfurt,kerosene_long,0.0,0.0,0,0.15,ambiguity_aware_utility,ambiguity_averse,D-AIKI,3c6569,196,1343907.222482353,6856.669502460984,9285243.616524665,110907076.53071126,type_median_fallback
271,A333,Eurowings Discover,Germany,Active,2013-01-01,,,,,,,,127.5,Long-haul,11750.0,12.8,Frankfurt,kerosene_long,0.0,0.0,0,0.15,ambiguity_aware_utility,ambiguity_averse,D-AIKK,3c656b,204,1480274.1947698265,7256.246052793266,10154862.24867638,121294187.9703012,type_median_fallback
272,A333,Lufthansa,Germany,Active,2013-01-01,,,,,,,,127.5,Long-haul,11750.0,12.8,Frankfurt,kerosene_long,0.0,0.0,0,0.15,ambiguity_aware_utility,ambiguity_averse,D-AIKL,3c656c,298,1962568.4956091389,6585.800320836036,13624224.00836809,162733786.76661885,type_median_fallback
273,A333,Lufthansa,Germany,Active,2008-04-01,France,2008-05-01,2008-05-01,2.0,Rolls-Royce,RR Trent 700,Pax,255.0,Long-haul,11750.0,14.8,Frankfurt,kerosene_long,0.0,0.0,0,0.15,ambiguity_aware_utility,ambiguity_averse,D-AIKN,3c656e,255,1735460.539040104,6805.727604078839,12011990.933111068,143476558.3677155,bulk_matched
274,A333,Eurowings Discover,Germany,Active,2013-01-01,,,,,,,,127.5,Long-haul,11750.0,12.8,Frankfurt,kerosene_long,0.0,0.0,0,0.15,ambiguity_aware_utility,ambiguity_averse,D-AIKO,3c656f,266,1949919.24497941,7330.523477366203,13378100.36671197,159793976.602393,type_median_fallback
275,A333,Eurowings Discover,Germany,Active,2013-01-01,,,,,,,,127.5,Long-haul,11750.0,12.8,Frankfurt,kerosene_long,0.0,0.0,0,0.15,ambiguity_aware_utility,ambiguity_averse,D-AIKP,3c6570,177,1200768.760741753,6784.004297976006,8301661.891244385,99158739.25653014,type_median_fallback
276,A333,Eurowings Discover,Germany,Active,2013-01-01,,,,,,,,127.5,Long-haul,11750.0,12.8,Frankfurt,kerosene_long,0.0,0.0,0,0.15,ambiguity_aware_utility,ambiguity_averse,D-AIKQ,3c6571,259,1732965.4018526403,6690.986107539152,12013855.851612026,143498833.78314364,type_median_fallback
277,A333,Lufthansa,Germany,Active,2014-02-01,France,2014-03-01,2014-03-01,2.0,Rolls-Royce,RR Trent 700,Pax,255.0,Long-haul,11750.0,8.9,Frankfurt,kerosene_long,0.0,0.0,0,0.15,ambiguity_aware_utility,ambiguity_averse,D-AIKS,3c6573,236,1615487.233908095,6845.28488944108,11177377.26660494,133507561.79555903,bulk_matched
278,A319,Lufthansa,Germany,Parked,1996-06-01,Germany,1996-07-01,1996-07-01,2.0,CFM International,CFM56-5,Pax,138.0,Medium-haul,6950.0,26.6,Frankfurt,kerosene_short,0.0,0.0,0,0.15,ambiguity_aware_utility,ambiguity_averse,D-AILA,3c6581,1844,1041329.566746993,564.7123463920786,4471324.879057551,53407491.61096519,bulk_matched
279,A319,Lufthansa,Germany,Active,1996-08-01,Germany,1996-09-01,1996-09-01,2.0,CFM International,CFM56-5,Pax,138.0,Medium-haul,6950.0,26.4,Frankfurt,kerosene_short,0.0,0.0,0,0.15,ambiguity_aware_utility,ambiguity_averse,D-AILC,3c6583,1996,1096788.374046687,549.4931733700837,4733949.154443147,56544392.678070925,bulk_matched
280,A319,Lufthansa,Germany,Active,1996-09-01,Germany,1996-10-01,1996-10-01,2.0,CFM International,CFM56-5,Pax,138.0,Medium-haul,6950.0,26.3,Frankfurt,kerosene_short,0.0,0.0,0,0.15,ambiguity_aware_utility,ambiguity_averse,D-AILD,3c6584,1942,1085635.4802809446,559.0295984968819,4674578.088898953,55835238.28407084,bulk_matched
281,A319,Lufthansa,Germany,Active,1996-11-01,Germany,1996-11-01,1996-11-01,2.0,CFM International,CFM56-5,Pax,138.0,Medium-haul,6950.0,26.2,Frankfurt,kerosene_short,0.0,0.0,0,0.15,ambiguity_aware_utility,ambiguity_averse,D-AILE,3c6585,1751,972419.1373211562,555.3507351919795,4192722.504437158,50079741.02522161,bulk_matched
282,A319,Lufthansa,Germany,Active,1996-11-01,Germany,1996-12-01,2011-07-01,2.0,CFM International,CFM56-5,Pax,138.0,Medium-haul,6950.0,26.2,Frankfurt,kerosene_short,0.0,0.0,0,0.15,ambiguity_aware_utility,ambiguity_averse,D-AILF,3c6586,1750,953223.6943579232,544.6992539188133,4113636.380203663,49135101.2079882,bulk_matched
283,A319,Lufthansa,Germany,Active,2001-01-01,,,,,,,,138.0,Short-haul,6950.0,25.450000000000003,Frankfurt,kerosene_short,0.0,0.0,0,0.15,ambiguity_aware_utility,ambiguity_averse,D-AILH,3c6588,1895,1050008.3633741466,554.094123152584,4520115.655773692,53990270.33285242,type_median_fallback
284,A319,Lufthansa,Germany,Active,2001-01-01,,,,,,,,138.0,Short-haul,6950.0,25.450000000000003,Frankfurt,kerosene_short,0.0,0.0,0,0.15,ambiguity_aware_utility,ambiguity_averse,D-AILI,3c6589,1857,1028443.9852028862,553.8201320424804,4426705.3753192285,52874536.42742412,type_median_fallback
285,A319,Lufthansa,Germany,Active,1997-04-01,Germany,1997-05-01,2007-01-01,2.0,CFM International,CFM56-5,Pax,138.0,Medium-haul,6950.0,25.8,Frankfurt,kerosene_short,0.0,0.0,0,0.15,ambiguity_aware_utility,ambiguity_averse,D-AILK,3c658b,1844,1002344.593566811,543.5708208062966,4340344.816278452,51843007.52777041,bulk_matched
286,A319,Lufthansa,Germany,Active,1997-05-01,Germany,1997-06-01,2009-06-01,2.0,CFM International,CFM56-5,Pax,138.0,Medium-haul,6950.0,25.7,Frankfurt,kerosene_short,0.0,0.0,0,0.15,ambiguity_aware_utility,ambiguity_averse,D-AILL,3c658c,1853,1011155.289097878,545.6855310835823,4375932.046973131,52268077.22773461,bulk_matched
287,A319,Lufthansa,Germany,Active,1997-06-01,Germany,1997-07-01,1997-07-01,2.0,CFM International,CFM56-5,Pax,138.0,Medium-haul,6950.0,25.6,Frankfurt,kerosene_short,0.0,0.0,0,0.15,ambiguity_aware_utility,ambiguity_averse,D-AILM,3c658d,2028,1075847.942360756,530.4970129984004,4675277.572034974,55843593.22152884,bulk_matched
288,A319,Lufthansa,Germany,Active,1997-07-01,Germany,1997-09-01,2007-07-01,2.0,CFM International,CFM56-5,Pax,138.0,Medium-haul,6950.0,25.6,Frankfurt,kerosene_short,0.0,0.0,0,0.15,ambiguity_aware_utility,ambiguity_averse,D-AILN,3c658e,1992,1071009.517417606,537.6553802297219,4643920.2378161885,55469047.2850267,bulk_matched
289,A319,Lufthansa,Germany,Active,1997-10-01,Germany,1997-11-01,1997-11-01,2.0,CFM International,CFM56-5,Pax,138.0,Medium-haul,6950.0,25.3,Frankfurt,kerosene_short,0.0,0.0,0,0.15,ambiguity_aware_utility,ambiguity_averse,D-AILU,3c6595,1533,862076.850219843,562.3462819437984,3703798.638726363,44239817.073676,bulk_matched
290,A388,Lufthansa,Germany,Parked,2009-10-01,France,2010-05-01,2010-05-01,4.0,Rolls-Royce,RR Trent 900,Pax,509.0,Long-haul,14800.0,13.3,Frankfurt,kerosene_long,0.0,0.0,0,0.15,ambiguity_aware_utility,ambiguity_averse,D-AIMA,3c65a1,353,2712620.552648307,7684.477486255827,44038937.14744672,526020638.15005815,bulk_matched
291,A388,Lufthansa,Germany,Parked,2010-01-01,France,2010-07-01,2010-07-01,4.0,Rolls-Royce,RR Trent 900,Pax,509.0,Long-haul,14800.0,13.0,Frankfurt,kerosene_long,0.0,0.0,0,0.15,ambiguity_aware_utility,ambiguity_averse,D-AIMB,3c65a2,295,2222590.425706435,7534.2048329031695,36178457.51228377,432131575.8411672,bulk_matched
292,A388,Lufthansa,Germany,Active,2014-01-01,,,,,,,,509.0,Long-haul,14800.0,12.1,Frankfurt,kerosene_long,0.0,0.0,0,0.15,ambiguity_aware_utility,ambiguity_averse,D-AIMC,3c65a3,305,2286735.040498273,7497.491936059913,37266503.64409272,445127682.415552,type_median_fallback
293,A388,Lufthansa,Germany,Parked,2010-12-01,France,2011-07-01,2011-07-01,4.0,Rolls-Royce,RR Trent 900,Pax,509.0,Long-haul,14800.0,12.1,Frankfurt,kerosene_long,0.0,0.0,0,0.15,ambiguity_aware_utility,ambiguity_averse,D-AIMH,3c65a8,277,2057266.195623988,7426.953774815841,33552709.2549864,400768471.6567819,bulk_matched
294,A388,Lufthansa,Germany,Parked,2013-10-01,France,2014-03-01,2014-03-01,4.0,Rolls-Royce,RR Trent 900,Pax,509.0,Long-haul,14800.0,9.3,Frankfurt,kerosene_long,0.0,0.0,0,0.15,ambiguity_aware_utility,ambiguity_averse,D-AIMK,3c65ab,289,2188670.360511513,7573.253842600391,35636818.944690675,425662004.06158304,bulk_matched
295,A388,Lufthansa,Germany,Parked,2013-12-01,France,2014-05-01,2014-05-01,4.0,Rolls-Royce,RR Trent 900,Pax,509.0,Long-haul,14800.0,9.1,Frankfurt,kerosene_long,0.0,0.0,0,0.15,ambiguity_aware_utility,ambiguity_averse,D-AIML,3c65ac,229,1763527.7508274617,7700.994545098086,28657598.49946379,342299093.1880398,bulk_matched
296,A388,Lufthansa,Germany,Active,2014-01-01,,,,,,,,509.0,Long-haul,14800.0,12.1,Frankfurt,kerosene_long,0.0,0.0,0,0.15,ambiguity_aware_utility,ambiguity_averse,D-AIMM,3c65ad,353,2680839.171145902,7594.4452440393825,43639895.685096405,521254309.5719848,type_median_fallback
297,A388,Lufthansa,Germany,Active,2014-01-01,,,,,,,,509.0,Long-haul,14800.0,12.1,Frankfurt,kerosene_long,0.0,0.0,0,0.15,ambiguity_aware_utility,ambiguity_averse,D-AIMN,3c65ae,315,2376999.356806751,7546.029704148415,38704550.3777504,462304351.7342409,type_median_fallback
298,A20N,Lufthansa,Germany,Active,2015-12-01,Germany,2016-01-01,2016-01-01,2.0,Pratt & Whitney,PW1100G,Pax,180.0,Medium-haul,6300.0,7.1,Frankfurt,kerosene_short,0.0,0.0,0,0.15,ambiguity_aware_utility,ambiguity_averse,D-AINA,3c65c1,1368,1263506.322701794,923.6157329691478,3183629.649867265,38026687.48452567,bulk_matched
299,A20N,Lufthansa,Germany,Active,2023-01-01,,,,,,,,180.0,Short-haul,6300.0,2.6,Frankfurt,kerosene_short,0.0,0.0,0,0.15,ambiguity_aware_utility,ambiguity_averse,D-AINB,3c65c2,1400,1295985.9459347606,925.7042470962576,3269491.69428933,39052261.90401144,type_median_fallback
300,A20N,Lufthansa,Germany,Parked,2016-05-01,Germany,2016-08-01,2016-08-01,2.0,Pratt & Whitney,PW1100G,Pax,180.0,Medium-haul,6300.0,6.7,Frankfurt,kerosene_short,0.0,0.0,0,0.15,ambiguity_aware_utility,ambiguity_averse,D-AINC,3c65c3,1478,1349971.0054364973,913.3768643007425,3417959.354115582,40825625.61860279,bulk_matched
301,A20N,Lufthansa,Germany,Active,2016-07-01,Germany,2016-07-01,2016-07-01,2.0,Pratt & Whitney,PW1100G,Pax,180.0,Medium-haul,6300.0,6.5,Frankfurt,kerosene_short,0.0,0.0,0,0.15,ambiguity_aware_utility,ambiguity_averse,D-AIND,3c65c4,1457,1527049.0732702184,1048.0776069116118,3755616.5462633,44858753.19147831,bulk_matched
302,A20N,Lufthansa,Germany,Parked,2016-12-01,Germany,2016-12-01,2016-12-01,2.0,Pratt & Whitney,PW1100G,Pax,180.0,Medium-haul,6300.0,6.1,Frankfurt,kerosene_short,0.0,0.0,0,0.15,ambiguity_aware_utility,ambiguity_averse,D-AINE,3c65c5,1232,1134043.584303618,920.4899223243652,2857906.4523657258,34136104.84770173,bulk_matched
303,A20N,Lufthansa,Germany,Active,2017-07-01,Germany,2017-07-01,2017-07-01,2.0,Pratt & Whitney,PW1100G,Pax,180.0,Medium-haul,6300.0,5.5,Frankfurt,kerosene_short,0.0,0.0,0,0.15,ambiguity_aware_utility,ambiguity_averse,D-AINF,3c65c6,993,925682.7867325626,932.2082444436684,2329659.93155682,27826493.626928687,bulk_matched
304,A20N,Lufthansa,Germany,Active,2017-08-01,Germany,2017-09-01,2017-09-01,2.0,Pratt & Whitney,PW1100G,Pax,180.0,Medium-haul,6300.0,5.4,Frankfurt,kerosene_short,0.0,0.0,0,0.15,ambiguity_aware_utility,ambiguity_averse,D-AING,3c65c7,1409,1320820.2992433773,937.4168199030356,3319986.29302937,39655391.83340636,bulk_matched
305,A20N,Lufthansa,Germany,Active,2017-08-01,Germany,2017-08-01,2017-08-01,2.0,Pratt & Whitney,PW1100G,Pax,180.0,Medium-haul,6300.0,5.4,Frankfurt,kerosene_short,0.0,0.0,0,0.15,ambiguity_aware_utility,ambiguity_averse,D-AINH,3c65c8,1494,1529807.4555548993,1023.967507064859,3779318.1256144177,45141855.38928333,bulk_matched
306,A20N,Lufthansa,Germany,Active,2017-09-01,France,2017-10-01,2017-10-01,2.0,Pratt & Whitney,PW1100G,Pax,180.0,Medium-haul,6300.0,5.3,Frankfurt,kerosene_short,0.0,0.0,0,0.15,ambiguity_aware_utility,ambiguity_averse,D-AINI,3c65c9,1303,1303824.3825084,1000.6326803594782,3232914.492548184,38615367.549881086,bulk_matched
307,A20N,Lufthansa,Germany,Active,2017-10-01,Germany,2017-11-01,2017-11-01,2.0,Pratt & Whitney,PW1100G,Pax,180.0,Medium-haul,6300.0,5.3,Frankfurt,kerosene_short,0.0,0.0,0,0.15,ambiguity_aware_utility,ambiguity_averse,D-AINJ,3c65ca,1525,1401368.0914380625,918.9298960249588,3535849.767185745,42233761.10805196,bulk_matched
308,A20N,Lufthansa,Germany,Active,2023-01-01,,,,,,,,180.0,Short-haul,6300.0,2.6,Frankfurt,kerosene_short,0.0,0.0,0,0.15,ambiguity_aware_utility,ambiguity_averse,D-AINK,3c65cb,1643,1732705.4851469868,1054.59859108155,4253962.800850216,50811222.34348869,type_median_fallback
309,A20N,Lufthansa,Germany,Active,2023-01-01,,,,,,,,180.0,Short-haul,6300.0,2.6,Frankfurt,kerosene_short,0.0,0.0,0,0.15,ambiguity_aware_utility,ambiguity_averse,D-AINL,3c65cc,1469,1573684.1772073617,1071.2622036809814,3852480.6143324585,46015740.67119326,type_median_fallback
310,A20N,Lufthansa,Germany,Active,2023-01-01,,,,,,,,180.0,Short-haul,6300.0,2.6,Frankfurt,kerosene_short,0.0,0.0,0,0.15,ambiguity_aware_utility,ambiguity_averse,D-AINM,3c65cd,1489,1356090.750536974,910.7392548938712,3429606.950124221,40964749.68203932,type_median_fallback
311,A20N,Lufthansa,Germany,Active,2018-09-01,Germany,2018-10-01,2018-10-01,2.0,Pratt & Whitney,PW1100G,Pax,180.0,Medium-haul,6300.0,4.3,Frankfurt,kerosene_short,0.0,0.0,0,0.15,ambiguity_aware_utility,ambiguity_averse,D-AINN,3c65ce,1772,1472727.3494672268,831.1102423629948,3806154.810013798,45462404.67516481,bulk_matched
312,A20N,Lufthansa,Germany,Active,2023-01-01,,,,,,,,180.0,Short-haul,6300.0,2.6,Frankfurt,kerosene_short,0.0,0.0,0,0.15,ambiguity_aware_utility,ambiguity_averse,D-AINO,3c65cf,1101,1106395.9169140954,1004.900923627698,2747033.598911267,32811790.209217902,type_median_fallback
313,A20N,Lufthansa,Germany,Active,2023-01-01,,,,,,,,180.0,Short-haul,6300.0,2.6,Frankfurt,kerosene_short,0.0,0.0,0,0.15,ambiguity_aware_utility,ambiguity_averse,D-AINP,3c65d0,484,485728.19189382426,1003.5706444087278,1206470.350790681,14410618.078888692,type_median_fallback
314,A20N,Lufthansa,Germany,Active,2019-05-01,Germany,2019-06-01,2019-06-01,2.0,Pratt & Whitney,PW1100G,Pax,180.0,Medium-haul,6300.0,3.6,Frankfurt,kerosene_short,0.0,0.0,0,0.15,ambiguity_aware_utility,ambiguity_averse,D-AINQ,3c65d1,1000,1000162.8626542196,1000.1628626542196,2484037.4899858474,29670447.797053177,bulk_matched
315,A20N,Lufthansa,Germany,Active,2023-01-01,,,,,,,,180.0,Short-haul,6300.0,2.6,Frankfurt,kerosene_short,0.0,0.0,0,0.15,ambiguity_aware_utility,ambiguity_averse,D-AINR,3c65d2,1602,1639961.9406091806,1023.6965921405622,4051618.5885139247,48394333.140583,type_median_fallback
316,A20N,Lufthansa,Germany,Active,2019-01-01,France,2019-02-01,2019-02-01,2.0,Pratt & Whitney,PW1100G,Pax,180.0,Medium-haul,6300.0,4.0,Frankfurt,kerosene_short,0.0,0.0,0,0.15,ambiguity_aware_utility,ambiguity_averse,D-AINT,3c65d4,1617,1718629.257989287,1062.85049968416,4211812.514075213,50307760.584787264,bulk_matched
317,A20N,Lufthansa,Germany,Active,2023-01-01,,,,,,,,180.0,Short-haul,6300.0,2.6,Frankfurt,kerosene_short,0.0,0.0,0,0.15,ambiguity_aware_utility,ambiguity_averse,D-AINU,3c65d5,1527,1593633.1328508588,1043.636629240903,3916253.063975584,46777467.153041705,type_median_fallback
318,A20N,Lufthansa,Germany,Active,2019-12-01,Germany,2020-01-01,2020-01-01,2.0,Pratt & Whitney,PW1100G,Pax,180.0,Medium-haul,6300.0,3.1,Frankfurt,kerosene_short,0.0,0.0,0,0.15,ambiguity_aware_utility,ambiguity_averse,D-AINV,3c65d6,1200,1128472.7191641843,940.3939326368204,2833705.74603216,33847040.85538414,bulk_matched
319,A20N,Lufthansa,Germany,Active,2020-01-01,Germany,2020-02-01,2020-02-01,2.0,Pratt & Whitney,PW1100G,Pax,180.0,Medium-haul,6300.0,3.0,Frankfurt,kerosene_short,0.0,0.0,0,0.15,ambiguity_aware_utility,ambiguity_averse,D-AINW,3c65d7,1506,1565278.7379105242,1039.3617117599763,3854292.696777245,46037384.98928376,bulk_matched
320,A20N,Lufthansa,Germany,Active,2019-12-01,Germany,2019-12-01,2019-12-01,2.0,Pratt & Whitney,PW1100G,Pax,180.0,Medium-haul,6300.0,3.1,Frankfurt,kerosene_short,0.0,0.0,0,0.15,ambiguity_aware_utility,ambiguity_averse,D-AINX,3c65d8,1130,1072117.178830566,948.7762644518284,2688640.9872387773,32114322.90312985,bulk_matched
321,A20N,Lufthansa,Germany,Active,2020-07-01,Germany,2020-08-01,2020-08-01,2.0,Pratt & Whitney,PW1100G,Pax,180.0,Medium-haul,6300.0,2.5,Frankfurt,kerosene_short,0.0,0.0,0,0.15,ambiguity_aware_utility,ambiguity_averse,D-AINY,3c65d9,1503,1390039.9497125836,924.8436125832226,3511857.368207953,41947185.23137277,bulk_matched
322,A20N,Lufthansa,Germany,Active,2020-06-01,Germany,2020-07-01,2020-07-01,2.0,Pratt & Whitney,PW1100G,Pax,180.0,Medium-haul,6300.0,2.6,Frankfurt,kerosene_short,0.0,0.0,0,0.15,ambiguity_aware_utility,ambiguity_averse,D-AINZ,3c65da,1464,1431186.6660263198,977.5865205097812,3566498.4196478603,42599842.23468277,bulk_matched
323,A21N,Lufthansa,Germany,Active,2025-01-01,,,,,,,,215.0,Short-haul,7400.0,1.0,Frankfurt,kerosene_short,0.0,0.0,0,0.15,ambiguity_aware_utility,ambiguity_averse,D-AIOA,3c65e1,557,748901.1891689217,1344.5263719370228,2429970.876704566,29024652.138415653,type_median_fallback
324,A21N,Lufthansa,Germany,Active,2026-01-01,,,,,,,,215.0,Short-haul,7400.0,0.0,Frankfurt,kerosene_short,0.0,0.0,0,0.15,ambiguity_aware_utility,ambiguity_averse,D-AIOB,3c65e2,367,546288.6923372807,1488.5250472405469,1766982.4337482774,21105623.514215536,type_median_fallback
325,A320,Lufthansa,Germany,Active,2000-10-01,France,2000-11-01,2000-11-01,2.0,CFM International,CFM56-5,Pax,168.0,Medium-haul,6100.0,22.3,Frankfurt,kerosene_short,0.0,0.0,0,0.15,ambiguity_aware_utility,ambiguity_averse,D-AIQT,3c6634,1525,1035146.0596857364,678.7843014332698,4568341.834871943,54566305.24985931,bulk_matched
326,A320,Lufthansa,Germany,Active,2016-01-01,,,,,,,,168.0,Short-haul,6100.0,10.25,Frankfurt,kerosene_short,0.0,0.0,0,0.15,ambiguity_aware_utility,ambiguity_averse,D-AIQU,3c6635,1669,1072487.6696304698,642.5929716180166,4792004.120554614,57237826.99551344,type_median_fallback
327,A320,Lufthansa,Germany,Active,2016-01-01,,,,,,,,168.0,Short-haul,6100.0,10.25,Frankfurt,kerosene_short,0.0,0.0,0,0.15,ambiguity_aware_utility,ambiguity_averse,D-AIQW,3c6637,1684,1125330.798025265,668.248692414053,4989205.104017257,59593283.1868728,type_median_fallback
328,A321,Lufthansa,Germany,Parked,1993-12-01,Germany,1994-01-01,1994-01-01,2.0,International Aero Engines,V2500,Pax,205.0,Short-haul,5950.0,29.1,Frankfurt,kerosene_short,0.0,0.0,0,0.15,ambiguity_aware_utility,ambiguity_averse,D-AIRA,3c6641,1258,1137207.116712751,903.9802199624412,5523707.2767450735,65977614.69445504,bulk_matched
329,A321,Lufthansa,Germany,Active,2012-01-01,,,,,,,,205.0,Short-haul,5950.0,14.4,Frankfurt,kerosene_short,0.0,0.0,0,0.15,ambiguity_aware_utility,ambiguity_averse,D-AIRC,3c6643,1339,1170020.1817155755,873.8014799966957,5734732.693979617,68498196.06697878,type_median_fallback
330,A321,Lufthansa,Germany,Active,2012-01-01,,,,,,,,205.0,Short-haul,5950.0,14.4,Frankfurt,kerosene_short,0.0,0.0,0,0.15,ambiguity_aware_utility,ambiguity_averse,D-AIRH,3c6648,1001,884079.3828116702,883.1961866250451,4339685.455184386,51835131.8258135,type_median_fallback
331,A321,Lufthansa,Germany,Parked,1994-08-01,Germany,1994-09-01,1994-09-01,2.0,International Aero Engines,V2500,Pax,205.0,Short-haul,5950.0,28.4,Frankfurt,kerosene_short,0.0,0.0,0,0.15,ambiguity_aware_utility,ambiguity_averse,D-AIRL,3c664c,1053,958217.3264128008,909.9879643046542,4645962.667266397,55493442.970126405,bulk_matched
332,A321,Lufthansa,Germany,Parked,1994-12-01,Germany,1995-02-01,1995-02-01,2.0,International Aero Engines,V2500,Pax,205.0,Short-haul,5950.0,28.2,Frankfurt,kerosene_short,0.0,0.0,0,0.15,ambiguity_aware_utility,ambiguity_averse,D-AIRM,3c664d,1235,1140102.950343031,923.1602836785676,5511033.000425812,65826227.50508609,bulk_matched
333,A321,Lufthansa,Germany,Active,2012-01-01,,,,,,,,205.0,Short-haul,5950.0,14.4,Frankfurt,kerosene_short,0.0,0.0,0,0.15,ambiguity_aware_utility,ambiguity_averse,D-AIRN,3c664e,1211,1143295.3978251838,944.0919882949496,5511767.31304718,65834998.46139686,type_median_fallback
334,A321,Lufthansa,Germany,Active,2012-01-01,,,,,,,,205.0,Short-haul,5950.0,14.4,Frankfurt,kerosene_short,0.0,0.0,0,0.15,ambiguity_aware_utility,ambiguity_averse,D-AIRO,3c664f,1249,1147445.7728594183,918.6915715447705,5546740.5365805095,66252734.18693386,type_median_fallback
335,A321,Lufthansa,Germany,Active,2012-01-01,,,,,,,,205.0,Short-haul,5950.0,14.4,Frankfurt,kerosene_short,0.0,0.0,0,0.15,ambiguity_aware_utility,ambiguity_averse,D-AIRP,3c6650,1141,1033955.640117226,906.1837336697862,5008905.884096065,59828598.06003633,type_median_fallback
336,A321,Lufthansa,Germany,Active,2012-01-01,,,,,,,,205.0,Short-haul,5950.0,14.4,Frankfurt,kerosene_short,0.0,0.0,0,0.15,ambiguity_aware_utility,ambiguity_averse,D-AIRR,3c6652,1195,1049417.5731836224,878.1737014088891,5155352.288124691,61577818.99704492,type_median_fallback
337,A321,Lufthansa,Germany,Parked,1996-04-01,Germany,1996-04-01,1996-04-01,2.0,International Aero Engines,V2500,Pax,205.0,Short-haul,5950.0,26.8,Frankfurt,kerosene_short,0.0,0.0,0,0.15,ambiguity_aware_utility,ambiguity_averse,D-AIRS,3c6653,1166,1015442.35283013,870.8768034563722,4985689.717676574,59551293.85002574,bulk_matched
338,A321,Lufthansa,Germany,Active,1997-02-01,Germany,1997-03-01,1997-03-01,2.0,International Aero Engines,V2500,Pax,205.0,Short-haul,5950.0,25.9,Frankfurt,kerosene_short,0.0,0.0,0,0.15,ambiguity_aware_utility,ambiguity_averse,D-AIRT,3c6654,1090,976147.7720470546,895.5484147220684,4762139.139888136,56881106.3931083,bulk_matched
339,A321,Lufthansa,Germany,Parked,1997-06-01,Germany,1997-07-01,1997-07-01,2.0,International Aero Engines,V2500,Pax,205.0,Short-haul,5950.0,25.6,Frankfurt,kerosene_short,0.0,0.0,0,0.15,ambiguity_aware_utility,ambiguity_averse,D-AIRU,3c6655,1325,1189841.98166674,897.9939484277284,5791977.377146603,69181952.00480664,bulk_matched
340,A321,Lufthansa,Germany,Parked,1997-07-01,Germany,1997-08-01,1997-08-01,2.0,International Aero Engines,V2500,Pax,205.0,Short-haul,5950.0,25.6,Frankfurt,kerosene_short,0.0,0.0,0,0.15,ambiguity_aware_utility,ambiguity_averse,D-AIRW,3c6657,1230,1111819.870176835,903.9185936397032,5399878.774596779,64498552.02990596,bulk_matched
341,A321,Lufthansa,Germany,Parked,1998-09-01,Germany,1998-10-01,1998-10-01,2.0,International Aero Engines,V2500,Pax,205.0,Short-haul,5950.0,24.4,Frankfurt,kerosene_short,0.0,0.0,0,0.15,ambiguity_aware_utility,ambiguity_averse,D-AIRX,3c6658,1173,1034295.9025829718,881.752687624017,5040368.779163213,60204404.86222728,bulk_matched
342,A321,Lufthansa,Germany,Active,1998-10-01,Germany,1998-11-01,1998-11-01,2.0,International Aero Engines,V2500,Pax,205.0,Short-haul,5950.0,24.3,Frankfurt,kerosene_short,0.0,0.0,0,0.15,ambiguity_aware_utility,ambiguity_averse,D-AIRY,3c6659,505,493629.6927631252,977.4845401250004,2366096.773444896,28261711.46059181,bulk_matched
343,A321,Lufthansa,Germany,Parked,1999-09-01,Germany,1999-09-01,1999-09-01,2.0,International Aero Engines,V2500,Pax,205.0,Medium-haul,5950.0,23.4,Frankfurt,kerosene_short,0.0,0.0,0,0.15,ambiguity_aware_utility,ambiguity_averse,D-AISB,3c6662,788,737821.6137731016,936.3218448897228,3561978.7504565204,42545857.29711955,bulk_matched
344,A321,Lufthansa,Germany,Parked,1999-12-01,Germany,2000-01-01,2000-01-01,2.0,International Aero Engines,V2500,Pax,205.0,Medium-haul,5950.0,23.1,Frankfurt,kerosene_short,0.0,0.0,0,0.15,ambiguity_aware_utility,ambiguity_averse,D-AISC,3c6663,1076,1019896.9129285082,947.8595845060486,4905787.2807994615,58596903.63177134,bulk_matched
345,A321,Lufthansa,Germany,Parked,2000-03-01,Germany,2000-05-01,2000-05-01,2.0,International Aero Engines,V2500,Pax,205.0,Medium-haul,5950.0,22.9,Frankfurt,kerosene_short,0.0,0.0,0,0.15,ambiguity_aware_utility,ambiguity_averse,D-AISD,3c6664,1050,923093.9713133448,879.137115536519,4530437.117937731,54113554.46425621,bulk_matched
346,A321,Lufthansa,Germany,Parked,2000-06-01,Germany,2000-06-01,2000-06-01,2.0,International Aero Engines,V2500,Pax,205.0,Medium-haul,5950.0,22.6,Frankfurt,kerosene_short,0.0,0.0,0,0.15,ambiguity_aware_utility,ambiguity_averse,D-AISF,3c6666,1100,1063718.7723988052,967.0170658170956,5096175.598780759,60870986.31877017,bulk_matched
347,A321,Lufthansa,Germany,Parked,2000-07-01,Germany,2000-07-01,2000-07-01,2.0,International Aero Engines,V2500,Pax,205.0,Medium-haul,5950.0,22.6,Frankfurt,kerosene_short,0.0,0.0,0,0.15,ambiguity_aware_utility,ambiguity_averse,D-AISG,3c6667,1148,1063246.640287272,926.173031609122,5147716.578535366,61486614.68806131,bulk_matched
348,A321,Lufthansa,Germany,Active,2007-09-01,Germany,2007-10-01,2007-10-01,2.0,International Aero Engines,V2500,Pax,205.0,Medium-haul,5950.0,15.3,Frankfurt,kerosene_short,0.0,0.0,0,0.15,ambiguity_aware_utility,ambiguity_averse,D-AISH,3c6668,1064,1137707.4686462935,1069.2739366976446,5339352.927701236,63775604.41420921,bulk_matched
349,A321,Lufthansa,Germany,Active,2007-12-01,Germany,2007-12-01,2007-12-01,2.0,International Aero Engines,V2500,Pax,205.0,Medium-haul,5950.0,15.1,Frankfurt,kerosene_short,0.0,0.0,0,0.15,ambiguity_aware_utility,ambiguity_averse,D-AISI,3c6669,708,748643.3409583643,1057.405848811249,3532038.6603843733,42188239.55459113,bulk_matched
350,A321,Lufthansa,Germany,Parked,2008-01-01,Germany,2008-01-01,2008-01-01,2.0,International Aero Engines,V2500,Pax,205.0,Medium-haul,5950.0,15.0,Frankfurt,kerosene_short,0.0,0.0,0,0.15,ambiguity_aware_utility,ambiguity_averse,D-AISJ,3c666a,1129,1050615.3264553377,930.5715911916188,5102139.803345328,60942225.42884697,bulk_matched
351,A321,Lufthansa,Germany,Active,2008-01-01,Germany,2008-02-01,2008-02-01,2.0,International Aero Engines,V2500,Pax,205.0,Medium-haul,5950.0,15.0,Frankfurt,kerosene_short,0.0,0.0,0,0.15,ambiguity_aware_utility,ambiguity_averse,D-AISK,3c666b,1058,1024531.5865325524,968.3663388776488,4929846.200927075,58884274.06662896,bulk_matched
352,A321,Lufthansa,Germany,Active,2008-03-01,Germany,2008-03-01,2008-03-01,2.0,International Aero Engines,V2500,Pax,205.0,Medium-haul,5950.0,14.9,Frankfurt,kerosene_short,0.0,0.0,0,0.15,ambiguity_aware_utility,ambiguity_averse,D-AISL,3c666c,1140,1136506.0296347295,996.935113714675,5427708.288321583,64830960.11050779,bulk_matched
353,A321,Lufthansa,Germany,Parked,2008-07-01,Germany,2008-07-01,2008-07-01,2.0,International Aero Engines,V2500,Pax,205.0,Medium-haul,5950.0,14.5,Frankfurt,kerosene_short,0.0,0.0,0,0.15,ambiguity_aware_utility,ambiguity_averse,D-AISN,3c666e,1127,1061087.227049036,941.5148421020727,5138671.2179177785,61378572.88068457,bulk_matched
354,A321,Lufthansa,Germany,Active,2008-08-01,Germany,2008-08-01,2008-08-01,2.0,International Aero Engines,V2500,Pax,205.0,Medium-haul,5950.0,14.4,Frankfurt,kerosene_short,0.0,0.0,0,0.15,ambiguity_aware_utility,ambiguity_averse,D-AISO,3c666f,1066,1165911.8276963076,1093.7259171635155,5456655.210772382,65176715.01755901,bulk_matched
355,A321,Lufthansa,Germany,Parked,2009-03-01,Germany,2009-04-01,2009-04-01,2.0,International Aero Engines,V2500,Pax,205.0,Medium-haul,5950.0,13.8,Frankfurt,kerosene_short,0.0,0.0,0,0.15,ambiguity_aware_utility,ambiguity_averse,D-AISP,3c6670,1163,1100577.173044803,946.3260301331068,5312556.98137225,63455541.72194633,bulk_matched
356,A321,Lufthansa,Germany,Active,2009-06-01,Germany,2009-06-01,2009-06-01,2.0,International Aero Engines,V2500,Pax,205.0,Medium-haul,5950.0,13.6,Frankfurt,kerosene_short,0.0,0.0,0,0.15,ambiguity_aware_utility,ambiguity_averse,D-AISQ,3c6671,920,896360.2384162864,974.3046069742244,4289397.812718516,51234473.87413783,bulk_matched
357,A321,Lufthansa,Germany,Active,2009-07-01,Germany,2009-07-01,2009-07-01,2.0,International Aero Engines,V2500,Pax,205.0,Medium-haul,5950.0,13.5,Frankfurt,kerosene_short,0.0,0.0,0,0.15,ambiguity_aware_utility,ambiguity_averse,D-AISR,3c6672,1111,1157921.2600035658,1042.233357338943,5478429.508575892,65436796.907989815,bulk_matched
358,A321,Lufthansa,Germany,Active,2012-01-01,,,,,,,,205.0,Short-haul,5950.0,14.4,Frankfurt,kerosene_short,0.0,0.0,0,0.15,ambiguity_aware_utility,ambiguity_averse,D-AIST,3c6674,1126,1118537.7066258923,993.3727412308102,5333061.221188479,63700453.47530684,type_median_fallback
359,A321,Lufthansa,Germany,Active,2012-01-01,,,,,,,,205.0,Short-haul,5950.0,14.4,Frankfurt,kerosene_short,0.0,0.0,0,0.15,ambiguity_aware_utility,ambiguity_averse,D-AISU,3c6675,1112,1107795.0170505787,996.2185405131104,5281145.33733623,63080347.08484943,type_median_fallback
360,A321,Lufthansa,Germany,Active,2009-09-01,Germany,2009-09-01,2009-09-01,2.0,International Aero Engines,V2500,Pax,205.0,Medium-haul,5950.0,13.3,Frankfurt,kerosene_short,0.0,0.0,0,0.15,ambiguity_aware_utility,ambiguity_averse,D-AISV,3c6676,1242,1235796.932115705,995.0055814136113,5902579.518269964,70503033.13489123,bulk_matched
361,A321,Lufthansa,Germany,Active,2012-01-01,,,,,,,,205.0,Short-haul,5950.0,14.4,Frankfurt,kerosene_short,0.0,0.0,0,0.15,ambiguity_aware_utility,ambiguity_averse,D-AISW,3c6677,1026,1016307.4638426126,990.5530836672638,4858776.216690408,58035382.58824653,type_median_fallback
362,A321,Lufthansa,Germany,Active,2012-01-01,,,,,,,,205.0,Short-haul,5950.0,14.4,Frankfurt,kerosene_short,0.0,0.0,0,0.15,ambiguity_aware_utility,ambiguity_averse,D-AISX,3c6678,1161,1186634.7810136655,1022.0799147404526,5629205.960268907,67237737.85876751,type_median_fallback
363,A321,Lufthansa,Germany,Parked,2009-10-01,Germany,2009-11-01,2009-11-01,2.0,International Aero Engines,V2500,Pax,205.0,Medium-haul,5950.0,13.2,Frankfurt,kerosene_short,0.0,0.0,0,0.15,ambiguity_aware_utility,ambiguity_averse,D-AISZ,3c667a,1245,1247673.8480131484,1002.1476690868662,5941539.922292681,70968393.51627368,bulk_matched
364,A320,Lufthansa,Germany,Active,2014-01-01,Germany,2014-01-01,2014-01-01,2.0,CFM International,CFM56-5,Pax,168.0,Medium-haul,6100.0,9.0,Frankfurt,kerosene_short,0.0,0.0,0,0.15,ambiguity_aware_utility,ambiguity_averse,D-AIUA,3c66a1,1434,1063852.2655969732,741.8774516017944,4601711.534771935,54964887.77644257,bulk_matched
365,A320,Lufthansa,Germany,Active,2014-01-01,Germany,2014-02-01,2014-02-01,2.0,CFM International,CFM56-5,Pax,168.0,Medium-haul,6100.0,9.0,Frankfurt,kerosene_short,0.0,0.0,0,0.15,ambiguity_aware_utility,ambiguity_averse,D-AIUB,3c66a2,1564,1167030.2931020283,746.1830518555169,5096475.66584372,60874570.45313332,bulk_matched
366,A320,Lufthansa,Germany,Active,2016-01-01,,,,,,,,168.0,Short-haul,6100.0,10.25,Frankfurt,kerosene_short,0.0,0.0,0,0.15,ambiguity_aware_utility,ambiguity_averse,D-AIUC,3c66a3,1492,1127920.833348885,755.9791108236494,4901960.500912697,58551194.87201277,type_median_fallback
367,A320,Lufthansa,Germany,Active,2016-01-01,,,,,,,,168.0,Short-haul,6100.0,10.25,Frankfurt,kerosene_short,0.0,0.0,0,0.15,ambiguity_aware_utility,ambiguity_averse,D-AIUD,3c66a4,1546,1212306.439933504,784.1568175507788,5235140.845576384,62530848.98882903,type_median_fallback
368,A320,Lufthansa,Germany,Active,2014-04-01,Germany,2014-04-01,2014-04-01,2.0,CFM International,CFM56-5,Pax,168.0,Medium-haul,6100.0,8.8,Frankfurt,kerosene_short,0.0,0.0,0,0.15,ambiguity_aware_utility,ambiguity_averse,D-AIUE,3c66a5,1378,1155412.2598440603,838.4704353004794,4912203.7153448025,58673544.37772958,bulk_matched
369,A320,Lufthansa,Germany,Active,2014-06-01,Germany,2014-06-01,2014-06-01,2.0,CFM International,CFM56-5,Pax,168.0,Medium-haul,6100.0,8.6,Frankfurt,kerosene_short,0.0,0.0,0,0.15,ambiguity_aware_utility,ambiguity_averse,D-AIUF,3c66a6,1405,1096919.0583263529,780.7253084173329,4736795.103745719,56578385.96140719,bulk_matched
370,A320,Lufthansa,Germany,Active,2014-07-01,Germany,2014-07-01,2014-07-01,2.0,CFM International,CFM56-5,Pax,168.0,Medium-haul,6100.0,8.5,Frankfurt,kerosene_short,0.0,0.0,0,0.15,ambiguity_aware_utility,ambiguity_averse,D-AIUG,3c66a7,1470,1148002.9921246476,780.9544164113249,4959140.496861289,59234178.1569543,bulk_matched
371,A320,Lufthansa,Germany,Active,2014-07-01,Germany,2014-08-01,2014-08-01,2.0,CFM International,CFM56-5,Pax,168.0,Medium-haul,6100.0,8.5,Frankfurt,kerosene_short,0.0,0.0,0,0.15,ambiguity_aware_utility,ambiguity_averse,D-AIUH,3c66a8,1458,1140979.845300001,782.5650516460913,4928912.3857382815,58873120.16298503,bulk_matched
372,A320,Lufthansa,Germany,Active,2014-09-01,Germany,2014-09-01,2014-09-01,2.0,CFM International,CFM56-5,Pax,168.0,Medium-haul,6100.0,8.4,Frankfurt,kerosene_short,0.0,0.0,0,0.15,ambiguity_aware_utility,ambiguity_averse,D-AIUI,3c66a9,1410,1077766.3323339329,764.3732853432148,4679079.0695564095,55888999.99747932,bulk_matched
373,A320,Lufthansa,Germany,Active,2014-10-01,Germany,2014-10-01,2014-10-01,2.0,CFM International,CFM56-5,Pax,168.0,Medium-haul,6100.0,8.3,Frankfurt,kerosene_short,0.0,0.0,0,0.15,ambiguity_aware_utility,ambiguity_averse,D-AIUJ,3c66aa,1665,1233426.351591209,740.7966075622877,5338418.551616177,63764443.81097101,bulk_matched
374,A320,Lufthansa,Germany,Active,2015-01-01,Germany,2015-01-01,2015-01-01,2.0,CFM International,CFM56-5,Pax,168.0,Medium-haul,6100.0,8.0,Frankfurt,kerosene_short,0.0,0.0,0,0.15,ambiguity_aware_utility,ambiguity_averse,D-AIUK,3c66ab,1675,1265065.9095254953,755.2632295674598,5505599.533925045,65761327.76632693,bulk_matched
375,A320,Lufthansa,Germany,Active,2015-03-01,Germany,2015-03-01,2015-03-01,2.0,CFM International,CFM56-5,Pax,168.0,Medium-haul,6100.0,7.8,Frankfurt,kerosene_short,0.0,0.0,0,0.15,ambiguity_aware_utility,ambiguity_averse,D-AIUL,3c66ac,1708,1315295.7731826124,770.0794924956747,5701297.135892088,68098826.90093327,bulk_matched
376,A320,Lufthansa,Germany,Active,2016-01-01,,,,,,,,168.0,Short-haul,6100.0,10.25,Frankfurt,kerosene_short,0.0,0.0,0,0.15,ambiguity_aware_utility,ambiguity_averse,D-AIUM,3c66ad,1715,1292221.4525396149,753.4818965245568,5630843.239650229,67257294.25137773,type_median_fallback
377,A320,Lufthansa,Germany,Active,2016-01-01,,,,,,,,168.0,Short-haul,6100.0,10.25,Frankfurt,kerosene_short,0.0,0.0,0,0.15,ambiguity_aware_utility,ambiguity_averse,D-AIUN,3c66ae,1707,1264665.7970891374,740.8704142291373,5474290.514962631,65387358.92872031,type_median_fallback
378,A320,Lufthansa,Germany,Active,2016-01-01,,,,,,,,168.0,Short-haul,6100.0,10.25,Frankfurt,kerosene_short,0.0,0.0,0,0.15,ambiguity_aware_utility,ambiguity_averse,D-AIUO,3c66af,1779,1345558.4468887192,756.3566311909608,5842820.615547687,69789246.24126405,type_median_fallback
379,A320,Lufthansa,Germany,Active,2016-01-01,,,,,,,,168.0,Short-haul,6100.0,10.25,Frankfurt,kerosene_short,0.0,0.0,0,0.15,ambiguity_aware_utility,ambiguity_averse,D-AIUP,3c66b0,1531,1161406.7685447098,758.5935784093467,5045129.643684588,60261270.74401037,type_median_fallback
380,A320,Eurowings Discover,Germany,Active,2016-01-01,,,,,,,,168.0,Short-haul,6100.0,10.25,Frankfurt,kerosene_short,0.0,0.0,0,0.15,ambiguity_aware_utility,ambiguity_averse,D-AIUQ,3c66b1,449,624894.4708600375,1391.7471511359408,2416647.9095283486,28865516.69714417,type_median_fallback
381,A320,Eurowings Discover,Germany,Active,2016-01-01,,,,,,,,168.0,Medium-haul,6100.0,10.25,Frankfurt,kerosene_medium,0.0,0.0,0,0.15,ambiguity_aware_utility,ambiguity_averse,D-AIUR,3c66b2,423,780882.8375816352,1846.0587176870808,2881271.296037593,34415184.92489347,type_median_fallback
382,A320,Eurowings Discover,Germany,Active,2016-01-01,,,,,,,,168.0,Short-haul,6100.0,10.25,Frankfurt,kerosene_short,0.0,0.0,0,0.15,ambiguity_aware_utility,ambiguity_averse,D-AIUS,3c66b3,375,531451.2454607246,1417.203321228599,2043796.4984733872,24412013.73176546,type_median_fallback
383,A320,Eurowings Discover,Germany,Active,2016-01-01,,,,,,,,168.0,Medium-haul,6100.0,10.25,Frankfurt,kerosene_medium,0.0,0.0,0,0.15,ambiguity_aware_utility,ambiguity_averse,D-AIUT,3c66b4,441,811618.2610757056,1840.4042201263169,3002420.8026725035,35862248.47636601,type_median_fallback
384,A320,Eurowings Discover,Germany,Active,2016-01-01,,,,,,,,168.0,Medium-haul,6100.0,10.25,Frankfurt,kerosene_medium,0.0,0.0,0,0.15,ambiguity_aware_utility,ambiguity_averse,D-AIUU,3c66b5,500,824030.312955996,1648.060625911992,3100427.681856183,37032886.19994885,type_median_fallback
385,A320,Eurowings Discover,Germany,Active,2016-01-01,,,,,,,,168.0,Medium-haul,6100.0,10.25,Frankfurt,kerosene_medium,0.0,0.0,0,0.15,ambiguity_aware_utility,ambiguity_averse,D-AIUV,3c66b6,460,816900.4661040099,1775.870578486978,3034238.537860958,36242293.64667256,type_median_fallback
386,A320,Eurowings Discover,Germany,Active,2016-01-01,,,,,,,,168.0,Medium-haul,6100.0,10.25,Frankfurt,kerosene_medium,0.0,0.0,0,0.15,ambiguity_aware_utility,ambiguity_averse,D-AIUW,3c66b7,477,803985.4816070203,1685.5041543124114,3011617.4542935635,35972097.37072869,type_median_fallback
387,A320,Eurowings Discover,Germany,Active,2016-01-01,,,,,,,,168.0,Medium-haul,6100.0,10.25,Frankfurt,kerosene_medium,0.0,0.0,0,0.15,ambiguity_aware_utility,ambiguity_averse,D-AIUX,3c66b8,484,825464.5832413876,1705.5053372755942,3086213.9277426787,36863110.80359311,type_median_fallback
388,A320,Eurowings Discover,Germany,Active,2016-01-01,,,,,,,,168.0,Short-haul,6100.0,10.25,Frankfurt,kerosene_short,0.0,0.0,0,0.15,ambiguity_aware_utility,ambiguity_averse,D-AIUY,3c66b9,398,571750.6503557699,1436.559423004447,2197329.0259811166,26245874.476996675,type_median_fallback
389,A320,Eurowings Discover,Germany,Active,2016-01-01,,,,,,,,168.0,Medium-haul,6100.0,10.25,Frankfurt,kerosene_medium,0.0,0.0,0,0.15,ambiguity_aware_utility,ambiguity_averse,D-AIUZ,3c66ba,417,699825.4119465558,1678.2383979533713,2622701.901391691,31326717.15551187,type_median_fallback
390,A359,Lufthansa,Germany,Active,2023-01-01,,,,,,,,293.0,Long-haul,15000.0,3.3,Frankfurt,kerosene_long,0.0,0.0,0,0.15,ambiguity_aware_utility,ambiguity_averse,D-AIVA,3c66c1,465,3254234.969848316,6998.354773867347,29632280.748596214,353941131.1637881,type_median_fallback
391,A359,Lufthansa,Germany,Active,2023-01-01,,,,,,,,293.0,Long-haul,15000.0,3.3,Frankfurt,kerosene_long,0.0,0.0,0,0.15,ambiguity_aware_utility,ambiguity_averse,D-AIVB,3c66c2,459,3310516.2339437464,7212.453668722759,30036451.52994397,358768726.6076641,type_median_fallback
392,A359,Lufthansa,Germany,Active,2018-09-01,France,2018-10-01,2022-03-01,2.0,Rolls-Royce,RR Trent XWB,Pax,295.0,Long-haul,15000.0,4.4,Frankfurt,kerosene_long,0.0,0.0,0,0.15,ambiguity_aware_utility,ambiguity_averse,D-AIVC,3c66c3,441,3132994.2249400774,7104.295294648701,28478548.09295404,340160435.55472875,bulk_matched
393,A359,Lufthansa,Germany,Active,2019-01-01,France,2019-02-01,2022-05-01,2.0,Rolls-Royce,RR Trent XWB,Pax,318.0,Long-haul,15000.0,4.0,Frankfurt,kerosene_long,0.0,0.0,0,0.15,ambiguity_aware_utility,ambiguity_averse,D-AIVD,3c66c4,425,3010161.871279935,7082.733814776318,27394683.70286776,327214277.5620315,bulk_matched
394,A359,Lufthansa,Germany,Active,2025-01-01,,,,,,,,293.0,Long-haul,15000.0,1.0,Frankfurt,kerosene_long,0.0,0.0,0,0.15,ambiguity_aware_utility,ambiguity_averse,D-AIVE,3c66c5,407,3125738.0374638783,7679.946037994787,28192112.53617303,336739121.9598446,type_median_fallback
395,A320,Lufthansa,Germany,Active,2016-01-01,,,,,,,,168.0,Short-haul,6100.0,10.25,Frankfurt,kerosene_short,0.0,0.0,0,0.15,ambiguity_aware_utility,ambiguity_averse,D-AIWA,3c66e1,1566,1360545.5862190537,868.8030563340062,5696678.793183261,68043663.36302227,type_median_fallback
396,A320,Eurowings Discover,Germany,Active,2016-01-01,,,,,,,,168.0,Medium-haul,6100.0,10.25,Frankfurt,kerosene_medium,0.0,0.0,0,0.15,ambiguity_aware_utility,ambiguity_averse,D-AIWB,3c66e2,490,809564.4119017596,1652.1722691872644,3043214.329154157,36349504.48711911,type_median_fallback
397,A320,Eurowings Discover,Germany,Active,2016-01-01,,,,,,,,168.0,Medium-haul,6100.0,10.25,Frankfurt,kerosene_medium,0.0,0.0,0,0.15,ambiguity_aware_utility,ambiguity_averse,D-AIWC,3c66e3,490,863812.3404921807,1762.8823275350626,3219093.901907177,38450288.27278017,type_median_fallback
398,A320,Eurowings Discover,Germany,Active,2016-01-01,,,,,,,,168.0,Medium-haul,6100.0,10.25,Frankfurt,kerosene_medium,0.0,0.0,0,0.15,ambiguity_aware_utility,ambiguity_averse,D-AIWD,3c66e4,495,823010.0181861618,1662.6465013861853,3093145.162983022,36945900.557852775,type_median_fallback
399,A320,Eurowings Discover,Germany,Active,2016-01-01,,,,,,,,168.0,Medium-haul,6100.0,10.25,Frankfurt,kerosene_medium,0.0,0.0,0,0.15,ambiguity_aware_utility,ambiguity_averse,D-AIWE,3c66e5,529,886880.4083528351,1676.5225110639606,3326691.3804136035,39735480.37716249,type_median_fallback
400,A320,Eurowings Discover,Germany,Active,2016-01-01,,,,,,,,168.0,Medium-haul,6100.0,10.25,Frankfurt,kerosene_medium,0.0,0.0,0,0.15,ambiguity_aware_utility,ambiguity_averse,D-AIWF,3c66e6,474,844278.3767864137,1781.1780100979192,3140531.57488341,37511904.92221851,type_median_fallback
401,A320,Eurowings Discover,Germany,Active,2016-01-01,,,,,,,,168.0,Medium-haul,6100.0,10.25,Frankfurt,kerosene_medium,0.0,0.0,0,0.15,ambiguity_aware_utility,ambiguity_averse,D-AIWG,3c66e7,355,619790.2785998777,1745.88810873205,2307392.5724066,27560522.392634373,type_median_fallback
402,A320,Eurowings Discover,Germany,Active,2016-01-01,,,,,,,,168.0,Short-haul,6100.0,10.25,Frankfurt,kerosene_short,0.0,0.0,0,0.15,ambiguity_aware_utility,ambiguity_averse,D-AIWH,3c66e8,1122,1196222.0212362087,1066.1515340786175,4809148.1572423065,57442602.9892831,type_median_fallback
403,A320,Eurowings Discover,Germany,Active,2016-01-01,,,,,,,,168.0,Short-haul,6100.0,10.25,Frankfurt,kerosene_short,0.0,0.0,0,0.15,ambiguity_aware_utility,ambiguity_averse,D-AIWI,3c66e9,997,1105218.4289555848,1108.5440611390018,4404487.500004156,52609156.25004964,type_median_fallback
404,A320,Lufthansa,Germany,Active,2016-01-01,,,,,,,,168.0,Short-haul,6100.0,10.25,Frankfurt,kerosene_short,0.0,0.0,0,0.15,ambiguity_aware_utility,ambiguity_averse,D-AIWJ,3c66ea,1411,1234729.1983676394,875.0738471776325,5164638.632412812,61688739.22048636,type_median_fallback
405,A320,Lufthansa,Germany,Active,2016-01-01,,,,,,,,168.0,Short-haul,6100.0,10.25,Frankfurt,kerosene_short,0.0,0.0,0,0.15,ambiguity_aware_utility,ambiguity_averse,D-AIWK,3c66eb,1430,1266676.7486704197,885.7879361331607,5287335.181835715,63154281.338593245,type_median_fallback
406,A359,Lufthansa,Germany,Active,2016-11-01,France,2016-12-01,2016-12-01,2.0,Rolls-Royce,RR Trent XWB,Pax,293.0,Long-haul,15000.0,6.1,Frankfurt,kerosene_long,0.0,0.0,0,0.15,ambiguity_aware_utility,ambiguity_averse,D-AIXA,3c6701,202,1664478.5457049254,8239.992800519432,14868268.993561298,177593212.9786488,bulk_matched
407,A359,Lufthansa,Germany,Active,2017-01-01,France,2017-02-01,2017-02-01,2.0,Rolls-Royce,RR Trent XWB,Pax,293.0,Long-haul,15000.0,6.0,Frankfurt,kerosene_long,0.0,0.0,0,0.15,ambiguity_aware_utility,ambiguity_averse,D-AIXB,3c6702,183,1507613.8663054751,8238.327138281285,13482010.178695329,161035121.57886088,bulk_matched
408,A359,Lufthansa,Germany,Parked,2017-03-01,France,2017-03-01,2017-03-01,2.0,Rolls-Royce,RR Trent XWB,Pax,293.0,Long-haul,15000.0,5.9,Frankfurt,kerosene_long,0.0,0.0,0,0.15,ambiguity_aware_utility,ambiguity_averse,D-AIXC,3c6703,167,1368450.738486132,8194.315799318156,12243115.321654174,146237210.78642485,bulk_matched
409,A359,Lufthansa,Germany,Active,2023-01-01,,,,,,,,293.0,Long-haul,15000.0,3.3,Frankfurt,kerosene_long,0.0,0.0,0,0.15,ambiguity_aware_utility,ambiguity_averse,D-AIXD,3c6704,225,1835403.7544544863,8157.350019797718,16417307.66360879,196095619.3153272,type_median_fallback
410,A359,Lufthansa,Germany,Active,2023-01-01,,,,,,,,293.0,Long-haul,15000.0,3.3,Frankfurt,kerosene_long,0.0,0.0,0,0.15,ambiguity_aware_utility,ambiguity_averse,D-AIXE,3c6705,261,2096362.3875992235,8032.039799230741,18710282.9104124,223483934.7632592,type_median_fallback
411,A359,Lufthansa,Germany,Active,2017-10-01,France,2017-11-01,2017-11-01,2.0,Rolls-Royce,RR Trent XWB,Pax,293.0,Long-haul,15000.0,5.2,Frankfurt,kerosene_long,0.0,0.0,0,0.15,ambiguity_aware_utility,ambiguity_averse,D-AIXF,3c6706,297,2447410.5707579223,8240.439632181557,21790841.804116994,260279499.32695305,bulk_matched
412,A359,Lufthansa,Germany,Active,2017-12-01,France,2018-01-01,2018-01-01,2.0,Rolls-Royce,RR Trent XWB,Pax,293.0,Long-haul,15000.0,5.1,Frankfurt,kerosene_long,0.0,0.0,0,0.15,ambiguity_aware_utility,ambiguity_averse,D-AIXG,3c6707,293,2406083.1540237605,8211.887897692015,21378228.99293246,255351068.52669328,bulk_matched
413,A359,Lufthansa,Germany,Active,2018-01-01,France,2018-02-01,2018-02-01,2.0,Rolls-Royce,RR Trent XWB,Pax,293.0,Long-haul,15000.0,5.0,Frankfurt,kerosene_long,0.0,0.0,0,0.15,ambiguity_aware_utility,ambiguity_averse,D-AIXH,3c6708,278,2367441.01563304,8515.974876377843,20894733.514891744,249575983.65009588,bulk_matched
414,A359,Lufthansa,Germany,Active,2023-01-01,,,,,,,,293.0,Long-haul,15000.0,3.3,Frankfurt,kerosene_long,0.0,0.0,0,0.15,ambiguity_aware_utility,ambiguity_averse,D-AIXI,3c6709,259,2193206.29932539,8467.97798967332,19425140.754992045,232022514.5735161,type_median_fallback
415,A359,Lufthansa,Germany,Active,2023-01-01,,,,,,,,293.0,Long-haul,15000.0,3.3,Frankfurt,kerosene_long,0.0,0.0,0,0.15,ambiguity_aware_utility,ambiguity_averse,D-AIXJ,3c670a,270,2345515.027839667,8687.092695702471,20707654.415588938,247341427.7417568,type_median_fallback
416,A359,Lufthansa,Germany,Active,2018-04-01,France,2018-06-01,2018-06-01,2.0,Rolls-Royce,RR Trent XWB,Pax,293.0,Long-haul,15000.0,4.8,Frankfurt,kerosene_long,0.0,0.0,0,0.15,ambiguity_aware_utility,ambiguity_averse,D-AIXK,3c670b,237,2028192.129814344,8557.77269963858,17953196.08406534,214440953.226336,bulk_matched
417,A359,Lufthansa,Germany,Active,2018-10-01,France,2018-11-01,2018-11-01,2.0,Rolls-Royce,RR Trent XWB,Pax,293.0,Long-haul,15000.0,4.3,Frankfurt,kerosene_long,0.0,0.0,0,0.15,ambiguity_aware_utility,ambiguity_averse,D-AIXL,3c670c,258,2155653.247034786,8355.24514354568,19085930.35940998,227970834.8485081,bulk_matched
418,A359,Lufthansa,Germany,Active,2023-01-01,,,,,,,,293.0,Long-haul,15000.0,3.3,Frankfurt,kerosene_long,0.0,0.0,0,0.15,ambiguity_aware_utility,ambiguity_averse,D-AIXM,3c670d,266,2242667.6393426424,8431.081350912189,19829439.89030175,236851643.13415977,type_median_fallback
419,A359,Lufthansa,Germany,Active,2023-01-01,,,,,,,,293.0,Long-haul,15000.0,3.3,Frankfurt,kerosene_long,0.0,0.0,0,0.15,ambiguity_aware_utility,ambiguity_averse,D-AIXN,3c670e,305,2567252.2966339616,8417.220644701514,22770636.86680418,271982607.020161,type_median_fallback
420,A359,Lufthansa,Germany,Active,2019-06-01,France,2019-07-01,2019-07-01,2.0,Rolls-Royce,RR Trent XWB,Pax,293.0,Long-haul,15000.0,3.6,Frankfurt,kerosene_long,0.0,0.0,0,0.15,ambiguity_aware_utility,ambiguity_averse,D-AIXO,3c670f,297,2465108.3787758555,8300.028211366516,21904512.98902453,261637238.4800152,bulk_matched
421,A359,Lufthansa,Germany,Active,2020-01-01,France,2020-02-01,2020-02-01,2.0,Rolls-Royce,RR Trent XWB,Pax,293.0,Long-haul,15000.0,3.0,Frankfurt,kerosene_long,0.0,0.0,0,0.15,ambiguity_aware_utility,ambiguity_averse,D-AIXP,3c6710,204,1722078.5461511244,8441.561500740805,15265664.3630941,182339879.8925128,bulk_matched
422,A359,Lufthansa,Germany,Active,2020-05-01,France,2020-10-01,2020-10-01,2.0,Rolls-Royce,RR Trent XWB,Pax,293.0,Long-haul,15000.0,2.6,Frankfurt,kerosene_long,0.0,0.0,0,0.15,ambiguity_aware_utility,ambiguity_averse,D-AIXQ,3c6711,242,1994313.200523352,8240.963638526247,17778592.76243848,212355413.55134848,bulk_matched
423,A359,Lufthansa,Germany,Active,2023-01-01,,,,,,,,293.0,Long-haul,15000.0,3.3,Frankfurt,kerosene_long,0.0,0.0,0,0.15,ambiguity_aware_utility,ambiguity_averse,D-AIXR,3c6712,409,3146309.986809342,7692.68945430157,28351937.798772164,338648145.9297786,type_median_fallback
424,A359,Lufthansa,Germany,Active,2023-01-01,,,,,,,,293.0,Long-haul,15000.0,3.0,Frankfurt,kerosene_long,0.0,0.0,0,0.15,ambiguity_aware_utility,ambiguity_averse,D-AIXS,3c6713,398,3080389.240333968,7739.671458125547,27735156.75817065,331281039.0559272,type_median_fallback
425,A359,Lufthansa,Germany,Active,2024-01-01,,,,,,,,293.0,Long-haul,15000.0,2.0,Frankfurt,kerosene_long,0.0,0.0,0,0.15,ambiguity_aware_utility,ambiguity_averse,D-AIXT,3c6714,343,2745150.0325799435,8003.352864664558,24606541.05822848,293911462.6399512,type_median_fallback
426,A359,Lufthansa,Germany,Active,2024-01-01,,,,,,,,293.0,Long-haul,15000.0,2.0,Frankfurt,kerosene_long,0.0,0.0,0,0.15,ambiguity_aware_utility,ambiguity_averse,D-AIXU,3c6715,352,2763880.3727994347,7851.9328772711215,24842772.75039829,296733118.96309066,type_median_fallback
427,A359,Lufthansa,Germany,Active,2024-01-01,,,,,,,,293.0,Long-haul,15000.0,2.0,Frankfurt,kerosene_long,0.0,0.0,0,0.15,ambiguity_aware_utility,ambiguity_averse,D-AIXV,3c6716,367,2881822.0112867486,7852.376052552448,25877955.83504949,309097805.8075356,type_median_fallback
428,A359,Lufthansa,Germany,Active,2024-01-01,,,,,,,,293.0,Long-haul,15000.0,2.0,Frankfurt,kerosene_long,0.0,0.0,0,0.15,ambiguity_aware_utility,ambiguity_averse,D-AIXW,3c6717,379,2930368.996467356,7731.84431785582,26354300.09115048,314787473.3109641,type_median_fallback
429,A359,Lufthansa,Germany,Active,2024-01-01,,,,,,,,293.0,Long-haul,15000.0,2.0,Frankfurt,kerosene_long,0.0,0.0,0,0.15,ambiguity_aware_utility,ambiguity_averse,D-AIXX,3c6718,362,2843151.1255545355,7854.008634128551,25571706.36919049,305439826.076442,type_median_fallback
430,A359,Lufthansa,Germany,Active,2024-01-01,,,,,,,,293.0,Long-haul,15000.0,2.0,Frankfurt,kerosene_long,0.0,0.0,0,0.15,ambiguity_aware_utility,ambiguity_averse,D-AIXY,3c6719,387,3013097.6580013954,7785.78206201911,27113098.25639451,323850895.8402678,type_median_fallback
431,A359,Lufthansa,Germany,Active,2024-01-01,,,,,,,,293.0,Long-haul,15000.0,2.0,Frankfurt,kerosene_long,0.0,0.0,0,0.15,ambiguity_aware_utility,ambiguity_averse,D-AIXZ,3c671a,389,3036763.58911882,7806.590203390282,27335220.74672544,326504025.5858872,type_median_fallback
432,A320,Lufthansa,Germany,Parked,2009-11-01,Germany,2009-11-01,2009-11-01,2.0,CFM International,CFM56-5,Pax,168.0,Medium-haul,6100.0,13.2,Frankfurt,kerosene_short,0.0,0.0,0,0.15,ambiguity_aware_utility,ambiguity_averse,D-AIZA,3c6741,1653,1116468.8894294386,675.4197758193822,4933128.346427482,58923477.47121714,bulk_matched
433,A320,Lufthansa,Germany,Active,2009-11-01,Germany,2009-12-01,2009-12-01,2.0,CFM International,CFM56-5,Pax,168.0,Medium-haul,6100.0,13.2,Frankfurt,kerosene_short,0.0,0.0,0,0.15,ambiguity_aware_utility,ambiguity_averse,D-AIZB,3c6742,1644,1077242.7552855504,655.2571504170014,4786509.199891293,57172193.22092378,bulk_matched
434,A320,Lufthansa,Germany,Active,2010-01-01,Germany,2010-01-01,2010-01-01,2.0,CFM International,CFM56-5,Pax,168.0,Medium-haul,6100.0,13.1,Frankfurt,kerosene_short,0.0,0.0,0,0.15,ambiguity_aware_utility,ambiguity_averse,D-AIZC,3c6743,1536,1088226.9516887837,708.4810883390519,4751595.692654671,56755170.77337524,bulk_matched
435,A320,Lufthansa,Germany,Active,2010-02-01,Germany,2010-02-01,2010-02-01,2.0,CFM International,CFM56-5,Pax,168.0,Medium-haul,6100.0,13.0,Frankfurt,kerosene_short,0.0,0.0,0,0.15,ambiguity_aware_utility,ambiguity_averse,D-AIZD,3c6744,1549,1019241.9559441644,657.999971558531,4524834.709812733,54046636.811652094,bulk_matched
436,A320,Lufthansa,Germany,Active,2010-03-01,Germany,2010-03-01,2010-03-01,2.0,CFM International,CFM56-5,Pax,168.0,Medium-haul,6100.0,12.8,Frankfurt,kerosene_short,0.0,0.0,0,0.15,ambiguity_aware_utility,ambiguity_averse,D-AIZE,3c6745,1707,1150001.288689668,673.6972985879719,5083652.862685371,60721409.19318638,bulk_matched
437,A320,Lufthansa,Germany,Active,2010-04-01,Germany,2010-04-01,2010-04-01,2.0,CFM International,CFM56-5,Pax,168.0,Medium-haul,6100.0,12.8,Frankfurt,kerosene_short,0.0,0.0,0,0.15,ambiguity_aware_utility,ambiguity_averse,D-AIZF,3c6746,1578,1045184.916573444,662.3478558767073,4636320.060429698,55378267.38846584,bulk_matched
438,A320,Lufthansa,Germany,Active,2010-05-01,Germany,2010-05-01,2010-05-01,2.0,CFM International,CFM56-5,Pax,168.0,Medium-haul,6100.0,12.7,Frankfurt,kerosene_short,0.0,0.0,0,0.15,ambiguity_aware_utility,ambiguity_averse,D-AIZG,3c6747,1636,1116218.291447508,682.2850192221932,4914044.764273265,58695534.68437512,bulk_matched
439,A320,Lufthansa,Germany,Active,2010-06-01,Germany,2010-06-01,2010-06-01,2.0,CFM International,CFM56-5,Pax,168.0,Medium-haul,6100.0,12.6,Frankfurt,kerosene_short,0.0,0.0,0,0.15,ambiguity_aware_utility,ambiguity_averse,D-AIZH,3c6748,1592,1073180.6115162908,674.1084243192781,4737019.317899324,56581064.07490858,bulk_matched
440,A320,Lufthansa,Germany,Active,2010-08-01,Germany,2010-08-01,2010-08-01,2.0,CFM International,CFM56-5,Pax,168.0,Medium-haul,6100.0,12.5,Frankfurt,kerosene_short,0.0,0.0,0,0.15,ambiguity_aware_utility,ambiguity_averse,D-AIZI,3c6749,1644,1097895.1893435717,667.8194582381823,4856652.026558798,58010010.31723008,bulk_matched
441,A320,Lufthansa,Germany,Active,2010-09-01,Germany,2010-09-01,2010-09-01,2.0,CFM International,CFM56-5,Pax,168.0,Medium-haul,6100.0,12.4,Frankfurt,kerosene_short,0.0,0.0,0,0.15,ambiguity_aware_utility,ambiguity_averse,D-AIZJ,3c674a,1662,1136298.6331494967,683.6935217505998,5006059.090636456,59794594.69371322,bulk_matched
442,A320,Lufthansa,Germany,Active,2012-06-01,Germany,2012-07-01,2012-07-01,2.0,CFM International,CFM56-5,Pax,168.0,Medium-haul,6100.0,10.6,Frankfurt,kerosene_short,0.0,0.0,0,0.15,ambiguity_aware_utility,ambiguity_averse,D-AIZM,3c674d,1601,1121988.3483107002,700.8047147474704,4911801.154398574,58668736.01087184,bulk_matched
443,A320,Lufthansa,Germany,Active,2016-01-01,,,,,,,,168.0,Short-haul,6100.0,10.25,Frankfurt,kerosene_short,0.0,0.0,0,0.15,ambiguity_aware_utility,ambiguity_averse,D-AIZN,3c674e,1755,1350606.836818274,769.5765451955976,5851163.929529419,69888902.49160138,type_median_fallback
444,A320,Lufthansa,Germany,Active,2016-01-01,,,,,,,,168.0,Short-haul,6100.0,10.25,Frankfurt,kerosene_short,0.0,0.0,0,0.15,ambiguity_aware_utility,ambiguity_averse,D-AIZO,3c674f,1694,1259780.7507251028,743.6722259298127,5454116.170957981,65146387.59755367,type_median_fallback
445,A320,Lufthansa,Germany,Active,2013-02-01,Germany,2013-02-01,2013-02-01,2.0,CFM International,CFM56-5,Pax,168.0,Medium-haul,6100.0,9.9,Frankfurt,kerosene_short,0.0,0.0,0,0.15,ambiguity_aware_utility,ambiguity_averse,D-AIZP,3c6750,1679,1308998.8995073868,779.6300771336431,5654026.916366098,67534210.3899284,bulk_matched
446,A320,Lufthansa,Germany,Active,2016-01-01,,,,,,,,168.0,Short-haul,6100.0,10.25,Frankfurt,kerosene_short,0.0,0.0,0,0.15,ambiguity_aware_utility,ambiguity_averse,D-AIZQ,3c6751,1709,1245596.3286347922,728.8451308571049,5448678.78164278,65081441.00295542,type_median_fallback
447,A320,Lufthansa,Germany,Active,2016-01-01,,,,,,,,168.0,Short-haul,6100.0,10.25,Frankfurt,kerosene_short,0.0,0.0,0,0.15,ambiguity_aware_utility,ambiguity_averse,D-AIZR,3c6752,1646,1267175.4409731722,769.8514222194242,5436923.189731166,64941026.98845559,type_median_fallback
448,A320,Lufthansa,Germany,Active,2016-01-01,,,,,,,,168.0,Short-haul,6100.0,10.25,Frankfurt,kerosene_short,0.0,0.0,0,0.15,ambiguity_aware_utility,ambiguity_averse,D-AIZS,3c6753,1509,1120328.447371136,742.4310453089039,4849717.541005751,57927181.73979092,type_median_fallback
449,A320,Lufthansa,Germany,Active,2016-01-01,,,,,,,,168.0,Short-haul,6100.0,10.25,Frankfurt,kerosene_short,0.0,0.0,0,0.15,ambiguity_aware_utility,ambiguity_averse,D-AIZT,3c6754,1720,1229776.081540734,714.9860939190314,5367980.4446011,64117544.19940203,type_median_fallback
450,A320,Lufthansa,Germany,Active,2013-06-01,Germany,2013-07-01,2013-07-01,2.0,CFM International,CFM56-5,Pax,168.0,Medium-haul,6100.0,9.6,Frankfurt,kerosene_short,0.0,0.0,0,0.15,ambiguity_aware_utility,ambiguity_averse,D-AIZW,3c6757,1726,1228550.3981895233,711.7904972129335,5397138.38640444,64465819.61538637,bulk_matched
451,A320,Lufthansa,Germany,Active,2013-08-01,Germany,2013-08-01,2013-08-01,2.0,CFM International,CFM56-5,Pax,168.0,Medium-haul,6100.0,9.5,Frankfurt,kerosene_short,0.0,0.0,0,0.15,ambiguity_aware_utility,ambiguity_averse,D-AIZX,3c6758,1686,1279876.993815575,759.120399653366,5511898.7123733945,65836567.95334888,bulk_matched
452,A320,Lufthansa,Germany,Active,2013-08-01,Germany,2013-09-01,2013-09-01,2.0,CFM International,CFM56-5,Pax,168.0,Medium-haul,6100.0,9.4,Frankfurt,kerosene_short,0.0,0.0,0,0.15,ambiguity_aware_utility,ambiguity_averse,D-AIZY,3c6759,897,804248.6637888324,896.5982873900026,3365247.0061113387,40196005.90632988,bulk_matched
453,A320,Lufthansa,Germany,Active,2013-10-01,Germany,2013-11-01,2013-11-01,2.0,CFM International,CFM56-5,Pax,168.0,Medium-haul,6100.0,9.2,Frankfurt,kerosene_short,0.0,0.0,0,0.15,ambiguity_aware_utility,ambiguity_averse,D-AIZZ,3c675a,1481,1107062.3703615908,747.5100407573199,4811362.932108028,57469057.24462366,bulk_matched
455,E190,German Airways,Germany,Active,2011-01-01,,,,,,,,100.0,Short-haul,4537.0,14.6,Munich,kerosene_short,0.0,0.0,0,0.15,ambiguity_aware_utility,ambiguity_averse,D-AJHW,3c6917,1643,793546.8397789889,482.9865123426591,2969038.816158037,35463519.192998774,type_median_fallback
456,E190,German Airways,Germany,Active,2008-06-01,Brazil,2008-06-01,2022-05-01,2.0,GE-Aviation,CF34,,100.0,Medium-haul,4537.0,14.6,Munich,kerosene_short,0.0,0.0,0,0.15,ambiguity_aware_utility,ambiguity_averse,D-AKJC,3c6d43,1768,953539.2625838758,539.3321620949524,3549806.4194526896,42400465.5656849,bulk_matched
475,B38M,TUIfly,Germany,Active,2021-10-01,United States,2021-11-01,2021-11-01,2.0,CFM International,LEAP,Pax,189.0,Medium-haul,6570.0,1.3,Hannover,kerosene_medium,0.0,0.0,0,0.15,ambiguity_aware_utility,ambiguity_averse,D-AMAA,3c7421,353,663407.2914404103,1879.340768953004,1982089.524139789,23674958.20500303,bulk_matched
476,B38M,TUIfly,Germany,Active,2019-03-01,United States,2021-10-01,2021-10-01,2.0,CFM International,LEAP,Pax,189.0,Medium-haul,6570.0,3.8,Hannover,kerosene_medium,0.0,0.0,0,0.15,ambiguity_aware_utility,ambiguity_averse,D-AMAB,3c7422,332,627846.2993086139,1891.103311170524,1874758.991343557,22392954.618825823,bulk_matched
477,B38M,TUIfly,Germany,Active,2023-01-01,,,,,,,,189.0,Medium-haul,6570.0,3.0,Hannover,kerosene_medium,0.0,0.0,0,0.15,ambiguity_aware_utility,ambiguity_averse,D-AMAD,3c7424,332,573068.724217438,1726.1106151127651,1731644.0785803976,20683526.494154744,type_median_fallback
478,B38M,TUIfly,Germany,Active,2026-01-01,,,,,,,,189.0,Medium-haul,6570.0,0.0,Hannover,kerosene_medium,0.0,0.0,0,0.15,ambiguity_aware_utility,ambiguity_averse,D-AMAG,3c7427,54,90736.52211693916,1680.305965128503,275436.3710443599,3289934.4319187435,type_median_fallback
479,B38M,TUIfly,Germany,Active,2023-01-01,,,,,,,,189.0,Medium-haul,6570.0,3.0,Hannover,kerosene_medium,0.0,0.0,0,0.15,ambiguity_aware_utility,ambiguity_averse,D-AMAH,3c7428,396,721420.2982313284,1821.768429877092,2165509.3653110345,25865806.3078818,type_median_fallback
480,B38M,TUIfly,Germany,Active,2019-02-01,United States,2021-06-01,2021-06-01,2.0,CFM International,LEAP,Pax,189.0,Medium-haul,6570.0,3.9,Hannover,kerosene_medium,0.0,0.0,0,0.15,ambiguity_aware_utility,ambiguity_averse,D-AMAX,3c7438,346,616169.4690187227,1780.8366156610482,1852654.1798568647,22128924.926068112,bulk_matched
481,B38M,TUIfly,Germany,Active,2023-01-01,,,,,,,,189.0,Medium-haul,6570.0,3.0,Hannover,kerosene_medium,0.0,0.0,0,0.15,ambiguity_aware_utility,ambiguity_averse,D-AMAY,3c7439,346,632092.8200551482,1826.8578614310643,1897443.646053161,22663910.21674609,type_median_fallback
482,B38M,TUIfly,Germany,Active,2023-01-01,,,,,,,,189.0,Medium-haul,6570.0,3.0,Hannover,kerosene_medium,0.0,0.0,0,0.15,ambiguity_aware_utility,ambiguity_averse,D-AMAZ,3c743a,351,607307.0506202218,1730.2195174365293,1835570.900274168,21924874.642163668,type_median_fallback
483,E145,Arcus-Air GmbH & Co. KG,Germany,Active,1998-01-01,,,,,,,,189.0,Short-haul,6300.0,28.0,Frankfurt,kerosene_short,0.0,0.0,0,0.15,ambiguity_aware_utility,ambiguity_averse,D-AMME,3c75a5,432,356100.9739244397,824.3078100102772,267660.8643943723,3197060.324710557,fleet_median_fallback
484,E190,German Airways,Germany,Parked,2008-03-01,Brazil,2008-04-01,2022-01-01,2.0,GE-Aviation,CF34,Pax,100.0,Medium-haul,4537.0,14.9,Munich,kerosene_short,0.0,0.0,0,0.15,ambiguity_aware_utility,ambiguity_averse,D-AMWO,3c76ef,1748,858790.5636571697,491.2989494606234,3209433.267759376,38334897.36490366,bulk_matched
485,A20N,Condor,Germany,Active,2025-01-01,,,,,,,,180.0,Short-haul,6300.0,1.0,Frankfurt,kerosene_short,0.0,0.0,0,0.15,ambiguity_aware_utility,ambiguity_averse,D-ANCK,3c786b,484,718923.8296920685,1485.379813413365,1630798.9982785103,19478988.03499332,type_median_fallback
486,A20N,Condor,Germany,Active,2025-01-01,,,,,,,,180.0,Short-haul,6300.0,1.0,Frankfurt,kerosene_short,0.0,0.0,0,0.15,ambiguity_aware_utility,ambiguity_averse,D-ANCL,3c786c,660,799711.4120057061,1211.6839575844033,1872319.4488008395,22363815.638454467,type_median_fallback
487,A20N,Condor,Germany,Active,2024-01-01,,,,,,,,180.0,Medium-haul,6300.0,2.0,Frankfurt,kerosene_medium,0.0,0.0,0,0.15,ambiguity_aware_utility,ambiguity_averse,D-ANCY,3c7879,697,1173383.427559934,1683.476940545099,2596752.8108479115,31016769.685127825,type_median_fallback
488,A20N,Condor,Germany,Active,2024-01-01,,,,,,,,180.0,Medium-haul,6300.0,2.0,Frankfurt,kerosene_medium,0.0,0.0,0,0.15,ambiguity_aware_utility,ambiguity_averse,D-ANCZ,3c787a,675,1181789.7213309458,1750.7995871569567,2594754.9195886003,30992905.98397495,type_median_fallback
489,A320,LEAV Aviation,Germany,Active,2008-10-01,France,2008-11-01,2022-02-01,2.0,International Aero Engines,V2500,Pax,180.0,Medium-haul,6100.0,14.2,Cologne,kerosene_short,0.0,0.0,0,0.15,ambiguity_aware_utility,ambiguity_averse,D-ANDI,3c7889,404,497506.4816646507,1231.451687288739,1932097.7246670893,23077833.93352357,bulk_matched
490,A21N,Condor,Germany,Active,2024-01-01,,,,,,,,215.0,Short-haul,7400.0,2.0,Frankfurt,kerosene_short,0.0,0.0,0,0.15,ambiguity_aware_utility,ambiguity_averse,D-ANLA,3c7981,525,645475.2637684835,1229.4766928923495,2097064.275232675,25048267.731945835,type_median_fallback
491,A21N,Condor,Germany,Active,2024-01-01,,,,,,,,215.0,Short-haul,7400.0,2.0,Frankfurt,kerosene_short,0.0,0.0,0,0.15,ambiguity_aware_utility,ambiguity_averse,D-ANLB,3c7982,569,720391.2572667422,1266.0654785004256,2340705.952437491,27958432.20967004,type_median_fallback
492,A21N,Condor,Germany,Active,2026-01-01,,,,,,,,215.0,Short-haul,7400.0,0.0,Frankfurt,kerosene_short,0.0,0.0,0,0.15,ambiguity_aware_utility,ambiguity_averse,D-ANLC,3c7983,343,459049.8138211691,1338.3376496243995,1494536.2656152607,17851405.39484895,type_median_fallback
493,A21N,Condor,Germany,Active,2024-01-01,,,,,,,,215.0,Short-haul,7400.0,2.0,Frankfurt,kerosene_short,0.0,0.0,0,0.15,ambiguity_aware_utility,ambiguity_averse,D-ANMW,3c79b7,651,837338.6129244126,1286.234428455319,2718736.923584028,32473802.142809227,type_median_fallback
494,A21N,Condor,Germany,Active,2024-01-01,,,,,,,,215.0,Short-haul,7400.0,2.0,Frankfurt,kerosene_short,0.0,0.0,0,0.15,ambiguity_aware_utility,ambiguity_averse,D-ANMX,3c79b8,601,732375.2994357267,1218.5945082125236,2384164.7275270624,28477523.134351023,type_median_fallback
495,A21N,Condor,Germany,Active,2024-01-01,,,,,,,,215.0,Short-haul,7400.0,2.0,Frankfurt,kerosene_short,0.0,0.0,0,0.15,ambiguity_aware_utility,ambiguity_averse,D-ANMY,3c79b9,555,733392.4826227888,1321.427896617637,2376211.105706259,28382521.54038032,type_median_fallback
496,A21N,Condor,Germany,Active,2024-01-01,,,,,,,,215.0,Short-haul,7400.0,2.0,Frankfurt,kerosene_short,0.0,0.0,0,0.15,ambiguity_aware_utility,ambiguity_averse,D-ANMZ,3c79ba,630,830080.8682936588,1317.5886798312044,2695263.3093591454,32193422.8617898,type_median_fallback
497,A320,Sundair,Germany,Active,2007-10-01,France,2007-10-01,2020-02-01,2.0,CFM International,CFM56-5,Pax,180.0,Medium-haul,6100.0,15.3,Rostock,kerosene_short,0.0,0.0,0,0.15,ambiguity_aware_utility,ambiguity_averse,D-ANNA,3c79c1,284,416735.488905689,1467.3784820622852,1582335.1841642132,18900114.69973921,bulk_matched
498,A320,LEAV Aviation,Germany,Active,2010-10-01,France,2010-11-01,2022-08-01,2.0,International Aero Engines,V2500,Pax,180.0,Medium-haul,6100.0,12.3,Cologne,kerosene_short,0.0,0.0,0,0.15,ambiguity_aware_utility,ambiguity_averse,D-ANNE,3c79c5,340,413690.27036469046,1216.736089307913,1601785.8169520586,19132441.702482924,bulk_matched
499,A339,Condor,Germany,Active,2023-01-01,,,,,,,,287.0,Long-haul,13334.0,3.0,Frankfurt,kerosene_long,0.0,0.0,0,0.15,ambiguity_aware_utility,ambiguity_averse,D-ANRA,3c7a41,242,1883631.387513701,7783.600774850004,12844993.00275803,153426305.31072092,published_typical_specs_fallback
500,A339,Condor,Germany,Active,2020-01-01,,,,,,,,287.0,Long-haul,13334.0,6.0,Frankfurt,kerosene_long,0.0,0.0,0,0.15,ambiguity_aware_utility,ambiguity_averse,D-ANRB,3c7a42,243,1878370.4344725744,7729.919483426232,12800740.02892663,152897728.12329027,published_typical_specs_fallback
501,A339,Condor,Germany,Active,2020-01-01,,,,,,,,287.0,Long-haul,13334.0,6.0,Frankfurt,kerosene_long,0.0,0.0,0,0.15,ambiguity_aware_utility,ambiguity_averse,D-ANRC,3c7a43,256,2022527.885320946,7900.499552034946,13768826.062726293,164460977.97145292,published_typical_specs_fallback
502,A339,Condor,Germany,Active,2023-01-01,,,,,,,,287.0,Long-haul,13334.0,3.0,Frankfurt,kerosene_long,0.0,0.0,0,0.15,ambiguity_aware_utility,ambiguity_averse,D-ANRD,3c7a44,235,1871936.984424905,7965.689295425127,12719989.915097965,151933212.87478125,published_typical_specs_fallback
503,A339,Condor,Germany,Active,2023-01-01,,,,,,,,287.0,Long-haul,13334.0,3.0,Frankfurt,kerosene_long,0.0,0.0,0,0.15,ambiguity_aware_utility,ambiguity_averse,D-ANRE,3c7a45,231,1785865.8956646812,7731.021193353598,12174443.341473248,145416962.1342638,published_typical_specs_fallback
504,A339,Condor,Germany,Active,2023-01-01,,,,,,,,287.0,Long-haul,13334.0,3.0,Frankfurt,kerosene_long,0.0,0.0,0,0.15,ambiguity_aware_utility,ambiguity_averse,D-ANRF,3c7a46,246,1840618.3915487383,7482.188583531458,12582383.733136443,150289583.47912976,published_typical_specs_fallback
505,A339,Condor,Germany,Active,2023-01-01,,,,,,,,287.0,Long-haul,13334.0,3.0,Frankfurt,kerosene_long,0.0,0.0,0,0.15,ambiguity_aware_utility,ambiguity_averse,D-ANRG,3c7a47,245,1834777.981912673,7488.889722092543,12543112.842294373,149820514.5051828,published_typical_specs_fallback
506,A339,Condor,Germany,Active,2023-01-01,,,,,,,,287.0,Long-haul,13334.0,3.0,Frankfurt,kerosene_long,0.0,0.0,0,0.15,ambiguity_aware_utility,ambiguity_averse,D-ANRH,3c7a48,231,1820884.789079722,7882.618134544251,12401777.11155416,148132337.72134137,published_typical_specs_fallback
507,A339,Condor,Germany,Active,2023-01-01,,,,,,,,287.0,Long-haul,13334.0,3.0,Frankfurt,kerosene_long,0.0,0.0,0,0.15,ambiguity_aware_utility,ambiguity_averse,D-ANRI,3c7a49,239,1821691.972376333,7622.142143834029,12434704.893128855,148525641.77903914,published_typical_specs_fallback
508,A339,Condor,Germany,Active,2023-01-01,,,,,,,,287.0,Long-haul,13334.0,3.0,Frankfurt,kerosene_long,0.0,0.0,0,0.15,ambiguity_aware_utility,ambiguity_averse,D-ANRJ,3c7a4a,245,1897267.666015252,7743.949657205109,12926940.25789494,154405119.74707848,published_typical_specs_fallback
509,A339,Condor,Germany,Active,2023-01-01,,,,,,,,287.0,Long-haul,13334.0,3.0,Frankfurt,kerosene_long,0.0,0.0,0,0.15,ambiguity_aware_utility,ambiguity_averse,D-ANRK,3c7a4b,243,1880873.9591241367,7740.222054008796,12824182.34677372,153177733.5864639,published_typical_specs_fallback
510,A339,Condor,Germany,Active,2023-01-01,,,,,,,,287.0,Long-haul,13334.0,3.0,Frankfurt,kerosene_long,0.0,0.0,0,0.15,ambiguity_aware_utility,ambiguity_averse,D-ANRL,3c7a4c,223,1719960.1872524382,7712.825951804655,11727025.802732594,140072808.199306,published_typical_specs_fallback
511,A339,Condor,Germany,Active,2023-01-01,,,,,,,,287.0,Long-haul,13334.0,3.0,Frankfurt,kerosene_long,0.0,0.0,0,0.15,ambiguity_aware_utility,ambiguity_averse,D-ANRM,3c7a4d,223,1734276.6884363685,7777.025508683267,11827898.93909931,141277681.77257508,published_typical_specs_fallback
512,A339,Condor,Germany,Active,2024-01-01,,,,,,,,287.0,Long-haul,13334.0,2.0,Frankfurt,kerosene_long,0.0,0.0,0,0.15,ambiguity_aware_utility,ambiguity_averse,D-ANRN,3c7a4e,228,1775774.4607366058,7788.484476914938,12105319.797209088,144591319.79999745,published_typical_specs_fallback
513,A339,Condor,Germany,Active,2024-01-01,,,,,,,,287.0,Long-haul,13334.0,2.0,Frankfurt,kerosene_long,0.0,0.0,0,0.15,ambiguity_aware_utility,ambiguity_averse,D-ANRO,3c7a4f,242,1860383.9175886428,7687.536849539846,12694073.732564569,151623658.472299,published_typical_specs_fallback
514,A339,Condor,Germany,Active,2024-01-01,,,,,,,,287.0,Long-haul,13334.0,2.0,Frankfurt,kerosene_long,0.0,0.0,0,0.15,ambiguity_aware_utility,ambiguity_averse,D-ANRP,3c7a50,244,1829438.1799309133,7497.697458733253,12527823.869018797,149637896.21328005,published_typical_specs_fallback
515,A339,Condor,Germany,Active,2024-01-01,,,,,,,,287.0,Long-haul,13334.0,2.0,Frankfurt,kerosene_long,0.0,0.0,0,0.15,ambiguity_aware_utility,ambiguity_averse,D-ANRQ,3c7a51,251,2006117.9461382048,7992.50177744305,13642313.286932943,162949853.14947683,published_typical_specs_fallback
516,A339,Condor,Germany,Active,2023-01-01,,,,,,,,287.0,Long-haul,13334.0,3.0,Frankfurt,kerosene_long,0.0,0.0,0,0.15,ambiguity_aware_utility,ambiguity_averse,D-ANRT,3c7a54,239,1884859.0739222951,7886.439639842239,12837185.755806932,153333052.08324948,published_typical_specs_fallback
517,E190,German Airways,Germany,Active,2011-01-01,,,,,,,,100.0,Short-haul,4537.0,14.6,Munich,kerosene_short,0.0,0.0,0,0.15,ambiguity_aware_utility,ambiguity_averse,D-APRI,3c01c3,1662,757439.7280220615,455.73990855719705,2840977.221884277,33933894.594728865,type_median_fallback
518,A320,Condor,Germany,Active,2010-01-01,,,,,,,,168.0,Short-haul,6100.0,16.0,Frankfurt,kerosene_short,0.0,0.0,0,0.15,ambiguity_aware_utility,ambiguity_averse,D-ASGE,3c088d,1001,567511.9999631466,566.9450549082384,2610804.3575901776,31184607.60454934,type_median_fallback
519,A320,Sundair,Germany,Active,2006-01-01,France,2006-02-01,2018-08-01,2.0,CFM International,CFM56-5,Pax,180.0,Medium-haul,6100.0,17.0,Rostock,kerosene_medium,0.0,0.0,0,0.15,ambiguity_aware_utility,ambiguity_averse,D-ASGK,3c0893,124,206261.4350330085,1663.3986696210363,773842.5915241423,9243119.843205033,bulk_matched
520,A320,Sundair,Germany,Active,2005-11-01,France,2005-12-01,2018-10-01,2.0,CFM International,CFM56-5,Pax,180.0,Medium-haul,6100.0,17.2,Rostock,kerosene_medium,0.0,0.0,0,0.15,ambiguity_aware_utility,ambiguity_averse,D-ASMR,3c0936,142,240467.29940383683,1693.431685942513,895671.3825985005,10698297.069926534,bulk_matched
521,A319,Lufthansa CityLine,Germany,Active,2001-01-01,,,,,,,,138.0,Short-haul,6950.0,25.450000000000003,Munich,kerosene_short,0.0,0.0,0,0.15,ambiguity_aware_utility,ambiguity_averse,D-ASTX,3c09f2,1753,1109536.522873071,632.9358373491564,4697560.918997143,56109755.42135477,type_median_fallback
522,A321,Condor,Germany,Active,2012-01-01,,,,,,,,205.0,Short-haul,5950.0,14.4,Frankfurt,kerosene_short,0.0,0.0,0,0.15,ambiguity_aware_utility,ambiguity_averse,D-ATCA,3c0ac5,624,793463.2348145659,1271.5756968182145,3601642.987583264,43019624.57391121,type_median_fallback
523,A321,Condor,Germany,Active,2012-01-01,,,,,,,,205.0,Short-haul,5950.0,14.4,Frankfurt,kerosene_short,0.0,0.0,0,0.15,ambiguity_aware_utility,ambiguity_averse,D-ATCB,3c0ac6,722,730407.6903697882,1011.645000512172,3443001.3760267366,41124738.658097126,type_median_fallback
524,A321,Condor,Germany,Active,2012-01-01,,,,,,,,205.0,Short-haul,5950.0,14.4,Frankfurt,kerosene_short,0.0,0.0,0,0.15,ambiguity_aware_utility,ambiguity_averse,D-ATCC,3c0ac7,624,605405.4982026304,970.201118914472,2866466.7161582536,34238352.44300136,type_median_fallback
525,A321,Condor,Germany,Active,2012-01-01,,,,,,,,205.0,Short-haul,5950.0,14.4,Frankfurt,kerosene_short,0.0,0.0,0,0.15,ambiguity_aware_utility,ambiguity_averse,D-ATCF,3c0aca,581,581210.1327585805,1000.3616742832712,2759471.924416912,32960359.09720199,type_median_fallback
526,A321,Condor,Germany,Active,2012-01-01,,,,,,,,205.0,Short-haul,5950.0,14.4,Frankfurt,kerosene_short,0.0,0.0,0,0.15,ambiguity_aware_utility,ambiguity_averse,D-ATCG,3c0acb,600,598200.4454248851,997.0007423748084,2839396.868298916,33915018.14912593,type_median_fallback
527,A320,Condor,Germany,Active,2016-01-01,,,,,,,,168.0,Short-haul,6100.0,10.25,Frankfurt,kerosene_short,0.0,0.0,0,0.15,ambiguity_aware_utility,ambiguity_averse,D-ATCH,3c0acc,1058,662440.1939956,626.1249470657845,2964356.691276807,35407593.81247297,type_median_fallback
528,B738,TUIfly,Germany,Active,2014-01-01,,,,,,,,189.0,Medium-haul,5665.0,12.35,Hannover,kerosene_medium,0.0,0.0,0,0.15,ambiguity_aware_utility,ambiguity_averse,D-ATUA,3c0c99,408,764808.2883829105,1874.530118585565,2785811.641822817,33274972.38843921,type_median_fallback
529,B738,TUIfly,Germany,Active,2006-03-01,United States,2006-03-01,2007-01-01,2.0,CFM International,CFM56-7,Pax,189.0,Medium-haul,5665.0,16.9,Hannover,kerosene_medium,0.0,0.0,0,0.15,ambiguity_aware_utility,ambiguity_averse,D-ATUF,3c0c9e,490,911376.8701536354,1859.952796231909,3320660.251469267,39663441.89254957,bulk_matched
530,B738,TUIfly,Germany,Active,2011-05-01,United States,2011-05-01,2020-07-01,2.0,CFM International,CFM56-7,Pax,189.0,Medium-haul,5665.0,11.7,Hannover,kerosene_medium,0.0,0.0,0,0.15,ambiguity_aware_utility,ambiguity_averse,D-ATUK,3c0ca3,413,762384.0730504411,1845.9662785724963,2783629.363922371,33248906.291294992,bulk_matched
531,B738,TUIfly,Germany,Active,2014-01-01,,,,,,,,189.0,Medium-haul,5665.0,12.35,Hannover,kerosene_medium,0.0,0.0,0,0.15,ambiguity_aware_utility,ambiguity_averse,D-ATUN,3c0ca6,368,678090.2366201107,1842.6365125546488,2474454.920556237,29555989.32886616,type_median_fallback
532,B738,TUIfly,Germany,Active,2015-02-01,United States,2015-02-01,2020-05-01,2.0,CFM International,CFM56-7,Pax,189.0,Medium-haul,5665.0,7.9,Hannover,kerosene_medium,0.0,0.0,0,0.15,ambiguity_aware_utility,ambiguity_averse,D-ATUO,3c0ca7,427,811402.3102336016,1900.2396024206128,2950506.1692305645,35242157.021365084,bulk_matched
533,B738,TUIfly,Germany,Active,2015-04-01,United States,2015-04-01,2019-03-01,2.0,CFM International,CFM56-7,Pax,189.0,Medium-haul,5665.0,7.8,Hannover,kerosene_medium,0.0,0.0,0,0.15,ambiguity_aware_utility,ambiguity_averse,D-ATUR,3c0caa,390,749381.6808004224,1921.4914892318525,2720967.886907868,32500449.760288417,bulk_matched
534,B738,TUIfly,Germany,Active,2007-04-01,United States,2007-04-01,2018-09-01,2.0,CFM International,CFM56-7,Pax,189.0,Medium-haul,5665.0,15.8,Hannover,kerosene_medium,0.0,0.0,0,0.15,ambiguity_aware_utility,ambiguity_averse,D-ATUZ,3c0cb2,478,899792.5422208997,1882.411176194351,3274695.3378608515,39114416.53556017,bulk_matched
535,B738,TUIfly,Germany,Active,2013-02-01,United States,2013-02-01,2022-12-01,2.0,CFM International,CFM56-7,Pax,189.0,Medium-haul,5665.0,10.0,Hannover,kerosene_medium,0.0,0.0,0,0.15,ambiguity_aware_utility,ambiguity_averse,D-ATYL,3c0d0c,450,839163.4982724537,1864.8077739387857,3063026.884436367,36586154.452989936,bulk_matched
536,A343,Universal Sky Carrier,Germany,Active,2004-01-01,,,,,,,,279.0,Medium-haul,13500.0,22.0,Frankfurt,kerosene_medium,0.0,0.0,0,0.15,ambiguity_aware_utility,ambiguity_averse,D-AUSC,3c0f0b,70,161232.76829393592,2303.3252613419418,1609255.7176755965,19221665.51668073,type_median_fallback
537,A346,Universal Sky Carrier,Germany,Active,2003-01-01,,,,,,,,297.0,Short-haul,14600.0,23.0,Frankfurt,kerosene_short,0.0,0.0,0,0.15,ambiguity_aware_utility,ambiguity_averse,D-AUSZ,3c0f22,6,2471.329089255159,411.8881815425265,36630.57655177933,437531.8865906977,type_median_fallback
538,E190,German Airways,Germany,Active,2011-01-01,,,,,,,,100.0,Short-haul,4537.0,14.6,Munich,kerosene_short,0.0,0.0,0,0.15,ambiguity_aware_utility,ambiguity_averse,D-AWSI,3c1459,1771,906048.517797309,511.6027768477183,3381669.0396341262,40392157.97340762,type_median_fallback
539,A332,Eurowings Discover,Germany,Active,2016-01-01,,,,,,,,247.0,Long-haul,13450.0,10.25,Frankfurt,kerosene_long,0.0,0.0,0,0.15,ambiguity_aware_utility,ambiguity_averse,D-AXGB,3c15be,224,1598412.7997684346,7135.771427537655,11030829.438304394,131757129.40196916,published_typical_specs_fallback
540,A332,Eurowings Discover,Germany,Active,2016-01-01,,,,,,,,247.0,Long-haul,13450.0,10.25,Frankfurt,kerosene_long,0.0,0.0,0,0.15,ambiguity_aware_utility,ambiguity_averse,D-AXGE,3c15c1,298,2208095.9296305147,7409.717884666156,15171088.475221604,181210223.45403585,published_typical_specs_fallback
541,E190,German Airways,Germany,Active,2011-01-01,,,,,,,,100.0,Short-haul,4537.0,14.6,Munich,kerosene_short,0.0,0.0,0,0.15,ambiguity_aware_utility,ambiguity_averse,D-AZFA,3c1aeb,1756,937076.4896630732,533.6426478719096,3490416.849585741,41691090.14782968,type_median_fallback
