registration,icao24,annual_departures,annual_distance_km,annual_flights
D-AIAB,3c6444,2.0,599.7226882973653,2.0
D-AIXA,3c6701,2.0,2172.264431042415,2.0
F-HRZA,39bd24,1.0,448.7765919787179,1.0
