origin,destination,flights_n,fuel_demand_tonnes
VHHH,EDDP,756,75915.22563780702
EDDF,KLAX,614,65357.83597764648
KORD,EDDF,751,63487.547734362255
KLAX,EDDF,612,58737.262683872024
EDDF,KJFK,900,52273.974324420626
EDDF,KSFO,487,51908.36138980824
KLAX,EDDM,345,47679.92269639596
EDDF,KORD,528,46853.79354068863
KJFK,EDDF,738,46385.961831652436
RJTT,EDDF,344,45626.597438229655
KCVG,EDDP,509,45217.89461536102
EDDF,CYYZ,701,44868.299301164145
MMMX,EDDF,324,43501.169999999904
EDDM,KLAX,314,43239.930286204355
EDDF,CYVR,462,40538.04146769333
EDDF,KMIA,355,38857.47863736241
EDDF,KIAH,362,38189.69876908102
KSFO,EDDM,341,38182.10983657693
EDDP,VHHH,367,36545.363184589725
EDDF,KSEA,546,36291.37323004503
EDDF,VABB,504,36172.72862756269
EDDF,KIAD,457,35481.26824985838
EDDF,KATL,462,34228.21697892752
EDDF,KBOS,522,32727.598209381515
EDDF,MMMX,242,32487.749999999935
KSFO,EDDF,321,31474.840104041756
KATL,EDDF,378,31301.746501602425
EDDM,VIDP,325,30814.856787413224
KSEA,EDDF,451,30237.988642149696
EDDP,VTBS,277,29209.649999999994
KBOS,EDDM,342,28693.637258571252
EDDM,KORD,433,28625.774017187614
EDDM,KBOS,339,28382.740287289635
RJTT,EDDM,339,28107.180721694982
KORD,EDDM,423,27964.67069115557
EDDM,KDEN,284,27216.143229370904
CYVR,EDDF,329,27065.15147826346
KIAD,EDDM,267,26346.195767276586
EDDF,KEWR,316,26266.116112546173
EDDM,RJTT,312,25868.55570846264
KLAX,EDDP,241,25413.449999999997
EDDP,RJAA,241,25413.449999999997
KSAN,EDDM,280,23520.00000000003
EDDM,KSAN,279,23436.00000000003
EDDM,KJFK,336,23079.391967555643
SAEZ,EDDF,180,22992.539999999954
EDDF,SBGR,171,22967.009999999947
EDDF,VHHH,243,22959.359262900743
EDDF,RJTT,173,22945.934176784107
EDDM,KIAD,221,22909.086613508807
RKSI,EDDF,262,22661.544014149284
EDDF,KDFW,294,21626.487218477072
EDDF,KDEN,294,21574.927407409785
CYYZ,EDDF,381,21333.744742759154
KDEN,EDDF,285,20928.635688602462
KMIA,EDDF,195,20449.9072133355
KEWR,EDDM,340,20327.550957952095
EDDF,VOYK,186,20281.668822237334
KBOS,EDDF,327,20070.20439654597
EDDM,KCLT,294,19627.67905576148
EDDP,RKSI,184,19402.799999999996
EDDF,VIDP,272,19346.362756148494
EDDF,MMJC,181,19115.309999999994
EDDM,KSFO,167,18831.897364121793
EDDP,VIDP,260,18657.164138380213
KDFW,EDDF,223,18615.269535021416
KIAD,EDDF,237,18607.529872253635
EDDF,CYYC,356,18406.273633398792
EDDM,KEWR,307,18354.5827767391
CYVR,EDDM,245,18321.097911121808
EDDM,VABB,283,18033.680132182173
KIAH,EDDF,165,17529.41607515795
EDDM,VTBS,159,17037.836869367544
EDDF,KDTW,287,17020.973541261614
EDDF,MMUN,290,16861.772463113357
EDDF,RJAA,157,16555.649999999998
VTBS,EDDM,154,16520.51714861337
CYUL,EDDM,282,16032.8284614354
VIDP,EDDM,167,15944.675057950764
KEWR,EDDF,189,15811.36038434893
EDDF,KTPA,298,15788.181906488626
EDDF,FACT,221,15691.046297620547
KMCO,EDDF,296,15466.254682514991
EDDF,SAEZ,115,15445.649999999969
EDDP,WSAP,146,15395.699999999997
VHHH,EDDF,178,15202.274915299187
EDDM,CYVR,202,15105.558277741242
EDDF,KMCO,284,14898.449281879623
EDDP,OMDB,230,14882.175357438548
KDEN,EDDM,158,14810.096602790272
FACT,EDDF,205,14404.30068475834
EDDM,CYUL,253,14384.06241398282
VHHH,KLAX,136,14341.199999999997
KCVG,EBBR,204,14168.25377549243
MMUN,EDDF,243,14129.166361421063
KCLT,EDDM,211,14086.531567230177
EDDP,OBBI,253,13535.670570801612
ZGSZ,KLAX,123,12970.349999999999
VIDP,EDDF,175,12876.498537024498
KLAS,EDDF,213,12834.781038093148
EDDF,KLAS,212,12774.482206218347
KSEA,EDDM,164,12441.23454418416
SKBO,EDDF,172,12438.978420947327
MMMX,EDDM,148,12432.000000000015
RKSI,EDDM,162,12319.46608991057
RJBB,EDDM,149,12206.987890221302
CYYC,EDDF,235,12150.0888664752
SBGR,EDDF,90,12087.899999999974
EDDF,KAUS,183,12082.93983412117
LEBL,EDDF,2675,11965.092606615695
EDDM,RJBB,146,11961.209610552416
EDDF,LEBL,2665,11922.41601678839
KJFK,EDDM,170,11731.576357254102
EDDM,EDDH,4177,11689.327949526283
EDDH,EDDM,4174,11683.104252389077
EDDM,KSEA,151,11455.039122998829
FACT,EDDM,140,11408.351943781863
EDDM,KMIA,157,11366.207239988717
CYYZ,EDDM,186,11331.46503307341
EDDP,KCVG,135,11263.09880150792
EDDM,CYYZ,183,11148.699468023839
KLAX,KCVG,243,10851.538620537292
EDDB,EDDF,4914,10589.376233595913
EDDF,EDDB,4909,10577.468620856931
KMIA,EDDM,146,10569.848770944922
VTBS,EDDF,169,10449.550440260855
OMDB,VHHH,130,10385.927686295921
VTBS,EDDP,97,10182.055141437482
VIDP,VHHH,206,10100.905839130886
EDDF,VTBS,166,10088.252272213667
EDDM,VOYK,155,10084.136670025111
EDDF,KRDU,200,9886.452809586424
LEPA,EDDL,1960,9863.501310541427
KTPA,EDDF,181,9589.432597570267
EDDH,EDDF,4642,9560.896260408776
VTBS,OBBI,129,9497.192734817307
EDDF,EDDH,4597,9470.616597084801
MMMY,EDDF,89,9385.049999999997
LEPA,EDDF,1918,9127.185330896558
EDDL,LEPA,1817,9110.840463958997
RJAA,VHHH,207,9008.45197055695
EDDM,SBGR,107,8988.000000000011
EDDM,EDDF,4976,8910.142264715401
EDDF,EDDM,4950,8837.94333700879
EDDF,ZGSZ,83,8752.349999999999
LEMD,EDDF,1464,8680.195328591448
EDDF,LEMD,1464,8675.344557708824
OMDB,EDDP,132,8541.07455296473
VHHH,LTFM,82,8502.653945689977
EDDF,SBGL,112,8466.110533618954
KDTW,EDDF,143,8434.326573520397
SBGR,EDDM,100,8400.000000000011
EDDF,SKBO,116,8389.078469941222
EDDF,LLBG,536,8338.626661195753
EDDF,LEPA,1739,8178.253575206136
LGAV,EDDF,1210,8131.925528769374
VHHH,OBBI,131,8070.197062855227
LIRF,EDDF,1885,7785.533828241793
EDDF,LIRF,1886,7772.536841947029
SBKP,EDDF,73,7697.8499999999985
LPPT,EDDF,1139,7655.307350605963
EDDM,MMMX,91,7644.000000000009
EDDF,KPHL,170,7621.165751442839
SBGL,EDDF,100,7587.503240753479
EDDF,ESSA,1677,7535.919271408657
ESSA,EDDF,1676,7530.203141128058
KMCO,EDDM,139,7501.833863249201
KJFK,EDDP,165,7351.952496695579
EDDF,EGLL,3921,7333.671864697846
EGLL,EDDF,3896,7222.005715827336
EGNX,EDDP,507,7199.161282711282
EDDM,EGLL,2969,7125.993567970223
VHHH,OMDB,89,7110.365877541055
EGLL,EDDM,2944,7067.064774099536
EDDF,RKSI,92,7029.442393577392
EDDL,EDDM,3043,6872.445321727168
EDDM,EDDL,3036,6857.804887584791
VHHH,EBBR,65,6854.249999999998
LTFM,EDDF,633,6821.060513403253
EDDM,RKSI,88,6692.05565377858
EDDF,WSAP,57,6648.70288103812
EDDF,LGAV,982,6637.7801125577025
EDDF,KSTL,130,6600.515048107375
EDDP,VMMC,63,6551.530454413716
LGAV,EDDM,1213,6528.301189647513
EDDM,EDDB,2933,6520.533197130864
EDDF,LPPR,1013,6510.052297885186
LPPR,EDDF,1012,6506.419649832641
EDDB,EDDM,2925,6492.817668145505
ENGM,EDDF,1576,6397.471415020363
EDDF,ENGM,1553,6307.182762949027
EDDF,RCTP,59,6221.549999999998
EDDF,LPPT,912,6140.856433044911
EDDM,LEBL,1701,6136.669130954137
LEBL,EDDM,1702,6134.942783601571
EIDW,EDDF,1352,6108.408342915153
EDDF,HKNW,114,6025.901139020389
KAUS,EDDF,91,6007.288479132843
EDDF,EIDW,1337,6004.427576159727
EDDP,WSSS,56,5905.199999999998
LHBP,EDDF,1669,5895.7623450731
EDDM,KMCO,109,5882.733029454409
EDDF,LHBP,1651,5828.383829606841
ESSA,EDDM,1239,5822.596517051948
RKSI,VHHH,182,5793.164347676884
EDDM,ESSA,1227,5765.4519841242345
EDDM,LEMD,1191,5724.571038084463
LEMD,EDDM,1190,5714.972733272485
EDDM,FACT,70,5704.1759718909325
EDDM,LGAV,1037,5633.740048672892
EFHK,EDDF,982,5399.632181822556
EDDF,EFHK,970,5346.342127951825
VIDP,EDDP,67,5265.630849455038
EDDP,KJFK,116,5168.809810591871
EDDF,LMML,796,5162.803809219938
EDDP,LLBG,283,5141.925006755769
EDDF,EKCH,1669,5119.491235055322
LFPG,EDDF,2333,5110.127544894316
EDDF,LFPG,2333,5109.625553518402
EKCH,EDDF,1664,5104.352892145559
LMML,EDDF,786,5097.4431437799185
LEPA,EDDM,1085,5058.585309875129
EDDF,FAGM,51,5038.00649056215
EDDF,SBKP,47,4956.149999999998
EDDF,LEMG,732,4856.02637665399
EDDF,OMDB,130,4798.256379749768
LROP,EDDF,929,4793.710865014822
LEMG,EDDF,724,4793.058945022777
EDDF,KHHR,63,4788.840059190033
EETN,EDDF,864,4720.143259292474
EDDF,LROP,916,4709.63221691694
EDDF,CYUL,93,4683.370589909903
EPWA,EDDF,1245,4639.006194247221
EDDF,EPWA,1244,4636.442125685371
EDDP,VOYK,49,4622.306121326751
KRDU,EDDF,93,4566.197431473212
EDDF,LCLK,461,4539.015087614765
EDDF,EETN,828,4538.424433113771
RJAA,KCVG,43,4534.3499999999985
LIPZ,EDDF,1655,4442.626181751682
EDDM,LIRF,1505,4426.928944756009
EPKK,EDDF,1357,4426.003655348237
KPHL,EDDF,98,4420.738474957282
EDDM,LEPA,940,4405.904950191233
LIRF,EDDM,1491,4387.828238461439
LEPA,EDDH,799,4386.211653530408
WSAC,EDDF,36,4300.709999999989
EDDF,EPKK,1319,4293.001631413626
OMDB,EGNX,56,4250.96686659078
LKPR,EDDF,2061,4242.448188695528
LCLK,EDDF,477,4236.40695373848
EDDF,LKPR,2056,4233.236589112433
ESGG,EDDF,1165,4206.987967111791
LPMA,EDDF,430,4164.49462618906
EDDF,ESGG,1153,4155.678614905444
EDDL,LEMG,566,4148.2409119954245
LPPT,EDDM,627,4141.121676099055
EDDF,LPMA,428,4140.073635164224
LEPA,EDDB,708,4120.09617134932
EDDM,EKCH,1319,4106.092230183579
EKCH,EDDM,1311,4092.007084859157
EDDP,EGNX,303,4078.749747280387
LEMG,EDDL,553,4054.5355643287703
RJAA,RKSI,194,4039.7716591613575
EDDM,LFPG,1575,4037.8264463775045
LFPG,EDDM,1571,4026.8135152703953
EDDF,LIPZ,1497,4018.9092006263095
EDDF,SBBI,38,4007.0999999999985
VTBS,VHHH,150,4006.7013596032257
EDDH,LEPA,730,3995.04795235967
EDDM,ENGM,839,3917.2890681252698
ENGM,EDDM,837,3915.2103389486965
EDDP,EBBR,586,3907.5797549011986
EDDF,EGCC,1195,3906.0052616800367
VHHH,VIDP,73,3905.6278576485497
EGCC,EDDF,1186,3883.875740693319
EDDF,LTFM,488,3862.585822072401
KIAH,ENZV,38,3844.4118012978233
LEPA,EDDK,765,3813.003886637993
LCLK,EDDM,475,3758.3368905440593
WSSS,EDDF,31,3751.31999999999
LLBG,EDDF,383,3734.068428379818
VHHH,VOYK,66,3713.282922880184
KCVG,EGNX,44,3683.3368014194366
LROP,EDDM,958,3673.444382857387
LBSF,EDDF,706,3642.4843917260373
EDDF,LEVC,649,3632.460831404747
EDDM,LROP,947,3632.4314995724503
EDDF,SADS,27,3626.3699999999913
LEVC,EDDF,645,3607.731395961984
EDDB,LEPA,610,3575.9695586648068
EDDP,EDDF,1378,3555.784545164098
EDDM,LEMG,573,3536.9568209564013
EDDM,LCLK,445,3535.979918524728
EDDF,EGPH,883,3528.9760315340513
EDDM,CYYC,66,3525.8835076474625
LOWW,EDDF,1119,3525.1784303349496
EYVI,EDDF,758,3503.3200404679956
EGPH,EDDF,874,3489.9766285859478
LEMG,EDDM,564,3486.221640661609
EDDF,LOWW,1103,3470.254936908275
OMDB,EDDM,80,3468.563185506463
EDDF,KMSP,71,3465.955653839773
KSTL,EDDF,68,3452.5771020869342
LEPA,EDDS,828,3436.780187308174
VIDP,EGNX,38,3408.1737406677075
EDDP,RCTP,32,3374.3999999999987
EDDK,LEPA,675,3372.9924458541727
LPMA,EDDL,342,3353.7208520468334
EDDF,LFMN,1085,3331.151563002266
EDDM,EFHK,712,3322.5421878258185
EDDL,LPMA,336,3316.015979923623
EDDM,LPPT,492,3313.6482900757696
EFHK,EDDM,707,3306.473444807725
LFMN,EDDF,1070,3288.836038157519
EDDM,LFBO,956,3284.959152771391
LFBO,EDDM,950,3260.483897517398
LIMC,EDDF,1409,3213.975116961915
EDDF,EHAM,1887,3195.54160133015
EDDF,LIMC,1400,3195.3419910468424
EDDF,KPDX,56,3184.025239595715
EDDF,EYVI,691,3183.509993130905
EHAM,EDDF,1881,3181.653580884572
EDDM,EHAM,1166,3179.5288539006883
EDDM,LPPR,595,3177.8296135016058
EDDF,WSSS,27,3164.63198281069
EDDP,ZGSZ,30,3163.499999999999
EHAM,EDDM,1157,3152.356693144375
CYYC,EDDM,59,3151.9261659272775
EDDF,LBSF,604,3139.0774235336635
EDDF,TBPB,62,3134.472170341097
LPPR,EDDM,585,3126.017969068857
VTBS,ZGSZ,116,3118.5490832229016
EDDM,ESGG,826,3097.1803996560134
ESGG,EDDM,821,3072.622668610996
VHHH,KCVG,29,3058.0499999999993
LIMC,KCVG,61,3054.5847979686723
EDDM,EDDW,1217,3051.4363586276136
EDDW,EDDM,1214,3043.221163080208
EDDF,KRSW,57,3041.8836738928103
EDDS,LEPA,732,3028.6871343100515
EDDF,EDDP,1318,3005.506378305061
EDDF,ENBR,693,2998.0307468812707
RJAA,VMMC,68,2990.429971685649
ENBR,EDDF,692,2987.302507461015
EDDM,LLBG,353,2981.722486118076
EDDF,LGRP,363,2977.7297252945195
LGRP,EDDF,361,2955.865066982839
EDDL,LGRP,345,2913.974875963185
LGRP,EDDL,343,2909.210727909907
EDDF,LYBE,825,2908.530366633902
LYBE,EDDF,824,2907.3995567982906
EDDL,LPFR,381,2900.441889025281
LPFR,EDDL,376,2867.7096566696455
LEMD,EDDP,293,2838.156474812623
EDDL,EGLL,1434,2829.3407244174678
EDDF,LSZH,1918,2825.4261608820066
LSZH,EDDF,1919,2824.0294023167885
EGLL,EDDL,1422,2805.163005570687
EDDM,EDDV,1327,2804.6271833410274
EDDV,EDDM,1325,2796.6758376030393
EDDM,EIDW,695,2795.712970970064
EDDB,EDDS,1232,2781.2750285815036
LHBP,EDDM,1110,2778.431329642242
LPFR,EDDF,393,2776.126264308286
EDDM,LHBP,1108,2773.553964667829
EIDW,EDDM,689,2768.903836269369
EDDH,EGLL,951,2767.451109910091
EDDP,LEMD,285,2767.3223124756173
EDDF,LPFR,392,2766.6285199474905
EDDS,EDDB,1222,2755.6996134515816
EDDM,EGCC,835,2742.4953359356186
PANC,EDDF,53,2733.346827919212
EGLL,EDDH,940,2732.976887620736
EGCC,EDDM,832,2729.495920856846
EDDH,EDDS,1118,2711.0941628221262
EDDS,EDDH,1111,2694.4481812566937
WSSS,EDDM,32,2688.0000000000027
EDDM,EDDK,1307,2683.0293931933625
EDDF,PANC,52,2681.774246260359
EDDK,EDDM,1299,2670.7167706234222
EDDF,EGBB,837,2647.1071575649357
EVRA,EDDF,556,2643.9241877183467
EGBB,EDDF,834,2633.3271537016817
EDDF,LFLL,1005,2566.948328792908
EDDF,CYHZ,68,2552.8103540118977
UGTB,EDDM,324,2551.783803007991
LFLL,EDDF,999,2550.309433927147
EDDM,KHHR,17,2515.501173256491
LLBG,EDDP,148,2510.2270700477234
EDDM,LGRP,351,2501.3005970587246
EKBI,EDDF,884,2501.098843884106
EDDL,LEBL,536,2495.6804173321725
LEBL,EDDL,536,2491.3796570438176
LGRP,EDDM,349,2481.6838643135666
EDDF,EVRA,522,2481.666831103536
EDDF,LFML,812,2480.4032032163395
LFML,EDDF,812,2480.392982204013
EDDF,EKBI,867,2456.0956114979685
LBSF,EDDM,625,2436.566402321937
EDDM,WSSS,29,2436.0000000000023
EGLL,EDDS,901,2435.8167952092213
EDDS,EGLL,898,2432.1442722210113
OMDB,EDDF,66,2415.0785842257665
BIKF,EDDF,302,2404.6251431420933
EDDF,BIKF,301,2384.8797207528287
EGNX,KCVG,36,2376.2711391227513
LPPT,EDDP,204,2344.118482255928
EDDM,LFMN,866,2338.2698577725323
OMDB,EDDB,252,2317.2566122185353
CYUL,EDDF,46,2301.2871765072896
LFMN,EDDM,846,2282.477419995808
LOWS,EDDF,1118,2259.461629595962
EDDF,LGKO,291,2258.6848702252637
EDDF,LOWS,1105,2235.585105205919
LGKO,EDDF,287,2228.0014515682615
LLBG,EDDM,263,2227.89513055046
EDDL,LOWW,650,2173.714683385351
LOWW,EDDL,646,2164.9625445607994
VOYK,EDDF,19,2146.662068284397
LIML,EDDF,903,2129.5736821765963
EDDP,LEVT,269,2123.0757130810566
EDDF,LIML,900,2121.5899886171546
WSSS,VTBS,92,2117.0528719205445
LIMC,VHHH,20,2108.999999999999
EDDV,LEPA,380,2103.56407576209
LEPA,EDDV,378,2093.5634619695015
EDDB,OMDB,227,2087.370043546062
EPKK,EDDM,776,2075.3674598736843
EDDB,LEMG,256,2063.3434054876125
EDDM,LBSF,535,2050.1227501348453
EDDM,EPKK,762,2037.0383095854427
OMDB,VTBS,30,2034.679079137892
CYHZ,EDDF,54,2033.9348367517534
LPMA,EDDM,204,2026.7859205331317
LEMG,EDDB,250,2008.3316768126404
EDDL,EDDF,1640,2004.5888232898735
EDDF,MMPC,19,2003.5499999999993
LSZH,EDDH,696,1995.054781596031
EDDH,LSZH,694,1991.5857268244513
LFML,EDDM,631,1985.5837471988661
EDDV,EDDF,1369,1981.041465852386
EDDL,LGKO,243,1973.8125511123415
EDDF,EDDV,1362,1968.8759618909057
LGKO,EDDL,241,1962.3657336604344
EDDM,LFML,623,1959.079389856736
EDDF,EDDL,1610,1955.2823666953113
EDDM,LPMA,197,1955.1070671871378
EDDM,LICZ,464,1922.8867358254292
EDDP,EGSS,421,1892.8087512912725
EDDK,EDDB,878,1882.7308059935056
LPFR,EDDM,265,1880.6467220040704
EDDM,LPFR,264,1877.3352264193288
EDDB,EDDK,870,1870.524083020283
EDDF,WSAC,16,1853.511402566508
EDDM,WSAP,22,1848.0000000000014
LEZL,EDDF,276,1841.5924421772343
EDDF,LEZL,275,1835.3320348406517
EDDH,LOWW,585,1830.7058379761938
LOWW,EDDH,579,1811.9198132748995
KPDX,EDDF,31,1811.1778069262768
EDDL,EDDB,833,1807.3721098199505
WSAC,EDDM,21,1799.0400000000009
EDDB,EDDL,825,1786.5781693684187
PANC,KORD,28,1784.0489709559097
ENZV,EDDF,308,1765.2922121014742
EDDB,LSZH,637,1752.3295900207752
LEIB,EDDM,334,1751.7298246857151
LEJR,EDDL,248,1739.1356541280581
LSZH,EDDB,633,1738.5828173076673
EDDN,EHAM,863,1737.805585685336
EDDL,LEJR,248,1735.940128320693
EDDC,EDDF,896,1734.3350741190477
EHAM,EDDN,857,1726.287900696518
EDDG,EDDM,770,1721.3037060274132
EDDF,EDDC,888,1719.4161558373273
EDDM,EDDG,768,1718.6086217018967
KRSW,EDDF,32,1707.6612189303135
EDDM,LEIB,325,1706.320721675937
EDDF,VMMC,18,1703.090723013826
ZGSZ,EDDP,16,1687.1999999999994
EDDW,EDDF,961,1677.889156243083
EKYT,EHAM,723,1664.5405576583537
EDDF,EDDW,952,1663.301656582894
EDDH,LEMG,227,1658.406121663736
LEIB,EDDF,313,1652.480691879156
EDDM,OMDB,38,1647.56751311557
EBBR,KCVG,19,1647.3997084067453
EDDL,LIRF,371,1646.101303934827
EHAM,EKYT,712,1639.2155975833302
EDDF,LEIB,309,1637.2916989141634
EGPF,EDDF,389,1619.6322657219412
LIRF,EDDL,365,1618.6436696270682
LEIB,EDDL,301,1618.3028873343096
LEMG,EDDH,221,1614.1426915528127
OBBI,ZGSZ,19,1612.2442561361627
EDDF,EGPF,389,1603.4689553627807
ZGSZ,PANC,15,1576.7320135481884
EDDM,UGTB,190,1570.8823093932235
EDDL,LEIB,293,1570.5452288476313
EBBR,EDDP,272,1569.5524198703017
CYYZ,KORD,119,1566.6392334003865
KMSP,EDDF,32,1562.1296148799374
EDDM,EPWA,482,1560.7055286841019
VHHH,LTBA,15,1555.5006749524312
EPWA,EDDM,479,1551.0977228317656
LPPT,EDDL,214,1546.5130792776038
EDDL,EGCC,515,1527.5808552811247
EDDP,LFPG,367,1524.5147797897782
EGCC,EDDL,509,1509.339357089668
LEAL,EDDL,264,1507.9982064879785
EDDF,SADM,11,1477.4099999999967
WSSS,EDDP,14,1476.2999999999995
RCTP,EDDF,14,1476.2999999999995
EDDF,LICZ,250,1466.0300651714404
LPFR,EDDH,191,1459.2509647308052
EDDP,LIMC,201,1457.795114356704
EDDF,LPAR,216,1447.1890013813158
EPPO,EDDF,530,1446.422405993193
EDDS,OMDB,153,1446.034163255446
EDDL,LSZH,673,1440.800836228328
EDDF,EPPO,526,1435.3548668047945
LSZH,EDDL,671,1435.2732714225392
LEAL,EDDF,240,1423.9916410215437
EPGD,EDDF,413,1417.931125046464
EDDF,FABB,14,1415.6063135111597
EDDK,LOWW,450,1410.8919528643423
EDDH,LPFR,185,1407.3587200577588
LCLK,EDDL,146,1406.0428520878725
EDDP,LEBL,182,1404.9925369828259
LOWW,EDDK,447,1397.3683698101072
EDDS,LEMG,228,1376.436757516885
LEMG,EDDS,227,1372.5942888723148
EDDL,LCLK,142,1369.5938157358446
EDDF,EPGD,397,1363.5518906259397
OMDB,EDDS,144,1360.9733301227725
LLBG,LIMC,65,1358.955335075487
EDDP,EGGW,288,1357.5659442343888
EDDM,EGBB,362,1338.5931414391157
LPFR,EDDS,214,1336.3245592677547
EDDF,LIPE,472,1327.7758835961752
MROC,EDDF,16,1324.8000000000081
EDDF,MROC,16,1324.8000000000081
LIPE,EDDF,471,1323.837089353756
EDDF,LFBO,381,1320.3829586031677
EGBB,EDDM,358,1319.9269501942495
EDDL,LGTS,203,1315.703911196577
LFPG,EDDP,316,1312.9517637721951
LFBO,EDDF,378,1309.6152017315626
KORD,EDDP,14,1308.7781573924956
KLAX,KSEA,53,1308.009595108347
LGTS,EDDL,201,1305.4155513241726
EDDS,LPFR,208,1299.9833121575462
EDDL,LEAL,226,1299.3507167903683
EDDK,LEBL,294,1296.5951242297488
LPPR,EDDP,126,1294.7053500633508
EDDL,LPPT,178,1291.7013308901862
LEVC,EDDM,271,1291.4119018373365
EDDM,LEVC,269,1290.959453614945
LSGG,EDDF,591,1290.5323761644474
LEBL,EDDK,292,1290.0587496713968
VABB,EDDF,17,1286.9205586064413
EDDB,LGRP,181,1284.306187200293
EGLL,EDDP,268,1277.0118730994106
LEBL,EDDS,338,1276.3049911492399
EDDP,RKRB,12,1265.3999999999996
EHAM,EDDP,387,1262.0158988641595
EDDF,LSGG,573,1254.2168772701461
EDDS,LEBL,331,1247.3065588760835
EDDF,VOMM,16,1246.8928795192687
EDDF,LGTS,214,1244.5162765763705
EDDM,LMML,256,1242.9834940859241
LMML,EDDM,256,1242.052587342767
LGRP,EDDB,175,1239.4484854397522
LGTS,EDDF,213,1234.7622721639289
EDDF,LEJR,181,1233.8893382424142
EDDM,LEZL,283,1228.0717372615188
EDDS,LGRP,177,1224.5373119618087
LIMC,EGNX,193,1223.569023315713
EDDM,LICJ,274,1223.3668916894228
LGRP,EDDS,177,1221.8743247555726
EDDH,LEBL,232,1218.7423847603175
LEJR,EDDF,179,1214.7120362006842
LEZL,EDDM,279,1207.4306245812052
RJAA,RKSW,60,1207.0772664650735
EDDM,LGTS,249,1190.253657650582
LEBL,EDDH,226,1184.6456769639794
KSEA,KLAX,48,1184.6124634943524
LGTS,EDDM,248,1183.395140755169
EDDN,EDDF,1109,1178.0944722498768
EDDF,LEAL,200,1171.787472694853
HECA,EDDF,70,1171.263903637183
EDDS,LHBP,378,1170.9190995404017
LHBP,EDDS,376,1165.5361539226924
EDDF,EDDN,1095,1163.3784722022285
EDDL,LPPR,185,1161.6412186702685
RJAA,EDDF,11,1159.9499999999996
VTBS,PANC,11,1159.9499999999996
LPPR,EDDL,184,1154.4616787161422
EDDS,LOWW,484,1153.2591158289576
LOWW,EDDS,480,1141.454972883093
BIKF,EDDM,119,1131.020136850119
EDDF,ZBAA,11,1114.0196294976593
EDDM,LGKO,175,1108.9274455797965
LGKO,EDDM,175,1107.5947184552592
LICJ,EDDM,239,1081.2877015356698
LGRP,EDDV,140,1073.3952877948236
EDDH,LIRF,220,1066.7607124523727
LGKO,EDDB,156,1056.1719146459136
EDDB,LGKO,155,1047.4695012776674
LIRF,EDDH,214,1037.8600738561179
VTBS,RJAA,16,1034.9889071486898
ZGSZ,LTFM,10,1033.4888240339837
EDDH,EDDL,595,1032.2136537051501
EDDL,EGBB,388,1029.1177021344495
HKMO,EDDF,22,1028.1088139865544
EDDV,LGRP,134,1027.2193732701346
EDDL,EDDH,593,1025.9605870949283
EGBB,EDDL,385,1021.3185052841513
EDDF,ENZV,259,1019.6002049234701
LDZA,EDDF,325,1015.2367922394199
LEBL,EDDP,130,1014.5271241899193
EGGW,LIMC,195,1011.8565378451219
LHBP,EDDL,255,1011.6690924110043
LYBE,EDDM,319,1010.1532457533611
EDDM,WSAC,12,1008.0000000000011
EDDM,LYBE,316,1004.6396765062339
LGKO,EDDS,155,1002.5614253297052
OBBI,VHHH,17,1001.1946861846297
EDDS,LGKO,154,996.7106648698028
OBBI,EDDP,18,993.2688549775146
EDDL,LHBP,249,989.2580318585908
LPMA,EDDV,95,981.5051864524853
EDDV,LPMA,95,977.89640744727
EDDM,ZBAA,14,977.004128766424
EDDL,LIMC,345,971.6430524791107
LIMC,EGLL,190,967.5753820272652
LIMC,EDDL,343,964.5034233365997
EDDK,EGLL,414,958.1083899662985
LGAV,EDDL,135,956.3275231350405
EGLL,EDDK,412,950.8863466312472
EDDP,KLAX,9,949.0499999999996
EDDL,LEVC,177,945.5476368331103
LPPT,EDDS,150,929.4862467201104
CYYZ,KDFW,31,926.6184729567776
EDDS,LGTS,182,921.006366996592
LROP,LIMC,126,918.5970919005546
LGTS,EDDS,181,915.9150976516856
LEVC,EDDL,172,915.087305440258
LPFR,EDDB,110,904.0733746375574
EDDL,TBPB,18,898.956830374104
LDZA,EDDM,432,896.3199833937296
KATL,EDDP,9,889.77393059625
EDDL,LGAV,125,886.970025663455
EDDF,EBBR,293,884.4050835979326
EDDP,LROP,129,883.8251759249463
LIRF,EDDS,267,878.3205760987264
EDDS,LIRF,267,876.3530435771462
LLBG,EBBR,43,876.0111605124596
LEPA,EDLW,184,872.6265918246245
EDDM,EGPH,169,863.5970678217816
LGKO,EDDH,102,855.197989527439
EGPH,EDDM,167,853.1733257451172
EDDH,LGKO,101,847.8896722249403
EDDM,BIKF,89,845.8890099131145
VOYK,EDDM,13,845.7663013569447
EDDB,LPFR,103,845.5412914721945
EDDV,LGKO,111,836.4224825140042
EDDM,LDDU,229,834.7431235920654
LDDU,EDDM,228,830.0119995328954
EDDK,LSZH,432,826.9180846213427
LSZH,EDDK,431,825.2993676856996
EPWA,EDDP,249,824.3596204573153
LIMC,EDDP,170,823.9397309351566
KLAX,KATL,18,821.0180550580634
LPMA,EDDS,89,815.8022241475886
EHAM,LEMD,102,815.6329695449957
EDDF,KBFI,12,815.5189071865399
LGKO,EDDV,108,814.1311570916448
EDDK,LIRF,194,812.0064554395387
LIRF,EDDK,194,810.5778600248242
EDDS,EDDF,914,810.3030750674852
LPPR,EDDS,149,809.5174033142102
EDDP,EPWA,244,807.8062144240357
EDDM,LFLL,329,807.4030853291245
EDDS,LPPR,148,805.4059784649402
EDDK,LGTS,132,804.5451975382159
LFLL,EDDM,329,804.354023074551
EDDM,LPAR,131,803.564012020644
GCLP,EDDF,71,795.8140559852419
LGTS,EDDK,132,795.7614209189285
EDDL,LFMN,229,790.8238631076555
EDLW,LEPA,168,788.0324008308476
EHAM,EDDS,411,783.865879730307
EDDF,EDDS,884,782.4438688723812
EDDS,EHAM,410,781.7875335715033
EDDL,LICZ,125,769.0849685368661
LSZH,LCLK,76,762.0891682555668
LEMD,EHAM,97,758.9594930042883
EDDS,LPMA,83,758.872214314137
PANC,KCVG,11,757.4761305965185
LEAL,EDDM,174,754.6285975969757
VTBS,VOYK,20,751.2019067673424
LFMN,EDDL,218,750.1324699100808
EDDF,LJLJ,277,748.127968458041
FAGM,EDDF,6,747.8328912908477
EDDL,EIDW,189,747.7129571947171
EDDF,LIRN,164,742.4023792636139
EIDW,EDDL,187,740.1791138524138
EDDF,LICJ,139,739.9872775785724
LEBL,EHAM,162,736.3584402034138
LJLJ,EDDF,272,734.7788343678636
EDDF,EGNX,59,731.9949138760217
EHAM,LEBL,161,731.8130177330223
EDDP,EHAM,202,726.1015859807036
RCTP,VOYK,11,724.8608365498086
EGPD,EHAM,279,720.2864903416577
EHAM,EGPD,279,720.2864903416577
LIMC,EDDH,202,716.8366275153999
RJAA,RKRB,35,715.7007999352459
EDDH,LIMC,201,713.0724585146909
TFFF,EDDF,14,706.0440997707437
EDDL,EKCH,255,704.8784317781447
EKCH,EDDL,254,702.0242875620144
LCLK,LSZH,70,700.9311970978302
EDDS,LPPT,111,685.3045599434731
SBKP,SAEZ,22,680.8893466654473
EDDL,EGPH,194,680.4542687366761
LFPG,EDDH,224,680.3490337662809
LPPT,EDDH,93,679.8882681112277
EFHK,EDDP,100,678.682215177201
EGPH,EDDL,193,677.7502162215494
EDDH,LFPG,223,676.0382929402343
EDDB,LPPR,91,671.6036214628994
LPPR,EDDB,91,671.6036214628994
EDDF,SADQ,5,671.5499999999984
LRTR,EDDM,271,670.7584453122671
EDDF,LWSK,129,670.4901613408399
LMML,EDDL,102,669.5444250844225
LEST,EDDF,114,665.8807544935509
EDDL,LMML,101,662.7691976076065
LGTS,EDDH,109,662.3280485843609
EDDM,LEAL,157,660.1509749440008
EDDH,LGTS,108,656.2257908169482
EDDF,TFFF,13,655.6123783585479
ESGG,EDDL,197,652.087997439181
SKGY,EDDF,9,649.9745298236063
LKPR,EDDM,478,647.7443052674122
EDDL,ESGG,196,647.6853620766423
EDDM,LKPR,477,646.7099619438487
EDDF,LEST,111,645.5318713175901
GCLP,EDDL,59,640.3864483586154
EDDB,EGLL,246,637.263498908945
EGLL,EDDB,246,637.263498908945
EDDS,LICZ,132,636.6764673250814
LEIB,EDDS,140,634.4297257041493
EDDF,RPLL,8,632.7974049551957
VHHH,EGNX,6,632.6999999999998
ZGSZ,EDDF,6,632.6999999999998
EDDP,WIDD,6,632.6999999999998
LROP,EDDL,111,632.4603213244546
EDDL,LROP,110,628.7879998729964
EDDB,EFHK,143,617.6388285507525
EDDS,LEIB,137,617.4021319131734
EDDF,GCFV,60,613.3995371960209
EDDM,LFBD,157,611.2578064678597
EDDB,LFMN,147,611.1658229814515
EDDP,EFHK,89,606.0938727980525
LFBD,EDDM,156,605.6960162082498
EDDM,FAGM,8,605.6057618610344
EDDM,LGMK,105,604.2339920974829
EDDF,FAVV,8,603.4665527272932
LPMA,EDDK,69,601.5369807762916
LICZ,EDDF,108,598.7444606171136
EFHK,EDDB,139,598.1594415349019
LFMN,EDDB,144,598.0622447530683
EDDF,WSSL,5,595.1999999999986
LHBP,EDDP,162,593.5113858244688
EDDM,LIRN,212,591.7863816499561
EDDP,LHBP,161,589.8477352946882
LEMG,EDDK,94,586.9734825038532
EDDK,LEMG,94,583.7330543117063
LGMK,EDDM,103,582.3417743530626
EKCH,EDDP,226,581.224953437607
LPPT,EDDK,87,580.244960083385
EDDP,EKCH,226,578.6644910876616
EDDP,LIRA,98,571.4566086842639
LICC,EDDM,158,570.3632994360368
EDDK,LPMA,65,568.9953203363368
EDDF,DAAG,101,565.6307773505351
LWSK,EDDF,109,564.3461596421802
LPFR,EDDV,75,563.3426854134577
LSZH,LEPA,166,560.6748265284709
LICJ,EDDF,106,559.4748862462232
LIPE,EDDL,163,554.6531314823251
LIRA,EDDP,95,554.1616270172957
EDDL,LIPE,162,550.8689689308784
LTAI,EDDF,67,547.4139269973573
EBBR,LIMC,141,545.8594830187564
EDDF,LTAI,67,545.0677528346348
LEAL,EDDK,98,544.2478823903353
EDDH,LPPT,75,544.1737657275353
LLBG,EDDL,46,544.1453097255613
LEPA,LSZH,158,543.6511571790192
EDDF,GCLB,48,543.1334308582761
ENGM,EDDP,102,541.5193815575989
LIPZ,EDDL,168,540.2270783371207
LEVC,EDDS,115,539.8069442814086
EDDS,LEVC,115,538.3060462936593
EDDF,GMMN,77,537.4808019620131
EDDH,LPPR,81,534.2402539178377
KFMY,EDDF,10,533.7141450185443
EDDL,LLBG,45,531.4451508909219
EDDV,LEJR,74,530.140741192241
EDDP,ESGG,138,529.8970622014537
LGAV,EDDS,92,529.181071327875
VVNB,EDDF,5,527.2499999999998
WSAC,EDDP,5,527.2499999999998
EDDF,KEMT,4,526.8870705543394
EDDP,ENGM,99,525.7046804915503
KPAE,EDDF,8,525.5140967819236
LEJR,EDDV,73,523.831119686203
EDDM,LCPH,62,522.6394857894214
EPKK,EDDL,143,521.9807936617997
EIDW,EDDS,118,517.3133722525467
EDDL,GCFV,53,515.1770491141799
EDDL,EPKK,140,511.8707619184561
LEAS,EDDF,99,510.8379494005664
EDDS,EIDW,116,509.9849406358549
VOMM,EDDF,6,509.95069748142043
EDDV,LCLK,57,509.76828290269685
LICZ,EDDM,130,508.8602185136576
EDDL,EHAM,700,508.2750152382713
LPPR,EDDH,77,506.95282304099686
ESGG,EDDP,132,506.0260082715198
EDDL,LIML,174,505.16895144713345
EDDF,LGSA,70,502.91535991104644
EHAM,EDDL,693,502.88935798358347
GCFV,EDDF,47,502.4669518251056
EDDS,EGPH,117,502.1855145662472
EGPH,EDDS,117,501.13131950301414
LGSA,EDDF,68,500.7598083524777
EDDL,EPWA,130,500.6160918863206
GCFV,EDDL,52,499.7059160185282
LIML,EDDL,171,496.40736153219785
EDDS,LGAV,86,494.57000288111976
EPWA,EDDL,128,493.3425749493377
EDDL,LGKV,76,492.42242819280784
EDDL,LIPZ,153,490.9797739240224
EDDF,LDDU,109,489.49526816243537
LGKV,EDDL,75,484.6214726278765
EDDV,LPFR,65,483.87406689505923
EDDH,LHBP,130,481.615428286226
VHHH,RJAA,11,478.7100080972292
LCLK,EDDV,53,478.52184807894537
GMMN,EDDF,70,477.68212213303286
OMDB,VMMC,6,477.4961396722115
LDDU,EDDF,106,476.3250012698575
EDDF,WIDD,4,476.1599999999989
LHBP,EDDH,128,475.5490678501527
EDDL,ESSA,108,468.5913205304699
EPGD,EDDM,141,468.4373420895496
EDDF,OEDF,11,468.13553535758024
EDDF,HKMO,10,467.3161411376023
LPFR,EDDK,68,465.1515947131073
EDDK,EGPH,130,463.3762106171673
KDFW,KIAH,58,461.6193207652064
EGPH,EDDK,129,459.8634283993777
LEIB,EDDB,74,458.76680209501285
EDDM,EPGD,138,457.30766493835426
EDDS,EGCC,124,454.5816413378916
ESSA,EDDL,103,453.54048230908376
LIPE,EDDP,108,452.48421252087036
RKSI,VMMC,14,451.4329165167562
EDDP,LIPE,108,451.15803180608816
EDDF,EGGW,126,450.2203038133668
EGGW,EDDF,125,447.82221984990935
EGCC,EDDS,122,446.3688652549883
EHAM,EGLC,348,444.7339116930105
LGRP,EDDK,57,444.65616393900575
EDDF,KCPM,4,443.52823301060766
EGLC,EHAM,347,443.45594068239836
LHDC,EDDM,124,443.00612979813184
EDDB,LEIB,71,440.4782959132669
EDDK,EDDP,203,439.7844711194244
EDDF,LPPD,46,438.1153114849903
LICA,EDDM,99,435.4897582699467
EDDK,EGKK,184,434.96526969872536
LFRS,EDDF,132,434.34323745774685
EDDK,LPFR,63,431.7755107820058
EGKK,EDDK,182,430.17481700800613
LICA,EDDL,74,429.9941217990714
EDDF,LFRS,130,427.5773792261057
EDDF,LIEO,108,426.7573104458301
EGNX,LIMC,58,425.9631333397366
EDDM,LIML,221,423.48364523451403
VTBS,EBBR,4,421.79999999999984
EDDF,RCPO,4,421.79999999999984
VMMC,EDDP,4,421.79999999999984
EDDP,WSAC,4,421.79999999999984
LIMC,VMMC,4,421.79999999999984
LEIB,EDDH,73,420.2874638212818
EDDF,HKJK,8,418.63670897549696
EDDK,LPPT,63,418.58031598260857
EDDK,LGRP,54,418.3424965005315
LIML,EDDM,218,417.70575868886516
EDDH,LFMN,103,417.3223151389922
LEJR,EDDB,53,416.99758371638706
EDDB,LEJR,53,416.99758371638706
EHAM,EPKK,105,416.3406517572534
EDDK,LEAL,75,416.2271229361838
EPKK,EHAM,105,415.1855494107465
LEMD,EBBR,59,414.2947704849852
EDDM,LICA,93,413.14691432507817
EDDL,LICA,71,410.3272400262849
EDDF,EGKK,171,410.193099045291
LFMN,EDDH,101,408.56445820646184
EDDS,EDDM,381,406.1969816312529
LEZL,EDDL,63,406.1167934480453
LICA,EDDF,80,405.90744358470033
EDDF,LICA,79,405.7913445768336
EDDM,LIEO,111,405.44477248786023
LPMA,EDDH,39,405.38168848742947
EGKK,EDDF,169,404.97537443042603
EDDF,LIPV,150,404.97345397308396
EDDH,EGCC,123,404.6693472617258
EDDF,SADP,3,402.92999999999904
EDDF,SADJ,3,402.92999999999904
VIDP,VMMC,9,402.4477403939362
EGCC,EDDH,122,401.4140455815269
LGSA,EDDL,50,399.14391878415853
EDDS,LIML,225,397.47539545537103
EDDP,LFLL,89,396.5933945615202
RJTT,EDFG,3,396.41205686732826
LPPR,EGLL,57,395.40433689203877
EDDM,EDDC,212,393.9740673998607
EDDL,LGZA,56,393.6359146721549
EDDC,EDDM,212,393.2825428917138
EDDL,LEZL,61,392.9457825670102
LGZA,EDDF,59,392.48870610579206
LIML,EDDS,222,392.1247094138307
KORD,EINN,5,390.28243504907573
LLBG,EDDH,39,388.38287788584546
LGZA,EDDL,55,387.1864512325265
LGZA,EDDH,51,385.39427575125575
LEIB,LSZH,76,385.2325359481886
EDDH,LPMA,37,385.02670768519323
LCPH,EDDM,46,384.5296519837698
LEJR,EDDM,54,383.29791090862653
EDDH,LGZA,51,383.26592610278715
EDDF,KSBD,3,381.5594589467205
EDDF,LGZA,57,380.7214210750472
EDDH,LEIB,66,379.00954689619016
LSZH,LEIB,74,377.7561407955465
VOYK,EDDP,4,377.33111194504096
LFMN,EDDK,113,376.66438114934334
EDDM,EPWR,172,376.53697951456564
EHAM,ELLX,310,376.28203147900587
EPWR,EDDM,172,376.2223527924416
EDDM,LEJR,53,376.1404490298294
ELLX,EHAM,309,375.0682184742349
LFLL,EDDP,84,374.312866777165
KIAH,KDFW,47,374.0708288959433
EDDK,LFMN,112,371.8266935333151
EDDH,LLBG,37,368.2136351814528
WSAC,VTBS,16,368.15225462981425
EDDM,LHDC,103,366.3231852101352
EDDP,LTAI,52,365.93482640944376
EDDM,EDDS,343,364.6507967240304
LIMC,EDDM,189,364.4757933708029
ENZV,EHAM,135,363.0611070628031
LEMD,EDDL,68,362.73779519118494
LROP,EDDS,74,362.20183833081245
EDDP,EGLL,76,362.1376953565493
ESGG,EDDB,152,359.0928470810244
EDDL,LEMD,67,357.1928911499151
EDDB,ESGG,150,354.6466076508628
EDDH,LGRP,40,354.06204865695827
LSGG,EDDL,143,352.6832633010424
EDDS,LROP,72,351.95446607028265
EDDL,LGSA,43,351.83676656719996
EDDM,LIMC,184,350.7310091437372
LPPT,EDDB,48,348.5194742281854
VHHH,EDDM,3,348.37350323798654
EDDL,EDXW,174,348.2621944095717
EDDS,LEJR,53,344.8023242413805
LGRP,EDDH,39,344.1109127273394
LPPD,EDDF,36,342.87285246651413
OLBA,EDDB,36,342.2976854670259
EDXW,EDDL,171,342.1615098555811
LTAI,EDDP,49,341.80655754460406
EDDM,LRTR,140,340.75709946933654
LIPZ,EDDH,95,340.6732637545226
LGKV,EDDS,66,340.5521023651511
EDDL,GCLB,30,340.08623347392984
LEJR,EDDS,52,338.04689143532596
ENBO,EDDM,44,337.8978186949198
EDDM,ENBO,44,337.8978186949198
EDDM,SBSJ,4,336.00000000000034
EDDP,EDDM,176,335.44515288808265
EDDS,LGKV,65,335.2399125629872
EDDL,LSGG,136,334.9575630109684
EDDL,LGMK,46,332.831622526976
EHAM,ENZV,123,330.7890086572206
LGRP,LSZH,40,330.4038527472606
EDDM,EDDP,172,328.32725629615413
EDDF,LDZA,103,327.9553854899657
EDDB,LPPT,45,323.6140834922087
LTFM,EDDM,71,323.4902343859817
LSZH,LGRP,39,322.99351468849216
EDDH,LIPZ,90,322.4616256944824
LLBG,LGAV,81,322.41556114790677
LIMC,EBBR,81,322.29252836300043
LSZH,LGKO,41,321.3189963404479
EGSS,EHAM,184,321.074151063673
EDDM,LRCL,88,320.94899994827676
EDDL,LFLL,116,320.72393779263876
EDDH,LCLK,38,319.07259635569983
LGMK,EDDL,44,318.4291170377749
VVTS,KLAX,3,316.3499999999999
VVTS,EDDF,3,316.3499999999999
EDDF,LGMK,47,315.52394864931966
OBBI,VVNB,7,315.2066353446286
EDDF,HEEM,33,313.48287215127186
EDDF,KORL,6,313.28043810606005
LCLK,EDDH,37,313.2085533888551
LFLL,EDDL,113,312.44405828425204
LDZA,EDDS,118,312.3890228165304
GCLP,EDDM,29,311.578970694107
LIRQ,EDDL,88,309.30427482820727
LIMC,EDDK,118,308.7196555000489
EDDL,LKPR,127,308.52620286754166
LKPR,EDDL,125,308.0373268350714
EIDW,EDDK,60,307.8151583292547
EDDL,EDDC,136,307.1734626038791
LGSA,EDDM,48,306.3481298747307
EDDM,LDZA,145,305.2800840664541
LGKO,LSZH,39,304.68021460002603
EDDF,ZUUU,3,304.6371032281682
EDDM,EBBR,113,304.60824907099055
EDDM,KBFI,4,303.21432970622584
LICZ,EDDL,50,301.0489263979081
EDDC,EDDL,133,300.02426581723347
EDDL,LGSM,43,299.4870191174186
EDDM,ELLX,149,297.9640735464638
ELLX,EDDM,149,297.9640735464638
LKPR,EHAM,115,297.4828944648709
EHAM,LKPR,115,297.4828944648709
EDDF,LFKB,80,297.34320991524635
EDDM,LTFM,71,295.9527049090727
EDDM,LGSA,46,295.48675958687903
EDDK,LIMC,113,294.61341424961853
EDDS,LCLK,37,294.47194769082586
LGMK,EDDF,44,294.1063941770815
EGKK,EDDS,99,293.8319020048897
EDDS,EGKK,99,293.8319020048897
EGFF,EHAM,140,293.66895061242315
EHAM,EGFF,139,291.5713152509058
LIMC,LEMD,47,290.16595100756547
EDDL,LESB,56,289.6544490360875
EDDF,GCRR,32,289.55106155348943
LICZ,EDDS,59,288.9823506345065
EPGD,EHAM,82,284.1919784538546
LEMD,LIMC,46,283.99220736910667
EDDF,LIBD,60,282.5560287845547
EDDF,KLDJ,3,280.623045584079
LCLK,EDDS,35,280.1071554001839
EHAM,EPGD,80,277.26046678424837
EDDP,LKMT,108,272.7503545720979
LKTB,EDDP,121,272.6311805309123
DAAG,EDDF,49,271.1005613268787
EDDL,LBBG,38,268.94500140370053
EDDF,SDTB,2,268.6199999999994
EDDW,EDDS,120,266.33492162188475
EDDS,EDDW,120,266.33492162188475
EBBR,KORD,3,266.0418368057216
LFML,EDDP,39,265.99507570929785
EDDF,RJTK,2,265.6881847439216
EDDK,LEVC,51,262.9386480172988
EDDP,LCLK,18,262.3635859594249
EDDK,LMML,27,261.10683234298466
GCRR,EDDF,28,260.8606709897103
LIPX,EDDK,89,259.7259195876713
LCLK,EDDB,30,259.3669921658741
EGSS,EDDK,96,259.13280523180623
EDDS,ESNX,40,257.94086550656425
EDDF,OJAI,15,257.91483282495324
LBBG,EDDF,41,257.8882660010734
EDDF,LEMR,52,257.803791773441
LFKB,EDDF,71,256.2182486560213
LEVC,EDDK,49,254.26402485243233
EDDK,LIPX,87,254.23687712572035
EDDF,LGSK,40,253.62460298162193
LIMC,LIRN,67,253.54561533700368
EDDF,DTTA,50,253.4858184735655
LEVT,LEZL,70,253.24364948928053
KSBD,EDDF,2,250.29972947336012
LIEO,EDDM,68,250.0985575040641
LGKO,EDDK,32,249.55985370505078
ENBR,EDDM,48,249.51184308274918
EDDM,ENBR,48,249.51184308274918
LIEO,EDDF,62,248.91266533925156
RPLL,EDDF,3,248.4000000000015
EDDL,LPAR,35,248.2271179949972
EDDL,EGNT,82,247.97895536263727
EGNT,EDDL,82,247.97895536263727
EDDK,LEIB,47,247.70263610698072
LEIB,EDDK,47,247.29018721315728
EGNX,EIDW,125,246.49052625398636
GCLP,EDDV,23,246.38742369605308
EDDF,ENVA,47,246.29040157614617
ENVA,EDDF,47,246.29040157614617
LGKF,EDDF,40,246.18789457136515
LEJR,EDDH,31,245.6152371717272
EBBR,EDDF,84,245.11387645171513
EDDL,LEMH,52,244.47217866625218
LIBD,EDDF,52,244.18546509095523
EDDM,EDXW,77,243.8564493378916
EDXW,EDDM,77,243.8564493378916
EDDH,LEJR,31,243.68789374374407
EDDS,LPAR,39,241.5804605601628
EDDK,LGKO,31,241.5080322157954
EDDB,LCLK,28,241.44544686907884
LTBK,EDDM,48,241.43911502187663
EDDM,ENVA,40,240.89824126364613
EDDF,LGKF,39,240.03319720708103
EDDL,LIRQ,68,239.0078487308875
BIKF,EGNX,26,238.76825595012593
EGNX,BIKF,26,238.76825595012593
LEVT,LPPT,60,238.27974207681407
EDDV,LEIB,42,237.6442069384901
LEIB,EDDV,42,237.6442069384901
EDDM,GCFV,23,237.24236665352174
ENVA,EDDM,39,235.45870995367093
ESSA,EDDS,48,235.00282017641186
EDDS,ESSA,48,235.00282017641186
EDDK,LHBP,62,234.78158127122717
EDDF,LEMH,53,234.06889796115277
EDDL,LOWG,71,233.80616457388058
LOWG,EDDL,71,233.58095376598095
LIPZ,EDDK,76,233.46117025791003
EGLL,LIMC,46,233.02862603798013
KSFO,EDML,2,232.99587465713378
EDDK,LICZ,39,232.80773171269155
LEVT,LPPR,81,232.3074971987417
LEAL,EDDH,36,232.18467413729127
MMIM,EDDF,4,231.9383709809157
EBBR,LEMD,33,231.7241936610935
GCFV,EDDV,22,231.05544194565007
VHHH,LIMC,3,230.5588969952517
EDDK,LIPZ,75,230.47717644027554
EGNX,EDDF,53,230.377633129346
LHBP,EDDK,60,229.95186391723993
EDDS,LGSA,37,228.89361691714944
EDDM,FABB,3,227.14481313053258
EGGW,EDDP,44,223.8453933741056
LEMH,EDDF,51,222.8599900736542
EINN,EDDF,24,222.30497106507667
EDDF,KOKC,3,222.0949736222509
LICC,EDDS,48,220.68680630882923
EDDH,LOWS,76,220.38980434311287
LOWS,EDDH,76,220.38980434311287
BKPR,EDDL,41,219.79473436780327
EDDF,LPCS,34,218.83186878258394
EGHI,EHAM,130,218.2555036587089
EDDV,GCFV,21,217.94019936555094
EDDF,SKMA,3,217.13726983743035
EDDM,GCLB,20,216.70627130710048
FNLU,EDDF,4,216.59560784616997
EDDF,LBBG,35,216.3157985127192
EDDF,GCLA,18,215.4589633262259
EHAM,EGHI,128,214.89772667934417
EDDM,LTAI,32,214.86523374574531
ESNX,EDDS,33,214.1056671643676
LFMN,EHAM,59,213.86661175072956
EDDF,LFBD,62,213.07076088887533
EGGW,ESSA,28,212.9480520571213
EDDL,KJFK,5,212.33889071149872
KJFK,EDDL,5,212.33889071149872
LPPR,EBBR,27,211.50726446880068
EDDH,LICZ,33,210.9500149733335
EDDF,SBJD,2,210.89999999999992
RCTP,EDDP,2,210.89999999999992
KCVG,OMDB,2,210.89999999999992
EDDP,WSSL,2,210.89999999999992
EDDF,SDAI,2,210.89999999999992
KCVG,OBBI,2,210.89999999999992
EDDP,RJBB,2,210.89999999999992
EHAM,LFMN,58,210.24175392444602
VOYK,EGNX,2,209.60188669077328
LFBD,EDDF,61,209.25967031652195
EDDW,LEPA,35,208.92615132058546
LICC,EDDF,42,207.8575902105304
EDDP,ESSA,39,206.32330446211517
LTAI,EDDM,31,206.27314898481362
EDDH,LMML,30,205.7855140971397
LMML,EDDH,30,205.7855140971397
EDDL,LIEO,48,205.07864328051178
GCRR,EDDL,21,200.69583794563374
EDDL,TFFF,4,199.11800106623363
LEBL,LPPT,37,198.85029572009563
EDDB,OLBA,21,198.84726806622285
LEMH,EDDL,42,198.028767325136
EDDM,LSZH,154,196.9823595133397
EDDF,LGKR,39,196.43039830908268
EDDM,LFRS,49,196.42361059233633
EPKK,EDDS,64,196.19750703103625
LSZH,EDDM,148,195.69618419543107
LGSA,EDDS,32,195.61655610590134
LSGG,EDDM,88,194.23546271275438
EDDM,LEBB,43,193.65500086683477
LGAV,EDDK,28,193.4942356633704
HECA,EDDM,30,192.92368788562044
LMML,EDDS,31,192.4857612300913
EDDL,LIRN,40,192.0346151711248
EDDM,KDTW,3,191.10912098291664
EDDM,LSGG,88,191.08985909944514
LDZA,EDDK,55,190.6345771050368
ESSA,EDDP,36,190.4522810419525
LBBG,EDDL,27,189.2531348602113
EDDL,BKPR,34,188.99103388009033
LGZA,EDDM,35,188.59153339139564
EDDM,LGZA,35,188.59153339139564
LFRS,EDDM,47,188.2368725482409
EDXW,EDDF,78,188.1551977484249
EDDF,EDXW,78,188.1551977484249
EDDL,LIME,66,187.26861890391052
EDDM,LFKB,65,185.9094202573353
VTBS,VMMC,7,183.59592959645335
LICJ,EDDK,33,182.94989579624357
EDDS,EPKK,60,182.9027256282578
EDDF,ENKJ,45,182.72621454281366
EDDP,EIDW,26,182.1965476243376
LICJ,EDDS,43,181.8491015361784
LOWS,EDDL,67,181.1805449535677
LIME,EDDL,63,179.2508721365384
EDDF,OLBA,19,178.4575783896907
EDDL,LOWS,66,178.41692439232494
EDDV,LTAI,22,178.32631775512647
LTAI,EDDV,22,176.83392070009427
LZIB,EDDP,63,176.15981624353228
EDDH,LEVC,29,175.21878453465848
EBBR,LEVT,31,174.71586028298415
EGLL,EBBR,90,174.66216106853594
EDDK,LICJ,32,174.38498610662435
EDDK,LGAV,25,173.14427588862566
EDDH,LBBG,28,172.61697594360993
EDDF,LEAS,32,171.07345306683757
EDDP,VVNB,3,171.02736949000862
GCFV,EDDM,17,170.83070323314362
EDDM,LGKR,38,170.78884881214915
EDDP,LZIB,61,170.56744112469
EDDS,EDDP,76,170.2213928751035
ESGG,ESOE,129,170.15835660494713
LIRM,EDDF,35,170.11545550941545
EDDM,CYHU,3,169.94977815996748
EDDM,LJLJ,103,169.38054810608625
EDDL,GCRR,18,168.12217745745218
VTBS,CYYZ,2,168.00000000000017
EDDM,SDTB,2,168.00000000000017
EDDM,WSSL,2,168.00000000000017
EGNT,EDDB,43,167.81784893547422
LJLJ,EDDM,102,167.76182564143616
LFKB,EDDM,60,167.7169494592265
LEVC,EDDH,28,167.52813236166975
EDDH,LGSA,19,167.13178619725076
EDDF,OJAM,16,166.94399888445017
OMDB,KBOS,2,166.80000000000058
EDDS,LBBG,30,166.76332126520603
EDDH,LEAL,26,166.70185695997142
LFMN,EDDS,67,166.38427539481216
EDDS,LFMN,67,166.38427539481216
LBBG,EDDS,30,166.35429234080917
VTBS,LFPG,2,165.60000000000102
FACT,EIDW,2,165.60000000000102
MMTJ,EDFH,2,165.60000000000102
VHHH,KBOS,2,165.60000000000102
MMMY,LEBL,2,165.38023360328057
EDDV,LTBS,21,164.6411734892695
EDDF,KCLT,3,164.43871649800468
EDDK,LESB,34,163.7942655975999
ESOE,ESGG,124,163.56307146522047
EDDM,RJBE,2,163.55957245476762
RJBE,EDDM,2,163.55957245476762
LROD,EDDM,51,163.44162712366972
EDDM,LROD,51,163.44162712366972
LICA,EDDS,37,163.2349233590653
RJBB,EDDN,2,162.9714771768921
EDDP,VVGL,2,162.63239330424702
ESSA,EDDH,49,162.58427095149904
EDDH,ESSA,49,162.58427095149904
EDDM,KORL,3,161.7964181956228
LGKF,EDDM,31,161.79560754270173
SDWL,SAEZ,6,161.6060748064249
EDDB,EGNT,41,160.988068512568
LEMH,EDDM,38,160.8946598741137
LQSA,EDDF,44,160.66384931088572
LEBL,EBBR,23,160.22429546416714
ESSA,EDDK,37,160.21726971147822
EDDK,ESSA,37,160.21726971147822
EDDM,LEMH,38,159.21087809425757
EDDP,LSGG,40,159.1300259260969
EDDF,LTBA,21,158.93211718611403
LIMC,EDDS,92,158.22595820346172
EDDP,OJAI,8,157.6285846039697
HKJK,EDDF,3,156.98876586581136
MDSD,EDDF,3,156.71425989300673
EDDL,LFML,45,156.15707659533552
ESSA,EGLL,20,155.81783801849454
EDDM,LGSO,29,155.52183986696227
LEPA,EDDW,26,155.20228383814919
EDDV,GCLB,14,154.8480736494032
EDDB,LOWG,63,154.66438931245173
EDDS,LIMC,90,154.61499192257313
EDDM,LGSM,24,153.5145514131673
LOWI,EDDH,50,153.2087348589123
EDDL,LGKR,25,152.86009174294776
SBGR,SAEZ,5,152.8581829289573
GCLA,EDDF,12,152.5580284770388
LFML,EDDL,44,152.4340177225711
EDDP,LIPO,40,152.2083862885636
EDDM,KCPM,1,151.95086018709566
EDDM,KSMO,1,151.92648523117128
KSMO,EDDM,1,151.92648523117128
EDDM,KEMT,1,151.5700128480181
EDDF,VIDX,2,151.16205692195533
ENBO,EDDF,21,150.37775397455061
EDDS,LIRN,40,149.9996059634704
EDDS,LICA,33,149.60525938073047
TFFF,EDDL,3,149.33850079967524
EDDL,LIBD,30,149.06115508290105
LOWG,EDDB,61,148.99716770935214
EDDS,GCFV,16,148.61964901773288
RJAA,EDDM,1,148.61944331719428
EDDS,LIBR,35,148.40325416241512
LIBR,EDDS,35,148.40325416241512
EDDM,KPHX,1,148.370934129927
EDDS,LICJ,35,147.96463722176142
EDDM,LTBJ,30,147.91124224102785
EDDF,HEAZ,16,147.34827301896672
DTTA,EDDF,28,147.0220072489852
EDDF,KOWD,2,146.4333939595398
EDDM,LGKF,28,146.13796810308543
EDDH,LOWG,44,145.95723155142298
LOWG,EDDH,44,145.95723155142298
OMDB,KDFW,2,145.19999999999956
EDDM,KTMB,2,145.1052393099969
EDDH,LOWI,47,144.2417038012447
LGSA,EDDH,17,143.31912073068872
EDDL,LIBR,27,143.31770898830885
EDDF,ENBO,20,143.21690854719105
EDDH,EHAM,100,143.01773341427577
EHAM,EDDH,100,143.01773341427577
EDDV,LBBG,23,142.61168778374832
EDDF,EINN,20,142.22796696761694
EDDF,VOTX,2,141.79885764666415
VOTX,EDDF,2,141.79885764666415
EDDM,ESNX,20,141.78368456706554
GCLP,EDDS,16,141.77075251993452
EDDH,LPAR,19,141.3521095139909
LIBD,EDDH,27,141.13887516000892
LEAL,EDDS,27,137.66607978896158
EHAM,EDDW,125,137.46592773129007
EDDW,EHAM,124,136.03098233420855
LGZA,EDDB,23,135.62885617175954
EDDM,LPCS,23,135.4030773695652
EDDL,LPPD,20,134.68834505550953
ESSA,EDDB,39,134.41821953479055
EDDF,SDIH,1,134.3099999999997
EDDF,SAAR,1,134.3099999999997
EDDF,SADO,1,134.3099999999997
EDDF,SBMT,1,134.3099999999997
LEMD,SAEZ,1,134.3099999999997
MMMX,ETOU,1,134.3099999999997
MMJC,EDDF,1,134.3099999999997
LIBD,EDDL,27,134.2532863136305
EDDF,LICC,25,133.92497562171965
GCFV,EDDS,14,133.23235527083185
EBBR,LEBL,19,132.98078553081777
EDDH,LIPX,38,132.70454411002228
LIPX,EDDH,38,132.70454411002228
EDDS,EDXW,45,132.58464098428448
EDXW,EDDS,45,132.58464098428448
EDDB,LFKB,30,132.41398311373413
EDDB,LGZA,22,131.75291575555863
EDDB,ESSA,38,131.58863590672237
EDDK,LPAR,20,130.9221265761612
EDDH,LIBD,25,130.5742892999975
LIRP,EDDK,38,130.15349154848062
EDDF,KSQL,1,130.08164891623395
EDDL,GCLA,12,130.05879558508485
KSFO,EDFB,1,129.86720514545416
EDDF,KPOU,3,129.39709049322096
EDDF,CYZD,2,129.0349617843176
EDDF,MMMY,1,128.9631362315881
LIPZ,EDDS,64,128.89256164888872
KPHX,EDDF,1,128.85570898174697
EDDF,EPKT,41,128.71182949258602
LPPD,EDDL,19,128.52318279592126
GCXO,EDDF,12,128.40673499511718
RJTT,EDDH,1,128.180451884889
LGRP,EDDP,19,127.44939260578325
EDDP,LGRP,19,127.44939260578325
GCLA,EDDL,12,127.43639101273786
EDDS,LMML,24,127.37843394281029
ESNX,EDDM,18,127.31548985484757
EDDS,LIPZ,63,127.23608703202503
EGCC,TBPB,2,127.07426358697387
LIEO,EDDL,30,126.09138615036683
EDDM,KATL,1,125.57676335557112
EDDF,LDRG,39,125.53709469911634
EDDP,EDDS,60,125.33112886483131
LGRP,LOWW,18,125.26480363946524
EPKT,EDDF,40,124.83478360702125
LPPR,EDDK,22,124.30242237280802
LSZH,CYYZ,2,123.60745241186194
EDDF,LATI,24,123.50527855391681
LPAR,EDDF,18,123.43341577478652
LFPG,LIMC,28,122.72819704755358
EDDS,LIEO,35,121.72299084113385
VVNB,VHHH,14,121.50225825548227
LBBG,EDDB,21,121.38405871089941
EDDK,LPPR,21,120.9291292179828
EGNT,EDDF,34,120.89074186278165
EDDF,EGNT,34,120.89074186278165
EICK,EDDF,27,120.59202494544229
VTBS,RJBB,3,119.54294445019431
EDDF,LEBB,27,119.17214332937046
WSAC,EDFZ,1,119.03999999999972
WSAP,EDDF,1,119.03999999999972
EDDS,LEAL,23,118.913828316118
EDDK,LIPE,37,118.91108563780347
EDDL,LTBS,15,118.88143900989532
EDDP,EDDK,46,118.80288811170223
EDDM,ENKJ,25,118.73060831010154
LIPE,EDDK,37,118.69018125382941
LOWW,LGRP,17,118.13241096882132
LEVT,EDDP,15,117.70272431204043
EHAM,EGLL,57,117.39545758447036
LLBG,LCLK,96,116.95778724093383
EDLW,LGTS,19,116.73648038472598
LGTS,EDLW,19,116.73648038472598
LDZA,LIMC,27,116.52076724133411
LFKB,EDDB,27,116.50891444526484
EDDK,LIRP,34,116.29489084725533
EDDF,EICK,26,116.12565365116664
GCRR,EDDM,11,116.09645731899475
EDDP,LFML,17,115.21826886919051
WSAC,VHHH,3,115.10592622775972
EDDL,LGBL,18,114.11966627231477
EHAM,ENCN,45,113.66678915734417
EDDF,KTMB,1,113.39971847557007
VOYK,EDFZ,1,113.33086691702823
LMML,VIDP,2,112.81215564364743
LBSF,EDDP,16,112.7600967202033
LRCL,EDDM,32,112.69471152965076
LIBR,EDDL,21,111.70947507233672
EDDL,EGHQ,34,111.65323325679645
EDDF,DTTJ,17,111.48153713525491
GCFV,EDDH,14,111.1307690884907
LIMC,LFPG,25,110.53218685252976
EHAM,EDDV,85,110.36492631196215
EDDS,LDZA,41,109.8439814710197
EDDL,OLBA,11,109.56822096841098
EHAM,EGNT,56,108.62645153522125
EGNT,EHAM,56,108.62645153522125
ENCN,EHAM,43,108.61493186146221
EGHQ,EDDL,33,108.33859549667073
EDDF,LESB,22,107.75356146843603
EDDM,GCRR,10,107.5872811673927
SDWL,SADS,4,107.5110284499622
EDDS,LGMK,18,107.46178439533965
LMML,EDDP,10,106.21957958276444
LCLK,EDDP,8,106.07028361584683
EDDF,KTPF,2,105.91939201666274
MMAN,EDDF,1,105.44999999999996
VHHH,KNTD,1,105.44999999999996
EDDF,VVTS,1,105.44999999999996
KLAX,EDAM,1,105.44999999999996
VMMC,KCVG,1,105.44999999999996
EDDP,RCPO,1,105.44999999999996
KLAX,EDFB,1,105.44999999999996
KLAX,EINN,1,105.44999999999996
VMMC,KLAX,1,105.44999999999996
MMMY,EDFB,1,105.44999999999996
VVNB,KORD,1,105.44999999999996
EDCT,RJAA,1,105.44999999999996
EDDP,RKSW,1,105.44999999999996
EDDF,SDAM,1,105.44999999999996
RJAA,EDDP,1,105.44999999999996
EDDF,KDWH,1,105.44999999999996
VHHH,EDDK,1,105.44999999999996
EDDP,VHSK,1,105.44999999999996
MMMY,EDFA,1,105.44999999999996
MMMY,EDFZ,1,105.44999999999996
RKSI,EDDP,1,105.44999999999996
VHHH,KSLI,1,105.44999999999996
SBGL,EDFG,1,105.44999999999996
VTBS,KHHR,1,105.44999999999996
VTBS,KLAX,1,105.44999999999996
VHHH,KSMO,1,105.44999999999996
VHHH,LOWW,1,105.44999999999996
KPAE,EDDP,1,105.27343859859886
EDDM,DTTJ,18,104.95059134556614
EDDV,EHAM,82,104.81995813683929
HKNW,EDDF,2,104.58281074077956
EDDP,LBSF,15,104.54644295401296
EDDF,MDSD,2,104.4761732620045
BIKF,KSFO,1,104.43809053756647
EDDH,GCFV,13,104.12175934549059
EDDF,FSIA,2,103.85782637534746
NTAA,KPDX,2,103.49647388593827
ZGSZ,LTBA,1,103.3579556316393
VHHH,LTFJ,1,103.29132528748886
EDDF,MDPC,2,103.24074309890327
EDDS,LICC,22,103.07217883223096
EDSB,LEPA,23,103.05836355909696
BIKF,KLAX,1,102.65831940400388
EDDS,GCLB,11,102.4728416117945
EDDF,KISP,2,102.00311469855366
LBBG,EDDM,19,101.94471034288306
EDDK,LEMH,22,101.92512525410173
LEZL,LEVT,28,101.29745979571217
LEPA,LOWG,20,101.17145593052172
LICZ,EDDK,17,100.41958213152687
EDDM,HEAZ,16,100.2857986921637
LGKO,LOWW,15,100.24988268329756
LOWW,LGKO,15,100.24988268329756
LIPE,EGNX,12,99.71164621472239
EDDM,VIDX,1,99.62949718838236
EDDL,LFKB,26,98.61265755454043
EDDB,LBBG,17,98.26328562310906
EDDF,KJYO,1,97.74845079369953
KIAD,ETOU,1,97.61493057942454
EINN,KMIA,1,97.4432973401316
EDDP,PANC,1,96.86548359945387
EDDF,CYKZ,2,96.58079669964488
EDDM,LBBG,18,96.579199272205
GCFV,EDDK,9,95.61992693844077
LFPG,EGLL,49,95.53107974272059
EDDV,GCRR,9,95.4110155746049
EDDF,LIBR,19,95.09061270274971
GCLP,EDDK,9,94.65511676726642
EDDK,LFKB,25,94.44863873886828
RKSI,ZGSZ,3,94.42410061307876
GCXO,EDDL,9,94.109094263652
LGMK,EDDS,16,94.0208740591855
EDDL,GCXO,9,93.58494616466757
EGLL,LFPG,48,93.58146587042017
KLDJ,EDDF,1,93.541015194693
LBBG,EDDH,16,93.4092944140376
EDDF,LBWN,15,93.28241952437277
EDDF,KTEB,1,93.17400225028962
EDDF,KIND,1,92.94998765978372
EDDV,LEMH,17,92.82656584466717
EGNX,KMIA,1,92.70896521063452
EDDL,LICJ,16,92.64802195946258
EDDF,KBVY,1,92.61644625752272
KORD,EDFG,1,92.36706666670007
EDDF,KCVG,1,92.36019804605509
EDDM,LGKL,16,92.18247815667496
EDDH,LIEO,18,92.09561035969949
LICC,EDDL,16,92.04421764857187
ESNX,EDDK,15,91.49815586329356
KCVG,EDDK,1,90.84714896415949
EDDF,KBWI,2,90.68017306056609
EDDL,GCTS,8,90.50357394012143
EIDW,EBBR,20,90.42743455200672
CYVR,BIKF,1,90.1646446665198
LIBR,EDDF,18,90.0858436131313
BKPR,EDDH,17,89.56986840351324
LTAI,EDDL,11,89.44458077330513
LIEE,EDDM,18,89.31027538679962
LIMC,EGGW,14,89.27822803464137
KBOS,EDFZ,1,88.89990264336448
EDDM,EPPO,35,88.86146243885327
EPPO,EDDM,35,88.86146243885327
LEBL,LIMC,17,88.75429455839438
EBGB,KORD,1,88.60506514989805
EKBI,EDDP,22,88.48118971952843
EDDP,EKBI,22,88.48118971952843
LIPQ,EDDV,26,87.76512205398565
EDDL,EDDS,50,87.59217825917523
EDDK,EDDS,49,87.14024568912741
EDDM,LRAR,37,87.13580653283691
EDDF,GCXO,8,86.84712816041106
KMGJ,EDDF,2,86.66938966372162
EDDF,KFRG,2,86.66105888472013
EDDM,LTFE,13,86.4735798128171
LOWG,LEPA,17,85.6880160868731
EDDH,LESB,15,85.67365664821537
EDDF,KBUF,1,84.80466904723139
OBBI,VMMC,1,84.80039982256142
VMMC,OBBI,1,84.80039982256142
EDDS,LIBD,22,84.74360538631049
EDDK,LBBG,13,84.6631601848331
LICA,EDDK,15,84.63177657633395
LIPQ,EDDL,26,84.35863579164797
EDDV,LIPQ,25,84.31161170561631
EDDM,HEEM,14,84.24451238519032
KSAN,EDML,1,84.00000000000009
EDDM,WMKK,1,84.00000000000009
EDDM,WIDD,1,84.00000000000009
VTBS,CYUL,1,84.00000000000009
VIDP,KCLT,1,84.00000000000009
EDDM,SBMT,1,84.00000000000009
VTBS,KCLT,1,84.00000000000009
VTBS,KSEA,1,84.00000000000009
VTBS,KORD,1,84.00000000000009
VTBS,SBGR,1,84.00000000000009
RJBB,CYUL,1,84.00000000000009
RJTT,EDDS,1,83.6347537671327
EDDF,LTFE,11,83.63035698187903
LEMH,EDDK,18,83.57838179171624
EDDK,GCRR,8,83.51907680403654
EDDL,LIPQ,26,83.46553570434686
EDDM,EGSS,23,83.2564926225765
EDDM,LICC,21,83.00158864859432
EDDF,KLGA,1,82.99833678000925
LEPA,RPLL,1,82.80000000000051
OMDB,KSEA,1,82.80000000000051
RJTT,ETSI,1,82.77561380599974
LDPL,EDDK,24,82.67325175113082
GCRR,EDDV,8,82.50100342507386
ELLX,EDDF,86,81.81597703266759
LICZ,EDDH,13,81.53173441521533
LIPQ,EDDB,25,81.15826562327831
EGSS,EDDM,22,80.93194452422175
VHHH,EDFG,1,80.88695276571643
EDDL,LGKL,11,80.40993103898298
EDDK,LDZA,23,80.02163676406742
EDDF,ELLX,84,79.9770041634658
EDDM,LIED,17,79.87111060174557
LTFE,EDDM,12,79.82176598106194
EDDM,OMAA,1,79.583760695834
EDDH,LGKL,9,79.28338872434726
LFKB,EDDK,21,79.27128247378756
EDDP,VIDD,1,79.22929315915621
VIDP,LTFM,1,79.22776148733473
EDDM,MMUN,1,79.14521651967698
MMUN,EDDM,1,79.14521651967698
EETN,EDDL,15,78.37622301895811
EDDL,EETN,15,78.37622301895811
EDDM,VTBD,1,78.23473164041
LIBD,EDDS,20,77.98196120382593
EDDB,LIPQ,24,77.91193499834718
OLBA,EDDF,8,77.81768051648274
EDDL,GCLP,7,77.76811594685289
EDDM,DTTA,14,77.7396907085928
LBBG,EDDK,12,77.73464921077655
KSKF,KPAE,3,77.53358337075846
EDDM,KSLC,1,77.3858856595016
RPLL,VHHH,4,77.26657576909665
EDDB,LIEO,14,77.14026782350547
LIMC,LMML,10,77.08634644368195
LIPL,EDDP,18,76.99112991825294
EDDF,RKSW,1,76.80552219092866
LGSM,EDDL,11,76.74918841650783
WSSS,VHHH,2,76.74118865621155
EDDF,LIPQ,28,76.52632514475991
EDDF,LLHZ,4,76.45582649088855
EDDM,VVNB,1,76.4421992047532
VVNB,EDDM,1,76.4421992047532
OBBI,VVGL,1,76.33775501851437
EDDF,KGPM,1,76.29361259572093
LEPA,EDSB,17,76.1735730654195
EBBR,EDDM,29,76.14819679391222
LTFE,EDDF,10,76.02759725625366
KSFO,KBOS,1,75.90538129016467
EDDL,OSDI,7,75.741418069866
EDLW,LICZ,12,75.50497664381403
EDDF,KPAE,1,75.31449338954569
EDDL,LTAI,9,75.30675363220712
EDDM,KFTG,1,75.14306407525086
LFKB,EDDL,20,74.9157429358062
EDDM,EETN,14,74.8397814428509
EETN,EDDM,14,74.8397814428509
EDDF,KFTG,1,74.8143787247801
RCTP,VTBS,2,74.7063464488524
EDDL,LGPZ,12,74.6742451304412
EDDH,LGKR,11,74.62645516809908
EDDM,CYPK,1,74.62247300929921
DTTJ,EDDM,13,74.52002037939121
EPGD,EDDL,22,74.44937604280183
LEPA,EDDR,18,74.39423392792969
RJBB,VHHH,2,74.32099571239765
EDDV,ESNX,14,73.50910570660795
LPAR,EDDM,14,73.49701782471591
EDDK,UGTB,7,73.4431229470573
EDDS,LEMH,17,73.10121392198216
EDDK,LICA,13,73.08381552291594
EDFE,VHHH,1,72.7958677949381
FSIA,KRSW,1,72.59999999999978
SKMA,EDDF,1,72.37908994581012
EDDM,KOPF,1,72.30009248280525
LCLK,LLBG,62,72.23938419796441
SKBO,ETOU,1,72.20790743510851
EDDL,LGSO,10,71.95077271853219
SKBO,EDDL,1,71.49325645544087
KDEN,EDDL,1,71.22720095410278
DTTJ,EDDF,11,71.20646160191245
EGGW,EHAM,36,70.81248103922815
EFKT,EDDF,9,70.68168527156176
EDDM,EGJJ,18,70.50000648261398
EGJJ,EDDM,18,70.50000648261398
LIPQ,EDDF,26,70.4266086597745
LGKV,EDDF,12,70.25321514604367
EDDF,LGKV,12,70.25321514604367
EDDM,LTBS,10,69.38651634337143
LDPL,EDDM,35,69.27413306306231
LBBG,EDDV,11,69.2730310188397
UGTB,EDDK,7,69.19016206326226
LKMT,LKTB,103,68.96233604684079
WSSS,VIDP,1,68.74591031633449
EDDF,LAGJ,13,68.55456703611611
OLBA,EDDL,7,68.50612640524992
EDDF,EPPR,20,68.38193589860042
EDDW,LGRP,8,68.37093936583337
LEMD,EDDB,7,68.3204455556407
EDDF,KEDC,1,68.20089963764934
LGRP,EDDG,8,68.08325726129378
EDDG,LGRP,8,68.08325726129378
LGZA,EDDS,12,67.98495856676823
EDDS,LGZA,12,67.98495856676823
EDDS,EDDK,38,67.91763303417235
KCHS,KPAE,2,67.49981850514526
LIMJ,EDDL,22,67.15433191437815
EDDL,LIMJ,22,67.15433191437815
LMML,LIPE,10,67.00187086030319
EDDL,EFKT,9,66.66253170716845
EDDM,LIEE,14,66.34200005421239
KCLT,EDMA,1,66.28034425611943
LIEO,EDDS,19,66.26061338751065
EDDM,KMDW,1,66.1390875972793
LEMH,EDDV,12,65.96362445471968
OBBI,EBBR,1,65.84871461008574
KORD,EDFB,1,65.79222397492649
EDDF,GCLP,6,65.65035304065162
LGBL,EDDL,10,65.65020948023587
EDDL,EPGD,20,65.44980365528447
KPAE,EDDB,1,65.34843370589404
KCLT,EDDS,1,65.24049388392248
EIDW,EDDP,9,65.21691156542167
LDPL,EDDL,18,65.1818486279943
LYBE,EDDL,14,64.95546884158519
EDDL,LYBE,14,64.95546884158519
LPFR,EDDP,9,64.92921443892644
EDDP,LPFR,9,64.92921443892644
EDAM,OMDB,1,64.8927672205573
EDDP,OMSJ,1,64.75047776660901
LIRP,EDDP,11,64.73281010073163
CYUL,KSFO,1,64.69333361978012
LGPZ,EDDL,11,64.60948516596396
EDDM,LGSK,12,64.55205746559565
EDDL,LICC,11,64.49559172590949
LDPL,EDDS,26,64.42478902358619
EDDS,LFKB,21,64.00954203146782
EDDK,GCFV,6,63.74661795896051
EDDM,LBWN,12,63.68599312789455
EDDM,EFKT,10,63.24379281838311
EDDK,LIBD,13,63.216298622370424
OBBI,LIMC,2,62.759309662252925
LOWK,EDDK,21,62.445235902739284
LDDU,EDDL,13,62.44371285641443
LICC,EDDH,10,62.27648961930601
EDDP,EINN,7,62.18266642862353
EDDB,LBWN,11,62.127744540512374
KORD,CYYZ,5,61.91820048540804
EBBR,LFML,11,61.21930518509403
ESSA,EGGW,8,60.84230058774896
EDDM,OJAI,7,60.812634737436866
LEMG,EDDV,8,60.780271388146986
LIMC,LDZA,14,60.4181756066177
EDDK,LGKV,10,60.34915462275946
LGKV,EDDK,10,60.34915462275946
EDDF,EPCE,18,60.27535913398492
EDDS,EDDL,35,60.23165712257345
EDDM,LATI,14,59.823771119019256
EDDV,DTTJ,8,59.7543633473745
EDDF,VAAH,1,59.650250532974134
EDDS,LGKR,12,59.64913265673234
OEDR,EDDP,1,59.59523108301708
LDZA,EDDP,12,59.36820310515263
KMGJ,EDDM,1,59.3555224449863
EDDM,KMGJ,1,59.3555224449863
KEWR,ETSN,1,59.32820697562246
LLBG,HEAZ,7,59.30274647374448
KEWR,EDMA,1,59.30069639794672
EDDM,KSWF,1,59.2828396597118
LGKV,EDLW,9,59.018100894765624
EDLW,LGKV,9,59.018100894765624
LEPA,EDDP,10,58.8134671087598
EDDP,OERY,1,58.7688410338464
EDDF,FASI,1,58.75151320266563
LEMD,LBSF,5,58.73196846249745
KLAS,EBBR,1,58.66689484815113
EDDB,LEMD,6,58.56038190483489
EDDF,FAGC,1,58.540960382654916
FAGC,EDDF,1,58.540960382654916
EDDS,LPCS,9,58.52362169995374
LGKV,EDDB,12,58.35330084566308
EDDB,LGKV,12,58.35330084566308
MMUN,EDFB,1,58.22016064040726
VABB,EDDM,1,58.19806956691163
LIBD,EDDK,12,58.08183015494333
EDDP,LGKO,9,58.01256769884076
LGKO,EDDP,9,58.01256769884076
EDDF,LGPA,8,57.76845182296144
EDDL,LDDU,12,57.69433662972032
LIEE,EDDF,12,57.675021192932746
LGSM,EDDM,9,57.56795677993774
LFKB,EDDS,19,57.53799139612633
EDDS,LDRG,24,57.498392204564915
EDFH,LCLK,2,57.18286081115122
LOWW,LEMD,6,57.15986737584421
LCLK,LIMC,3,57.148530480556865
EDDP,VVKP,1,57.14689364604694
KPDX,ETOU,1,56.79795191776462
EDDF,LGSO,8,56.602617253611776
VOYK,VHHH,1,56.26186246788156
EDDK,LIEO,13,56.1726566981834
LPPR,EDDV,9,56.104917270137946
LFBD,EDDP,8,56.03467611396795
LBWN,EDDF,9,55.969451714623666
CYUL,EDDN,1,55.93436680377448
EDDL,DTTJ,8,55.853400021358425
ESGG,EHAM,20,55.77540081923463
GCLP,EDDB,5,55.656593924748776
KSEA,EDFB,1,55.62116736003911
EDDK,LIRN,12,55.14698754343862
HECA,EDDL,5,55.11469006244622
KSAN,KORD,2,55.04883813313356
EDDM,KTPA,1,54.70048618451462
EDDC,LBBG,10,54.53804012838611
ESNX,EDDV,10,54.533701829035934
EDDF,DTMB,9,54.517172313531205
EFKT,EDDM,8,54.35759685045843
KORL,EDDM,1,53.93213939854093
LCLK,LIPO,4,53.877559624877534
VABB,EDFT,1,53.811484944051834
VIDP,VHSK,1,53.6600491978433
VHHH,VTBS,2,53.42268479470969
EDDR,LEPA,15,53.366889419186414
BIKF,KDEN,1,53.277768472112015
EDDP,LGAV,5,53.22768105832445
VMMC,VIDP,1,53.18696298259244
EDDF,KMCF,1,53.04598863845598
EDDC,LEPA,9,53.03257168408588
LCLK,LIPX,4,53.007319009821956
EHAM,ESGG,19,52.9866307782729
ETOU,KTPA,1,52.894942940424905
EDDP,LKTB,23,52.70497089319841
EDDF,CYTZ,1,52.4259317431258
EDDF,MDJB,1,52.31241857978763
MDSI,EDDF,1,52.25234489368684
GCRR,EDDK,5,52.19942300252285
KORL,EDDF,1,52.183054151840764
EDDS,LESB,12,52.10163637428807
EDDK,LDPL,15,51.95189788158057
FSIA,EDDF,1,51.92891318767373
EDDB,LGKR,11,51.762621126758965
KPDX,NTAA,1,51.748236942969136
KPDX,NTTM,1,51.73194308132416
EDDF,HECA,5,51.55845239779479
EDDP,LPPR,5,51.37719643108536
EDDK,ESNX,8,51.264771037712954
LIPQ,EDDK,16,51.24978674439805
EDDK,LIPQ,16,51.24978674439805
EDDL,UGTB,6,51.24797289032971
EDDF,LGSM,8,50.76447527781596
PANC,EDDL,1,50.59937033914122
EDDS,GCRR,5,50.500684182189694
GCRR,EDDS,5,50.500684182189694
SBKP,SUMU,2,50.31793272536225
EBBR,EGNX,13,50.154977680335406
EDDV,EDDS,25,50.11377773891946
KCVG,LIMC,1,50.08209970954559
EDDF,GCGM,5,49.90836413421421
VIDP,EDNO,1,49.87138817514735
EDDB,GCLB,4,49.61175850801508
EDDL,BIKF,8,49.60431433649979
BIKF,EDDL,8,49.60431433649979
LICJ,EDDL,9,49.552793765828795
EDDS,DTTJ,8,49.40835711504976
EDDF,LGKL,7,49.1807236611123
LTAI,EDDB,6,48.90848901831221
EDDV,LESB,9,48.82587971492392
EDDV,EDDL,38,48.56962800707781
EDDL,LIQL,14,48.400847180807105
EDDM,EDLE,21,48.06854750176381
EDDM,LDPL,24,48.02636817937994
HTZA,EDDF,1,48.01492321956805
EDDM,GCLA,4,47.99105950519932
EDDM,LTBA,11,47.80046783780049
EDDF,ESGI,12,47.795474359905164
EDDM,LAGJ,13,47.643630763821385
LEMD,LOWW,5,47.63322281320351
EGLL,EHAM,23,47.37009692004943
EDDF,LIED,10,47.19302193322353
EDDF,LTBS,6,47.17848169989205
EYKA,EDDF,10,47.13992679879229
LBSF,LEMD,4,46.98557476999795
EDDB,LDDU,12,46.943033329350676
LDDU,EDDB,12,46.943033329350676
LFML,LIPE,12,46.860694269463266
EGNX,EBBR,16,46.788241544317586
LEMH,EDDS,11,46.47368244745351
LFBO,EDDP,6,46.137161877979636
EDDM,LPPS,5,46.091801637208185
EDDF,EYKA,10,46.07888294715746
EDDF,ENEV,6,45.967693506044874
LFPG,EDFH,9,45.66457793439756
EDDF,HECW,5,45.64739073766048
KBWI,EDFB,1,45.38751527675322
KBWI,EDDF,1,45.340086530283045
LICC,EDDK,8,45.275006760862105
EDDL,LGRX,7,45.21612402860599
LCLK,HEEM,4,45.168039934101685
EDDF,LFBZ,11,44.70946925745785
KJFK,EDCT,1,44.70771082999678
EDDK,GCTS,4,44.63171843307986
EDDL,EGJJ,16,44.436555795137465
EGJJ,EDDL,16,44.436555795137465
CYYZ,ETOU,1,44.389606787228544
LEZL,EDDP,4,44.280014226545056
EDDK,GCLB,4,44.267099776321615
VIDP,VVGL,1,44.21509616254211
EDDV,LPPR,7,44.078614955269394
EINN,EDDP,5,44.027743880132164
VIDP,VVNB,1,43.99438783286008
EDDB,LESB,8,43.78142978343997
OEDF,EDDF,1,43.61393128714242
EDDM,DTMB,8,43.48683927872728
EDDF,TXKF,1,43.39740628218235
EDDF,KMGJ,1,43.33469483186081
KSWF,EDDF,1,43.28091729780863
KPOU,EDDF,1,43.13236349774032
EDDL,LIPV,13,43.09336703172384
EIDW,EGNX,23,43.04896722509469
KJFK,EDFH,1,43.0341366900863
LQSA,EDDK,10,43.00448889558323
LOWL,EDDP,14,42.96017167170378
EDDH,LIPQ,10,42.92176838649337
LIPQ,EDDH,10,42.92176838649337
EDDF,EKEB,16,42.821436721603824
EDDM,EPPR,13,42.75131013700965
LEBL,LPAR,8,42.469778399962806
LROP,EDDP,6,42.43994668955079
EDDK,LDDU,9,42.41246261762825
LDDU,EDDK,9,42.41246261762825
EDDH,LDRG,12,42.407894747627815
LDRI,EDDF,13,42.31569783470558
EDDH,BKPR,8,42.15052630753565
EDDF,KPVD,1,42.099651037560086
EDDM,LLSD,5,41.86898279340897
SUMU,SAEZ,7,41.81446444160864
KJFK,EBBR,1,41.63845062496137
DTTJ,EDDL,6,41.56828454068925
EHAM,KJFK,1,41.40258916959024
BKPR,EDDM,12,41.25288875276385
KSEA,BIKF,1,41.17280140362849
EDDL,LPPS,4,41.10052989670387
LPAR,EDDS,6,40.8125441974391
LDRG,EDDF,13,40.775090580889156
EDDS,OJAM,4,40.719975279892786
EDFH,EHAM,8,40.63565144347627
EDDS,EDDV,20,40.528213137760936
LIEO,EDDK,9,40.466865879340624
ENBR,CYYZ,1,40.15693833707908
OMDB,VOYK,1,40.00049790453029
KDTW,KORD,6,39.99993976594561
BKPR,EDDS,9,39.96546557191541
EDDF,KBGR,1,39.75215668866484
EDDK,LPCS,6,39.62493469040855
EDDP,LEPA,7,39.61379063095742
EDDV,LPPS,4,39.36698608023367
EGSS,EGLL,106,39.33800739667291
EDDF,LIPU,15,39.33399541377962
LEPA,EDLE,8,39.324676857000746
EDDF,EFKT,5,39.267602928645424
EDDL,GMMN,6,39.24626918300909
OEJN,EDDK,3,39.22213526299327
BKPR,EDDF,8,38.84220894596705
EDDF,LELL,8,38.485502565463584
EDDL,LIED,8,38.201051393283834
SBBI,SBKP,5,38.161693648118714
LIEE,EDDL,8,38.135460371975334
WSSS,VMMC,1,37.99498255575669
LFLL,LFBO,12,37.93315745746968
EDDM,EDHI,14,37.83720854062058
LICZ,EDLW,6,37.752488321907016
LGAV,LEMD,3,37.19810780830654
DTTJ,EDDS,6,37.05626783628732
LEMD,LFPG,4,37.006287821279585
EDDL,GCGM,4,36.93349579386008
EDDH,LIRN,7,36.745405022136595
EDDP,LOWL,12,36.573196721057734
LFBZ,EDDF,9,36.39062656155464
EDDL,LPCS,5,36.20236352405457
LIPO,EDDP,9,35.92828380120319
EDDF,LDZD,10,35.79369270582652
LFKF,EDDF,10,35.72341055986927
EDDF,LEMU,6,35.542525961326035
EDDS,BKPR,8,35.38421373307485
EDDM,LGPA,6,35.11010541543681
EDDF,LESL,8,34.897672691051916
LLBG,HEEM,4,34.878343752339994
GMMN,EDDL,5,34.27666534712669
LBSF,EDDL,6,34.24438277521887
EDDM,EINN,2,34.15255470312911
KCHS,KSKF,2,34.02801736314521
EDDF,LIEE,7,33.93450638920879
EHAM,EDDK,36,33.92531390931168
DTTA,EDDM,6,33.80274997635822
EDDF,EGLC,16,33.75140699853501
LGKR,EDDM,8,33.61001287398186
LPPT,LFPG,2,33.56423826822977
LCLK,HEAZ,3,33.44331656018093
EDDN,EDDM,40,33.288741783420946
EDDF,LFKF,11,33.05399417949923
EDDK,GCLP,3,33.02457125870396
LOWW,EGCC,2,32.991223129842304
GCLP,EDDH,3,32.924096512287846
EGLL,LOWS,12,32.893796555869514
LOWS,EGLL,12,32.89379655586951
LOWW,LEPA,5,32.8392471797106
EDDL,EDDP,17,32.696174766417556
LKMT,LTAI,5,32.69118864746088
EDFH,EDDF,22,32.64134464726932
LEPA,EDDN,7,32.551567013925784
EDDL,ESNQ,5,32.49176139983242
OSDI,EDDL,3,32.460607744228284
EDDF,EDHO,15,32.45977201886497
EDDP,EDDL,17,32.09407195812393
VHHH,RKSI,1,31.83057333888398
MMMX,CYYZ,1,31.823105376346813
EDDH,LICC,5,31.806584678572115
CYYZ,KIAH,1,31.68430847767112
EDDF,LIMN,14,31.356815618287918
UGTB,EDDL,3,31.339634709691904
EDDM,GCLP,3,31.30656689527256
LFPG,LEMD,3,31.28834843136332
EBBR,EGLL,16,31.18884837787528
EDDV,EBBR,16,31.082149324285727
EDDM,LFIX,8,31.044298610603345
EDDH,LPCS,4,30.94695754389646
SAEZ,SBGL,1,30.847160650031807
EDDK,LYBE,7,30.798315857442514
LYBE,EDDK,7,30.798315857442514
EDDP,LFBO,4,30.758107918653092
EDDL,EDDV,24,30.66001766740025
ENEV,EDDF,4,30.645129004029922
EINN,EDDM,1,30.6330164988837
EDDF,LLSD,3,30.530520897577954
EDDK,EDDL,103,30.518490152778703
EDDM,LIPQ,17,30.324965853613527
EDDP,LFBD,4,30.137145996660898
LATI,EDDF,6,30.09759921373455
LPAR,EDDH,4,30.061310561620747
EDDL,LJLJ,9,30.037439435050178
LJLJ,EDDL,9,30.037439435050178
EDDP,LIRP,5,29.99910636278579
EDDB,LEBB,5,29.998071359409874
EDDL,ENBR,9,29.93307293198779
ENBR,EDDL,9,29.93307293198779
EDDS,GCLA,3,29.921244393130063
EDDK,EHAM,32,29.91091799877933
DTTJ,EDDV,4,29.87718167368725
EDDS,LDPL,12,29.854932668944826
EDDK,LGKR,5,29.475055327006814
LEPA,EDDC,5,29.462539824492158
EDDF,LTBX,1,29.403388377275775
EDDC,LGRP,4,29.2737120610545
EDDF,BKPR,6,29.21745458450365
EDDS,LBWN,5,29.211924517740897
GMTT,EDDK,4,29.138247838086816
LIPZ,EDDP,8,28.804789810160187
EDDP,LIPZ,8,28.804789810160187
LIPQ,EDDM,16,28.59175271605042
LEPA,LOWW,6,28.434280079427925
EGNX,EDDS,6,28.36916018380847
EDDS,GCLP,3,28.36177305403165
LIPL,EBBR,7,28.27700511712616
LGKO,EDDC,4,28.22401899440243
LIEE,EDDS,7,28.17024461998043
EDDC,LGKO,4,28.149300614987656
ESUK,EDDL,4,28.060409621166603
LEAL,EBBR,5,27.904762050470836
EDDP,LTFJ,3,27.83197676267892
LIRM,EDDM,8,27.79398107966986
OMAA,EDDB,3,27.740667073629083
EDDF,UBBB,3,27.425615577743795
EDDF,LGIK,4,27.32523227812115
LPPT,EBBR,3,27.283803190958132
DTMB,EDDM,5,27.17927454920455
SBKP,SADS,1,27.0413991549872
EDDF,EDFH,13,27.038572568900594
EDDM,LESB,6,26.98987015942515
EGSS,EDDP,6,26.97589669298725
SADZ,SBKP,1,26.9588581516149
EDDH,EDDK,15,26.845824811199982
SBKP,SADL,1,26.731636359669192
LBWN,EDDM,5,26.535830469956068
EDDK,EDDF,27,26.436401405359636
EDDV,LEBL,5,26.405066052391515
EDDM,EGLC,11,26.2051319750825
LTAI,EDDK,3,26.10684416925174
EDDM,HECA,4,26.024728467907423
LPPR,EDDG,4,25.915208383132725
EDDG,LPPR,4,25.915208383132725
EDDL,LEBB,6,25.771771914396336
EDDP,ENKJ,5,25.750827931480796
CYHZ,MMUN,1,25.68976601803203
LDPL,EDDV,7,25.671115907850595
LIRN,EDDF,6,25.660615711009765
EDDL,LBWN,4,25.62313188772385
EDDL,GVBA,2,25.554187358381583
GVBA,EDDL,2,25.554187358381583
EDLW,LESB,5,25.540866778209267
LGSK,EDDF,4,25.362460298162194
EDDB,GCGM,2,25.234725885302204
EDDV,EDDB,19,25.21363206302579
LGRP,EDLE,3,25.17211552403812
SDWL,SUMU,1,24.965399144333958
LEPA,EBBR,5,24.93841603695939
EDDV,LGKR,5,24.90658662976032
KLAX,KBFI,1,24.78819838377825
LFBZ,EDDM,6,24.773996512660236
OEJN,EDDS,2,24.645501328778238
EIDW,EDFH,2,24.53633340445135
LFMT,EDDF,7,24.470608788523467
EDDM,LIBD,6,24.32506828116305
EHAM,LFML,2,24.09667401624247
LOWW,EDDM,9,24.0687264145653
LGAV,EDDP,2,23.884602309578426
EDDM,EDHO,9,23.818428342104045
LGKR,EDDL,4,23.703159242764876
EDDK,LICC,4,23.650701745293887
KATL,KCVG,2,23.349472424675287
LEMG,EDHO,3,23.25976389180787
EDDM,LFPB,9,23.148807392751152
EDDM,GCGM,2,23.13125080180432
EDDL,OJAI,2,23.116296660144645
EDDH,GCLP,2,23.052779594089102
GCLA,EDDM,2,23.033074484268315
VTBS,WSAP,1,22.95408155525633
EDDF,LFHN,11,22.951040222458463
EDDF,LFMD,7,22.920137249365293
EDDF,EDHI,12,22.84643407392189
EFKT,EDDL,3,22.735786544216758
LEVT,LPAR,5,22.592226943040405
EDDM,GCTS,2,22.51062356340319
LFST,EDDF,23,22.372276232323653
EDDF,LFST,23,22.372276232323653
EGGW,EDDL,10,22.304032205004827
LEMG,EDLE,3,22.22961762626867
EGNX,LEMD,3,22.14658559269769
KLAX,KPDX,1,22.03303222163203
EDDM,LFBZ,5,21.9654179657807
EHAM,EDFH,5,21.95867630003534
EDDS,GCTS,2,21.88231262334896
LPMT,EDDM,3,21.84797584025692
EBBR,EDDK,14,21.809903881903224
EDDP,LLHZ,1,21.8042803175333
LGKR,EDDF,4,21.62383455879802
EDDM,LTFB,4,21.59210221606918
EDDL,HEEM,2,21.55729559069675
EDDK,GMMW,3,21.52402250154246
LEPA,EDFH,5,21.486731464905354
EDDV,GCTS,2,21.43369089614306
EDDH,OJAI,2,21.389415392980844
LIRF,LEMD,3,21.305701244681934
LEMD,LIRF,3,21.305701244681934
SUMU,SADS,4,21.234036933165605
OMDB,LGTS,3,21.211180135057504
LLBG,EDFG,2,21.176648152026885
EDDF,GCTS,2,21.151301845964348
LLBG,LIMN,1,21.011324630703832
LATI,EDDM,5,20.972715819970105
EDDW,OLBA,2,20.9641260340823
EDDL,LYTV,4,20.884813203382226
EDDF,LFFV,4,20.883462981987496
LQSA,EDDS,6,20.878897161225222
LQSA,EDDB,5,20.840228692508877
EDDM,BKPR,6,20.757840665539042
EDDM,LDZD,9,20.751231684479414
EDDK,EDDH,12,20.68066250808087
EDDF,LDRI,6,20.672094227338487
LOWS,EDDB,9,20.628163090343975
EDDB,LOWS,9,20.628163090343975
EDDV,EGGW,7,20.535376308604178
EDDM,LEMU,4,20.428790760710232
LIEO,EDDH,4,20.38224529192412
KJFK,KATL,1,20.344991547740186
EDDN,LEPA,4,20.231882249198037
OJAI,EDDL,2,20.18944031868396
KATL,CYZD,1,20.105063294948387
RJAA,RKSO,1,20.08403238265945
EDDB,EDFG,10,20.075907831562187
LIRF,EDFC,5,20.075430401689104
LEMG,EDFG,3,20.040213381621193
EDDL,LDRG,6,19.95187598350755
EDDL,LIEE,4,19.93193692667443
EDDK,LBWN,3,19.865599037004255
KJFK,KORD,1,19.865227317631764
LDRG,EDDS,8,19.83461611812847
EDFH,EGCC,2,19.72363845722896
EGCC,EDFH,2,19.72363845722896
EDDB,OSDI,2,19.688611806875954
OSDI,EDDB,2,19.688611806875954
EDDH,LEMD,3,19.68614309461415
LTAI,LKHN,3,19.679834193056767
KDFW,KATL,1,19.653675870839162
LGKR,EDDH,3,19.65365596980785
KMZJ,KCVG,1,19.62386016539144
KCVG,KMZJ,1,19.62386016539144
LMML,EDDK,3,19.553147639202674
EHAM,EIDW,2,19.53191048721456
EDDF,ESGJ,5,19.468975343588067
EDDL,LDPL,5,19.37938723664378
EDDS,EGPF,4,19.361681703937194
EGPF,EDDS,4,19.361681703937194
EDDF,LZIB,6,19.325851969467458
VHHH,RPLL,1,19.316643942274162
EDDS,LPPS,2,19.310906497749908
KATL,KIAD,1,19.13812446054163
KMWH,KPAE,6,19.13199911018329
EDDM,LIAU,7,19.090465753989672
LPPT,EHEH,2,19.072129870678694
EGCC,LFYR,2,19.0335935544557
LBWN,EDDL,3,18.903925923995875
EDDP,LGKR,4,18.80007240250364
LTAI,EKBI,2,18.76518082378048
EKBI,LTAI,2,18.76518082378048
LIPE,LIMC,9,18.735584231940976
EGGW,EDDV,7,18.679070170971517
ESGG,LGRP,2,18.666170597041088
EDDV,LDPL,5,18.637300561424674
EDDB,GCLP,2,18.622245003967624
LTFJ,EDDP,2,18.554651175119282
LTAI,EBBR,2,18.43973496296927
OMDB,EDAZ,2,18.438616240655087
DTMB,EDDF,3,18.17239077117707
EDDK,DTTA,3,18.161420805120947
EDDB,LIRN,4,18.118808075291675
HEAZ,EDDF,2,18.068702980814123
EDDL,LBSF,3,17.967190430252508
EDDS,GCGM,2,17.81943494655101
EDDK,LOWK,6,17.78230408264556
EDDV,LGRX,3,17.75403157887159
EDDF,LFMT,5,17.47900627751676
EDDM,LCRA,3,17.42906554585034
EDDH,LOIR,6,17.365862693442608
EDDF,LYTV,4,17.188813368058785
LIEO,EDDB,3,17.157086382842582
LGKO,EBBR,2,17.079952327232817
EDDL,DTMB,3,17.062756023846568
EDDF,LGPZ,3,16.999626852129555
OMDB,LOWW,2,16.99532311804594
EDDL,LFMP,4,16.966980278762417
EPKT,EDDP,5,16.926968447026496
EDDP,EPKT,5,16.926968447026496
LIRN,EDDM,5,16.923069241027882
LGKO,EDLE,2,16.842508995456626
EDDL,EDDK,58,16.82956287450698
LEBL,EDDV,3,16.786786307601172
EDDL,LEMU,3,16.766526407322125
KMIA,KATL,1,16.726252278280167
EDDH,EDDB,14,16.68556283936727
EDDP,EGBD,1,16.674949226062097
EGNX,EDAW,1,16.61689656412627
KBOS,KJFK,4,16.552105793076503
EDDB,LPAR,2,16.51009293756884
EDDK,LEMU,3,16.500382748444654
LEPA,EDHI,3,16.45102037338035
LFIX,EDDM,4,16.44315082192269
EHAM,LFFV,2,16.3127508300412
EDDM,ENEV,2,16.30005911096124
ENEV,EDDM,2,16.30005911096124
LEPA,LGRP,2,16.214489729489244
EDLE,LPMA,2,16.195975712332555
EDDP,EGBG,1,16.105799749216942
EDDM,LGAD,3,16.064720238764398
LPFR,EDHO,2,16.022933255206137
EDDF,LFHC,6,16.01910536702685
EDDB,LTAI,2,15.854739894482112
EDDK,LATI,3,15.76263486486832
LEPA,EDFC,3,15.736509082517554
EHAM,EGCC,3,15.649322309902765
EGCC,EHAM,3,15.649322309902765
EDDB,EIDW,3,15.559348786597129
EGLL,EDLE,7,15.55759303050569
EFHK,LEMD,2,15.433904676213572
EDDM,LESL,4,15.413333481518626
EDDS,LGPZ,3,15.367593577380674
LDRG,EDDM,8,15.29069992345143
EDDM,LDRG,8,15.29069992345143
LIBR,EDDK,3,15.213608779699877
EDDK,LIBR,3,15.213608779699877
LESL,EDDL,3,15.148970509854594
EDDL,LGIK,2,15.13108350439703
EGSS,LIMC,3,15.099693035595775
LDRG,EDDH,4,15.006996955658668
MMMY,MMMX,1,14.985226324180433
LGRX,EDDM,3,14.92342496555677
EDDV,EDDP,9,14.922563700117296
LPAR,EDDL,2,14.87754043002512
EDDF,EGLM,8,14.871877742275224
EDDF,LCRA,2,14.855668122347153
EHAM,GMTT,2,14.855235039622455
EDDF,EGSH,7,14.852896587338423
OLBA,LCLK,18,14.824053196248087
LPPT,LGAV,1,14.816906763637384
KSAN,KDEN,1,14.783674635278075
LIED,EDDM,3,14.766691149772429
LGAV,EDFG,3,14.73623038992039
EDDH,LIPV,4,14.724384265171015
LLBG,EDAM,1,14.70738802179208
EGKK,EDDP,4,14.699546372015314
ESSA,EDFG,3,14.678753628546458
LEPA,EDLN,3,14.604142265801364
RCTP,VHHH,1,14.590838721898281
LLBG,EDCT,1,14.565225739079592
EDDS,LIEE,4,14.53604443987192
EDDL,LELL,3,14.531739037249203
EDDF,LTBU,2,14.518760711698548
EDDK,LOKF,5,14.515048486230945
LHBP,EFHK,2,14.505091771116215
LPPR,LGAV,1,14.488736311148873
EDDL,LGTP,2,14.444945198832388
LMML,EDFC,2,14.393003931937335
EDDK,LFML,4,14.37399727908764
EDDH,LSPF,5,14.353648979283996
LEMD,EBAW,2,14.331791530258172
LFPG,EDFG,6,14.310891570777569
LTFJ,EDDV,2,14.281713854530654
LEMD,EDDV,2,14.24157963222644
LETO,EDDP,1,14.231636464987524
EDDP,LETO,1,14.218171813630516
EDDV,EDDH,21,14.141090483652443
KIAD,KBOS,1,14.1381388594541
EDDF,LEZG,1,14.03256878401035
EHAM,EPPR,4,14.02217648245466
LIRF,EDVE,3,14.008573466583265
LBSF,EDDK,2,13.987467616280131
EIDW,EDFG,3,13.984628827065174
EDDP,LHDC,4,13.956358595485897
EDDM,EDFG,8,13.936719985459225
GMTT,EBBR,2,13.920970942991017
EDDM,LGPZ,3,13.895563591865242
EDDF,LFNG,4,13.891044479706151
LFNG,EDDF,4,13.891044479706151
UBBB,EDDF,2,13.889106750354118
LPMT,EDDF,2,13.87056435166699
LHDC,EDDL,3,13.856391503207568
EDDB,DTMB,2,13.792537323566341
LEMD,EDFZ,2,13.76214364622763
EHAM,EDQH,7,13.692849545153168
EDVE,LMML,2,13.629463363485904
LMML,EDVE,2,13.629463363485904
EDDS,LTBS,2,13.625067159110294
LFPG,EDDK,7,13.598381352277126
VIDP,VABB,1,13.541630163758466
VABB,VIDP,1,13.541630163758466
EDDL,ESUK,2,13.53615902987211
EDDF,LFPB,6,13.356591647030722
EDDV,GVBA,1,13.34928736040967
LOWW,EDLE,4,13.288912004978636
LGSO,EDDM,2,13.2873625536529
EHAM,EBBR,16,13.249669844691118
EDDK,OEJF,1,13.170505973397793
EDDM,LFNR,4,13.165561875194147
EDDK,LDRG,4,13.135635656619328
ENKJ,EDDF,3,13.132533001494048
EPRZ,EDDL,3,13.10236163648498
LEBL,EDLE,3,13.097772972322687
LTAI,LKMT,2,13.076475458984355
EDDK,OEJN,1,13.074045087664421
LKMT,LBBG,3,13.0732083351917
EDDB,LBSF,2,12.96909586884694
LFRS,EDDL,5,12.947467517361297
KLAX,KPHX,1,12.935448733291025
LBSF,EDDH,2,12.923228118824602
KBOS,KCLT,1,12.90980362134321
LPPT,EKCH,1,12.86382222149578
LPAR,EDDK,2,12.72007555521923
LOWG,EDDM,7,12.696142184381278
EDDM,LOWG,7,12.696142184381278
EDDF,EGPG,3,12.691110772907876
LBSF,LZIB,3,12.650536442912585
KPHL,KTPA,1,12.645377695832455
EDDS,GVBA,1,12.61569639631348
GCLP,EDFH,1,12.611594178374528
EDDL,EGGW,6,12.57688288315314
EDLW,LICC,2,12.567028558698608
EDDM,EPCE,4,12.513719983433568
EDDB,GCTS,1,12.508214323935636
GVAC,EDDS,1,12.487776563854668
OEJN,EDDB,1,12.47701758480112
EDDM,LIMN,6,12.405234809526114
EIDW,EGLL,5,12.368306452809472
LHDC,EDDP,4,12.350367299635996
EDDS,OEJN,1,12.322750664389119
EDDL,LDZD,3,12.287321134634942
EDDH,GCLA,1,12.225975572241259
GCLA,EDDH,1,12.225975572241259
EGLL,EDHO,4,12.218763168864417
LIMC,EHAM,2,12.218620014803323
EDDF,LIAU,3,12.201300221467989
EDDS,EDHI,5,12.17603452654021
EDDL,LESL,3,12.168792370171927
LKMT,LGKO,2,12.156793223191864
LGKO,LKMT,2,12.156793223191864
GCLP,EDDC,1,12.141092676724101
EDDS,LIED,3,12.132545192759322
EHAM,LFGB,6,12.127291670522895
LEPA,EDDG,2,12.119945080166644
EDDC,EGKK,3,12.099251228632205
EDDS,LFBO,4,12.095064022231494
LFHC,EDDF,5,12.080127710847899
ENKJ,EDDM,3,12.052464634549827
EGLL,EDML,5,12.0295409932224
EDDF,UGTB,1,11.989982484129069
LEMD,EGNX,1,11.95510515023444
LPMA,EDDG,1,11.944674666194334
EDDF,EDDK,13,11.933349714901887
EDDV,GCGM,1,11.81285852002985
ENGM,EDFG,3,11.73026838165961
EDDK,EDDV,9,11.723387597697494
EBBR,LIBR,2,11.692652823424625
KCVG,KATL,1,11.674736212337644
LFBO,EBBR,2,11.63576354298591
EBBR,EDDV,6,11.608386401105681
EDDF,UMKK,3,11.567380977443907
LFBO,EDFC,3,11.50367432089138
LDRI,EDDS,5,11.485838966717413
EDDP,LPCS,1,11.472428383107465
LBWN,EDDS,2,11.441474624592411
EDDV,LBWN,2,11.43810046388614
EGNX,EDDK,3,11.406232692890782
EDDS,LIAU,3,11.388828242397468
LFMP,EDDL,3,11.377527387563612
LPPT,EDOE,1,11.376680887356855
CYYZ,KJFK,1,11.35764320630781
LEMD,EDFG,2,11.354794179328593
EDDM,EDFH,2,11.3512614508822
EDDB,EDDH,8,11.34909885468778
LEMD,EDFB,2,11.33209246173334
EDDK,LBSF,2,11.287352947703253
LEVT,EBBR,2,11.271990985998972
EDDS,LELL,3,11.259281836356942
EDDH,GCGM,1,11.200002728385904
EDDF,LRCV,2,11.197383833525661
LRCV,EDDF,2,11.197383833525661
LEMR,EDDF,2,11.173794008950448
EDDF,LIRM,3,11.167225418628371
KRDU,KIAD,2,11.108144899600951
EDDK,LIPO,4,11.088227594256653
EHAM,EKBI,6,11.081513584772368
LCLK,EDFG,2,11.078923724818063
LIED,EDDF,2,11.076823623636608
FACT,FAGM,1,11.074962291031584
EDDP,LEZL,1,11.070003556636264
EGSH,EDDF,6,11.06270000654842
EDDF,EEEI,2,11.042034203854689
EDDP,EGKK,3,11.024659779011486
GCFV,EDDG,1,11.015761971043665
LEMD,LLBG,1,11.01529194185448
LGTS,EDVE,2,11.009017722850935
EGNT,LTAI,1,10.991632702026978
LTAI,EGNT,1,10.991632702026978
LDRI,EDDL,3,10.985905538707023
EDDM,LTBL,2,10.973473580271497
EDLP,LEPA,2,10.947407353821053
GCFV,EDDN,1,10.935123113720108
EGLL,EGNX,12,10.8887521461279
EDDH,LIMN,3,10.877384016488715
EDDK,LWOH,2,10.866202674878384
KSLC,KLAX,1,10.85990614133233
LIRM,EDDL,2,10.837788905290006
EDDF,LTCG,1,10.817143585861611
EDDB,EFKT,2,10.788754086800662
EDDB,EDDW,6,10.776195068337142
EVRA,LEZL,1,10.731914285995096
LFQQ,LYBE,2,10.723963734991997
LPFR,EKCH,1,10.720969388206967
LOWW,LCLK,1,10.717914708228763
EDDH,LIPO,3,10.680044338750083
EDDC,LBWN,2,10.672994617640121
EDFH,EBOS,2,10.666279023142435
EDVE,LEBL,2,10.660233065625901
LEBL,EDFG,2,10.657279328831565
LPFR,LPMA,3,10.639975665454752
GCLP,EBBR,1,10.621356230799242
EDDM,LGRX,2,10.610020932747158
GCLP,EDSP,1,10.605885444009132
LEZL,LBSF,1,10.597467410238522
LPMA,EDVE,1,10.582783727474938
LEIB,EDDN,2,10.534696032858577
DTMB,EDDL,2,10.500214431681401
EDDL,LIRP,3,10.482588184753235
OLBA,EDDW,1,10.48206301704115
EDDM,ETNW,5,10.481338076757845
EDDL,LDRI,3,10.463661195842647
LPPT,EDFG,2,10.43512508270154
EDDK,LIQL,3,10.400543207760485
OLBA,EDDK,1,10.386443807848696
LOWS,EDDK,4,10.362301198760314
GCLA,EDDS,1,10.341214972579564
LIPZ,EDDM,6,10.305642172444625
EDDM,LETO,3,10.296371443862888
LBWN,EDDV,2,10.286491689545556
LPPS,EDDV,1,10.286024783669623
EDLN,GCRR,1,10.277934349737325
UGTB,EDDF,1,10.265143277510312
EDDB,OJAI,1,10.239711617358248
EDDS,OJAI,1,10.239553060548776
EIDW,EVRA,1,10.237472113297493
EDVK,LPMA,1,10.211745818831249
LIME,EDDM,4,10.209932305798755
EFHK,EDFG,2,10.161851733340368
LFLC,EDDF,3,10.152961620913034
EFHK,LEIB,1,10.139300723431711
LFLC,LGAV,1,10.134273857234604
EDDL,EBBR,11,10.123515917020555
EDDL,LFHN,4,10.106382938858468
LKMT,EDDP,4,10.10186498415178
EGSS,LZIB,2,10.050140227630376
LZIB,EGSS,2,10.050140227630376
BIKF,EDFB,1,10.008728635951297
LPMA,EDFA,1,10.004144165939685
EYSA,ETNG,2,10.00123956737433
LGAV,ETOU,2,9.992962381700757
EDDK,EBBR,8,9.961372859094721
EDDL,ESGI,3,9.952133767441177
LCLK,EBBR,1,9.949944631191439
LGTS,EGCC,1,9.94116884899615
EHAM,EPCE,3,9.916170735666803
EGNX,LIMN,1,9.886201014994263
EDDH,EDML,4,9.884947236290126
LPMA,EDFZ,1,9.872162483922724
LIMC,EGLC,2,9.861785499582918
EDDL,DTTA,2,9.856520379682067
LDRG,EDDK,3,9.851726742464496
LFPG,LHBP,2,9.832911764810312
LOWI,EDDL,4,9.828781007433436
LDZD,EDDM,4,9.797226082702338
EDDK,LZIB,3,9.788411570295558
LZIB,EDDK,3,9.788411570295558
LBBG,LKCS,2,9.784218590171916
LOWW,EDDP,1,9.783285481609111
EDDF,LPPS,1,9.771444945568128
EGLL,EDDV,3,9.748789359165261
EDDL,LGIR,1,9.698096417949783
EDDM,LIME,2,9.686498167847958
OMDB,EDDH,1,9.680426986873353
EDDK,LKPR,4,9.675889317325307
EDDV,OMDM,1,9.665986683586148
LEBL,EDVE,2,9.664543802584221
KPHL,KIAD,2,9.651410612736797
LPAR,LIRF,1,9.647285728436438
EDHI,LGKO,1,9.64421428048159
EDDV,GCLP,1,9.597929091328771
EDDM,EDFC,7,9.593250904520023
ESSA,EDDN,2,9.588842122867828
GCXO,EDDV,1,9.583627418034126
EDDK,LCPH,1,9.583239039941189
LEMD,EPWA,1,9.57830980377112
EGLL,EDFB,4,9.561174893591694
LOWW,EHEH,2,9.554367994209867
EYVI,LEBL,1,9.536234990858697
LGPZ,EDDF,2,9.535365730721635
BIKF,EDML,1,9.500199270606776
LEVT,EKCH,1,9.483082119642392
EKCH,LEVT,1,9.483082119642392
EDDF,EDML,4,9.47840248512442
EHEH,LPAR,1,9.460762003127048
KCLT,KATL,2,9.451714632384366
KOKC,KDEN,1,9.428555606455001
LESL,EDDF,2,9.419976557549932
LGAV,LFLL,1,9.419297878971651
EGLL,EDKL,4,9.379998080833014
BIKF,LEBL,1,9.379507160501529
EDDB,LYTV,2,9.3773855391567
EDVE,LIRF,2,9.339048977722175
UGTB,EDDB,1,9.338464743725584
LGRP,ESGG,1,9.333085298520544
EGCC,EDFG,3,9.307366588303175
LEMD,EDDN,2,9.302087864575212
EDDM,ESGI,3,9.29748744059493
EDDL,LIRM,2,9.296519925497769
EKCH,EDDK,3,9.282512861278692
LFPG,LFRN,5,9.258911339629524
EDDK,LIPV,3,9.247145083939495
EDDB,OMDM,1,9.233142737587276
EBBR,LTAI,1,9.219867481484634
EDDF,HEOC,1,9.205508957956116
LBSF,EGAE,1,9.202767351281754
LGTS,EDDP,1,9.173483218637395
KRDU,KBOS,1,9.172388808197466
EDDK,LESL,2,9.169147839169488
LEMD,EDCT,1,9.159819820011865
LDRG,EDDL,3,9.123411983149268
EDDF,LOAU,3,9.099062005540882
LEPA,LKPR,2,9.096547172830725
EDDC,LPMA,1,9.068054137531664
OMDB,EDDC,1,9.064910460622327
LEZL,EBBR,1,9.046405467365071
EHAM,LGRP,1,9.045590724068338
LGRP,EHAM,1,9.045590724068338
EDDB,LGRD,1,9.010784323336056
LKPR,LEMG,1,9.007029642789465
EDDM,LJCE,5,8.997793289663063
EDDW,EDDB,5,8.980162556947619
EDDM,LFFV,1,8.971193895234363
LEPA,EDFG,2,8.969717109659522
LEMD,EPKK,1,8.960997820692894
EDDV,EDDK,7,8.92848145156458
EDDS,LATI,2,8.921974075832463
LIMC,LIRP,4,8.917759495973867
EDDC,EDDB,12,8.895731353339974
LIRF,EDDV,2,8.87859876728782
LHBP,EDFG,3,8.877980039157709
LPPT,EDDE,1,8.859767672803644
EDDM,LELL,3,8.815697199956253
EDDF,GMMX,1,8.810883132212178
EIDW,EDFB,2,8.780918320437062
LBSF,EDDS,2,8.775815056157143
LZIB,LFPG,2,8.764159789199203
LFPG,LZIB,2,8.764159789199203
EDFH,LSZH,2,8.75980460068672
LGAV,EDDH,1,8.759793497276647
LGAV,LOWS,2,8.747899492899458
EDDL,EGLC,4,8.74700163855252
EDDL,EPRZ,2,8.734907757656654
LKPR,EDDK,4,8.725949198567953
EBBR,LGRP,1,8.710261905660575
LGRP,EBBR,1,8.710261905660575
EDDK,LTAI,1,8.70228138975058
LOWL,EDDM,9,8.658884447064738
EBBR,EDDL,9,8.630643958792243
EDDL,LFMZ,2,8.594952480288768
LYTV,EDDF,2,8.594406684029392
KOKC,KDFW,2,8.578893609874374
EDAM,LEBL,1,8.551545037333751
LGRP,EDDW,1,8.54636742072917
EDDF,LFPP,4,8.542614025005776
EBBR,LGKO,1,8.539976163616409
SBKP,SBGL,1,8.531538706325419
EDDM,ESGE,2,8.50734425929319
EPKK,EDFG,3,8.507072066224058
ENGM,LEPA,1,8.499798381521385
LROP,LIPZ,2,8.489626001629142
EBBR,LTBY,1,8.47961052712713
EETN,LICA,1,8.474795650583422
KTPA,MMUN,1,8.469012751391155
EDDS,LEMD,2,8.467540357324227
LPMA,EDVK,1,8.445996422121642
EETN,EDFG,2,8.444884151863057
GCFV,EDSP,1,8.439984033455323
SDWL,SBGL,1,8.437364803806336
LLBG,HECA,1,8.426948382019809
LFML,EDDS,3,8.410585966986563
LEIB,LOWW,3,8.401676094530481
EDDP,EDFG,3,8.37938655719247
EDDC,LCPH,1,8.375667544356089
LPPT,ETSF,1,8.375156783646851
EDDF,LFIX,2,8.349377607534132
EGGW,EGLL,32,8.323839642361515
EGCC,EDLD,3,8.303180366011995
EDDF,EGAC,2,8.28815425140575
EGAC,EDDF,2,8.28815425140575
EYVI,EDDB,2,8.257522405122934
LGSA,EBBR,1,8.2520354007481
LEMG,LOWS,1,8.18239702445025
KMCO,KMIA,1,8.132505529883671
EDDM,EFAA,1,8.123614023184405
LYBE,EDDB,2,8.082500684776047
LLBG,LOWS,1,8.082212349710623
EKBI,LEPA,1,8.07659472412411
EGKK,EDDC,2,8.066167485754804
EGPH,EDFZ,2,8.062044032606712
EDDS,LYTV,2,8.057915978928419
LEVC,ESGG,1,8.0296970347103
EDDS,EGLC,3,8.008595598779934
EDDF,EDQH,8,8.001201176046006
LPPT,LIRF,1,7.991988842906541
EFHK,LIBD,1,7.989704083065557
LEMG,EDFA,1,7.97979312177002
LEZL,EDFA,1,7.973475936860018
HECA,OEJN,2,7.9426422178974665
LIBD,EDDM,2,7.933130045033948
EDDM,LEAX,1,7.93188105431891
EDDK,LOWL,3,7.925311277185263
LRCV,EGGP,1,7.914633467453759
GMMN,EBBR,1,7.909818505812148
LHBP,EDLE,2,7.892490739553242
LIME,EDDK,3,7.891627880781893
EIDW,EDDH,2,7.887733208223837
LOWS,LCPH,1,7.884329272851803
LCPH,LOWS,1,7.884329272851803
EDDB,ETOU,4,7.881061497340697
LIPZ,GMMN,1,7.8707699992093545
GMMN,LIPZ,1,7.8707699992093545
EKCH,LPPT,1,7.86257564892938
LGAV,EDDB,1,7.8437166220536865
EDDF,EKVD,3,7.838813759022447
LFPG,LPPT,1,7.833349693639253
KSLC,KDEN,1,7.830139044544957
EDDF,LFKP,3,7.82308211933917
EDDF,LEAX,1,7.797521902904941
ESGJ,EDDF,2,7.787590137435226
LHDC,EDDS,2,7.783668527204561
LFLL,LGAV,1,7.778918925885024
LPFR,EDHF,1,7.77865655242824
EGLL,EDDN,3,7.760616663256396
EDDF,EFAA,1,7.760316167994857
LETO,EHAM,1,7.75983868208061
EDDN,EDDL,4,7.7511179205079435
EIDW,LEMD,1,7.742766683755024
LEMD,EIDW,1,7.742766683755024
EDDL,EDDN,4,7.727377540502945
LDZA,EDDL,2,7.722790031858134
ESSA,LROP,1,7.709772677728298
LMML,LIMC,1,7.708634644368195
EDDF,LGIR,1,7.705441262613487
EDDM,EDWM,3,7.700445919854597
LIRF,EGLL,1,7.696356834567123
EDDN,EDDB,4,7.691176730262115
EETN,LIPZ,1,7.6856940884985745
EDDM,LHNY,2,7.653897805722515
LKPR,LEMD,1,7.65030046143447
EDDV,ESSA,2,7.614427167315946
ESSA,EDDV,2,7.614427167315946
EDDH,LDRI,2,7.610600620793378
EDAM,LFBO,1,7.584499111223802
EDDV,LEMG,1,7.57480734572419
LOWW,EDNY,3,7.569083863936254
EDNY,LOWW,3,7.569083863936254
LPPT,EDDV,1,7.567427941158141
EDVK,LCPH,1,7.548753966005972
EDVE,LCPH,1,7.5464592362606835
LEMD,EHRD,1,7.539642680400044
EDDS,LIER,2,7.5387692552329915
EKCH,LEMD,1,7.520505826936023
EKCH,LGAV,1,7.518855402700092
LEMD,ETOU,1,7.514681265376913
EDDH,LGIR,1,7.501867030307565
EDDF,ESMV,2,7.494980343455553
EDDL,EFAA,1,7.479148201642274
EDDV,DTTG,1,7.4647584924516
KMSP,KORD,1,7.459841233215712
SDWL,SBBI,1,7.45328804760249
KTPA,KMCO,4,7.438635724626677
LFML,EDFC,2,7.435433308036829
LPPR,EDFB,1,7.429423971921344
EDDF,EDAK,4,7.422600540273025
EFHK,LKPR,2,7.422062429490805
EHAM,GMTN,1,7.413873837864395
GMTN,EHAM,1,7.413873837864395
EDDF,EDHU,4,7.413746100436294
EDDP,LIPX,2,7.402641498143537
LGZA,EHAM,1,7.4023884482110445
EHAM,LGZA,1,7.4023884482110445
LIRN,EDDS,2,7.398621941753906
EPWA,ETOU,2,7.3985416564461755
EDDL,LOWI,3,7.371585755575077
EDDW,LICA,1,7.370639305887585
EDDK,EDDN,4,7.36921384308865
GMTT,EDDL,1,7.349243225645328
EDDL,GMTT,1,7.349243225645328
EDDN,LGRP,1,7.342564351082045
LGRP,EDDN,1,7.342564351082045
LMML,LIPO,1,7.335916507429704
EVRA,LFML,1,7.326786070783058
ESSA,LFML,1,7.326679689666685
LGRP,EDDC,1,7.318428015263625
LROP,LIMN,1,7.31342828237839
LIMC,LIAU,2,7.300398229482726
EFHK,LKPS,1,7.293836025010455
EHRD,GMTT,1,7.281836013549084
EGSH,LBSF,1,7.27995418669397
EDDL,LGPA,1,7.27888277462867
EDDM,EGLM,3,7.27438334478799
LEMD,LOWL,1,7.271834602879206
EDDL,EDHO,4,7.2569417612782745
LGMK,EDLN,1,7.232374251104673
EDDM,LIPY,3,7.2283846664958125
EGPF,LYBE,1,7.206540025481431
EGLL,EDFA,4,7.194286551159453
LFML,EDDK,2,7.18699863954382
LGZA,EBBR,1,7.185597621351798
EBBR,LBBG,1,7.181121887649568
LEBL,LWSK,1,7.181089141347136
EDDP,LIMN,1,7.176979844968012
GMMW,EDDK,1,7.174674167180821
LDZD,EDDF,2,7.158738541165304
EDDB,GCFV,1,7.156014726005076
GCFV,EDDB,1,7.156014726005076
EDDL,LERT,1,7.119171538326368
EDDM,LIPZ,4,7.118073647040229
LIPN,EDDH,2,7.111527633538239
SAAR,SAEZ,1,7.084924573664207
EDDK,GEML,1,7.067384423918597
LGKO,EDDN,1,7.059221505375719
EDDB,LEAL,1,7.042474491974492
EDDB,LFPG,2,7.0408693629347825
LGTS,EHAM,1,7.040220911231139
EDDL,EPCE,2,7.029863667734033
EFHK,EDVA,1,7.026252274585385
ENBO,EBBR,1,7.022368318022861
LIRP,EDDL,2,6.988392123168823
LPCS,EDDF,1,6.987613621988804
EDDF,ENDU,1,6.987581825614362
LGTS,LIPE,1,6.982686357463086
LFML,EDDV,1,6.979367491848956
LKPR,LGRP,1,6.975857494575362
LGRP,LKPR,1,6.975857494575362
EDDF,LTFJ,1,6.954963446573074
EGSS,LEMD,1,6.950012304520453
EDDL,LGSK,1,6.932104371176394
LGRP,EDLN,1,6.923224513332592
EDDV,EDFG,5,6.9106185820649975
LFRN,EHEH,2,6.907624344070088
LPMT,EDDL,1,6.902615485848944
LMML,EDDV,1,6.8997319597651705
DTMB,EDDB,1,6.8962686617831706
EDDF,LFNL,2,6.878895196433622
EGLL,EDLD,3,6.875276430593785
EFHF,EDDF,1,6.870224445380785
EDDP,EDDH,5,6.868681631081315
LOWW,LGAV,1,6.866570413406606
EDDF,LYBT,2,6.845318406348386
DAAG,EDFZ,1,6.829053706782667
LMML,LFRS,1,6.799432975153664
EIDW,LPFR,1,6.797113020204016
LPPR,EGLK,1,6.791956637990311
EDDM,LYTV,2,6.781825622572782
EDDK,LFMD,2,6.781583745233443
EDDF,EDMA,5,6.781320595007381
LGAV,LZIB,1,6.767219247185897
EFHK,LIPE,1,6.765667367224557
LEVD,EDDB,1,6.76508088157735
EDDB,LETZ,1,6.740686477237315
LGRX,EDDV,1,6.732488424797988
LFPG,EDDN,2,6.720162301653838
EDDB,EDLE,3,6.717302648726597
LOWW,EDKL,2,6.715333377794988
EDDL,LIPU,2,6.690188028753832
EFHK,EDOL,1,6.685248927011737
LMML,EDLP,1,6.677863258739755
EDLP,LMML,1,6.677863258739755
EGPF,ETOU,2,6.676698512151188
EDDL,LSZK,3,6.663156354890929
EDDB,EFAA,1,6.660821278025511
LOWW,EDHO,2,6.657768853343761
EYVI,LFMN,1,6.655699014193499
LGSO,EDDS,1,6.652181723015942
EDDS,LGSO,1,6.652181723015942
EKCH,EIDW,1,6.652018655952449
EIDW,EKCH,1,6.652018655952449
EDDF,LFXA,3,6.637706814888494
LZIB,EDDF,2,6.635573960164631
LBWN,EDDK,1,6.621866345668085
EDDF,EDCS,3,6.605572779521086
EPKT,DTMB,1,6.602478633060112
DTMB,EPKT,1,6.602478633060112
LEIB,LEPA,13,6.590401322558553
EDDF,LOGP,1,6.581315471607974
EDDG,EDDL,10,6.580701462937439
EGTE,EHAM,3,6.574350384059463
EDDM,LFPP,2,6.560260619011386
EDFE,LYBE,2,6.5577494974855215
LOWW,LESB,1,6.5558306531567325
EPKK,ETOU,2,6.550385273394121
LEZL,EDDS,1,6.539443275960161
EDDS,LEZL,1,6.539443275960161
LFLL,GMMN,1,6.538605099890442
GMMN,LFLL,1,6.538605099890442
EDDM,EGBW,2,6.53226564916891
LOWW,EDHI,2,6.532094855879337
EHAM,EKVH,3,6.529394728507698
ESNX,EDDL,1,6.523416812837518
EDDB,LOWL,3,6.517770871253224
EDDF,LPST,1,6.484442542562743
LIMC,LEVT,1,6.478823932101152
EDDS,LFMP,3,6.467306686725615
EDDM,EDKL,3,6.456204757516506
EDDV,LTFE,1,6.454902268060458
EDDM,LFMD,2,6.440504371361378
EBBR,LGKR,1,6.43970400513583
EDDL,DTNH,1,6.435373223143268
EDDH,EDDN,3,6.425188428489805
LPPT,EDDN,1,6.416207682482035
EDDF,EPRZ,2,6.403678766523935
EDDF,LETO,1,6.399512074862697
LEVC,EDFG,1,6.385417157177574
EFHK,EDAS,1,6.382334436474989
EBBR,LBSF,1,6.380055848864983
LFCL,EDDM,2,6.3773537369731885
UGTB,EDLE,1,6.376079450522232
EDDM,LPMT,1,6.373103252921518
LPAR,EDKL,1,6.36992272256484
LOWW,EDFG,2,6.361608775137812
EDDH,LFPB,2,6.343488762432854
EDDF,LFNR,2,6.334572635240324
LGRP,LKMT,1,6.3268125616813
LKMT,LGRP,1,6.3268125616813
EDDS,LFBT,2,6.303545399682146
EYVI,LFPG,1,6.301615551783058
LIMF,EDLW,2,6.300207711290074
EDLW,LIMF,2,6.300207711290074
EDDF,LSGP,3,6.299817821657471
EDLW,EGCC,2,6.29978851357124
EGCC,EDLW,2,6.29978851357124
EGNX,EGGW,9,6.298374030351359
ENGM,LOWW,1,6.296135550506802
EDDM,LGIK,1,6.294900430268267
EDDM,LGNX,1,6.29273430372502
LKPR,ETOU,3,6.286246514634108
LMML,EHBK,1,6.284427223490825
EDDM,ETOU,2,6.279702451119437
EBBR,ETOU,1,6.276410529088785
LFPG,LMML,1,6.272993509149978
LMML,LFPG,1,6.272993509149978
EDDS,EGWU,2,6.265109169258033
EDDB,LFMP,2,6.2610034951067925
EDHO,LEPA,1,6.260152963960202
EDDL,LFMD,2,6.252055002198808
LKMT,LEPA,1,6.236264698267444
LIMC,LGMK,1,6.232026126551073
LGMK,LIMC,1,6.232026126551073
EDDM,EPLE,3,6.229003574995404
KIND,KORD,1,6.222875208503882
GMTT,LEMD,2,6.221886665419594
LEMD,GMTT,2,6.221886665419594
EDDH,EDFG,3,6.2178708911313425
EGCC,EDFZ,2,6.192942622320656
LPPR,EDLE,1,6.190775396076529
LEMD,EDDH,1,6.18026390756765
EFHK,EDDS,1,6.1789852397796965
EGPH,EPWA,1,6.172261289809394
EPWA,EGPH,1,6.172261289809394
EGPH,LOWG,1,6.1635169699009245
LOWG,EGPH,1,6.1635169699009245
LSZB,LEIB,8,6.161947977450641
LEIB,LSZB,8,6.161947977450641
LEPA,LKHN,1,6.133594901544384
EDDM,EDWO,3,6.130197965532967
KSTL,KORD,1,6.123367280832835
LFPG,DTMB,1,6.117695843082815
EDDW,LETZ,1,6.105821629846148
EDDL,LFFV,1,6.102518847121528
EBBR,EDCT,1,6.100760329214414
EGLL,EDFG,3,6.094328853075123
EDDF,LKVO,3,6.088004849410222
LICA,EBBR,1,6.075398702583393
EDDF,LSPF,5,6.066129558102819
LGKR,EDDK,1,6.060847318459819
LGAV,LHBP,1,6.058680894566504
LEMP,LOWS,1,6.0521862639157264
EDDH,LICJ,1,6.050348016846397
EDLW,EDDH,4,6.048494779171437
EDDK,LOKW,2,6.031249892785287
EHEH,LRCV,1,6.016932877844581
LPAR,EDLE,1,6.0152311939723955
EDDN,EGAA,1,6.0026696468854785
LFNR,EDDF,2,6.0026223058979795
LFPG,LPFR,1,6.002185360932992
LPFR,LFPG,1,6.002185360932992
LGKV,EDDM,1,6.000487221457285
EDDM,LGKV,1,6.000487221457285
LEBB,EDDB,1,5.999614271881975
EDDM,LDRI,3,5.998820641140012
LICJ,EDDB,1,5.996155395622356
LICJ,EDVE,1,5.966390240819398
EDVE,LICJ,1,5.966390240819398
EDDF,LECN,1,5.963848498927655
EDDH,EGLC,2,5.951360378939268
ESSA,EDML,1,5.9479835936909495
LROP,LICJ,1,5.945565937013382
EDDF,DTNH,1,5.934474372036839
LEAL,EDDN,1,5.914931552793292
EFHK,ETOU,1,5.8917073026475135
LZIB,EDDB,2,5.87785333121205
ENGM,ETSN,1,5.877797951242456
EVRA,LFPG,1,5.87113083309235
LFPG,ESSA,1,5.870094349943208
ESSA,LFPG,1,5.870094349943208
LSZH,EDHO,2,5.867534867220882
LGAV,LIRF,1,5.8585394466885905
EDFE,LEZL,1,5.855126835358344
EKCH,LIRF,1,5.851066217084659
LGSA,LOWW,1,5.8490743514605725
LEBB,EDDM,1,5.843312210766726
EDDF,LJCE,2,5.839356007946964
EHAM,ESGI,2,5.8381677495978
EDDM,LOWW,3,5.830393655874552
LEMG,ETOU,1,5.830133444715558
EDDS,LGAD,1,5.827099945496937
EDDK,LOKH,2,5.822086970814862
LEBL,LHBP,1,5.8084620259138
EDLP,LICJ,1,5.806899785701677
LEIB,EHAM,1,5.802017547932985
EHAM,LEIB,1,5.802017547932985
LOWL,LGKO,1,5.797963012613389
ESNX,EDDW,1,5.783929509617074
EDDS,LGRX,1,5.7838178515714285
EDDB,EDDN,3,5.768382547696587
LIMC,EDLE,2,5.764767645153132
LEVC,EDDV,1,5.763774185361758
LGKL,EDDM,1,5.761404884792185
LIPZ,LEVC,1,5.756191692374693
EDDB,EDLM,3,5.755083298111411
LPFR,LFRS,1,5.74682844194241
EDDV,EDML,3,5.742894538357366
LIRA,EDCT,1,5.741358677812637
EDDM,LPVL,1,5.738081964883756
LEPA,EDVM,1,5.730635857717387
BIKF,EIDW,1,5.728071818334688
EIDW,BIKF,1,5.728071818334688
EDDG,LIBR,1,5.724476308290641
EDDH,EDDP,4,5.710243829551614
LFLL,ENBR,1,5.70720911844744
EKCH,EDFG,2,5.704039497026093
EDVK,LICJ,1,5.696973164153461
LHBP,ESGG,1,5.689555443276331
LSZH,EVRA,1,5.682828520191524
LICJ,EDDV,1,5.679203816114641
EDDP,LIRU,1,5.677878889299895
LROP,EDLE,1,5.675413239199839
LIRA,EDBL,1,5.6674550597011235
LDZA,LROP,1,5.662876664342799
EDDM,LELM,1,5.658575625045573
EDDH,LIEE,1,5.6441946801626734
LIEE,EDDH,1,5.6441946801626734
LCLK,EDFZ,1,5.632131024156388
EDDF,ETNW,4,5.624829116335014
EDDP,LICJ,1,5.622448051588267
EDDM,EDHW,2,5.622123651068589
CYYZ,CYUL,1,5.621042429015185
LGAD,EDDL,1,5.61650316870703
EGPH,EDDN,1,5.607306118496217
EDDS,LFML,2,5.6070573113243745
EDDM,LLHZ,1,5.5960849974691795
EDDF,LILH,2,5.593847896101966
EGBB,ESSA,1,5.5837214246750815
LROP,EDDK,1,5.577142332036049
LFLL,GMTT,1,5.573563117090224
EFHK,LEBL,1,5.573039329498342
EYVI,EDFG,1,5.572530843716019
EBBR,LEAL,1,5.564356346338186
EDDS,DTMB,1,5.5612785355261405
EDDL,LEMO,1,5.558634408345411
LROP,EDFE,1,5.557466076033657
EDDH,LBSF,1,5.546109478536734
LFML,LFBO,2,5.530815627455076
EDDK,ENOL,1,5.530738477706242
EDDM,EGLD,2,5.5274919329090935
LYBE,LFQQ,1,5.526340080339164
EGCC,LPPT,1,5.513887919015862
EDDK,LFPG,3,5.513731652633427
EGPH,LIMC,1,5.4935910437276005
EDDN,EDDS,7,5.493036697801708
EPKK,EDML,2,5.485613638026287
LEPA,EDLP,1,5.473703676910526
LETO,EDDF,1,5.465606540261183
LFBO,EGPH,1,5.448490627681933
EKBI,LIPZ,1,5.442070231500015
EGBB,EDLE,2,5.441584272782229
EDDF,EGWU,3,5.4332869695957875
LWOH,EDDK,1,5.433101337439192
LEIB,EDFG,1,5.425998083145114
LEBL,EDDC,1,5.4208120415751795
LGAV,LGTS,2,5.418119829387513
LEIB,EDDC,1,5.41290306097814
LFPG,EKCH,1,5.412638748966989
LGAV,LOLW,1,5.401471926805188
SUMU,SADM,1,5.391170796595655
LPPR,EDFA,1,5.389963250709223
CYYZ,KDTW,1,5.385021868384252
EDDH,LOWL,2,5.377130059346325
LEMP,LFST,1,5.374504953680104
LFST,LEMP,1,5.374504953680104
LPPT,LEBL,1,5.374332316759342
EDDF,LERS,1,5.368247807903166
LYBE,LPPT,1,5.3662312479116245
ELLX,LPPR,1,5.36465685671206
EDDM,EGPF,1,5.358801931954793
EGPF,EDDM,1,5.358801931954793
ENGM,LKPR,1,5.3562328020697745
EDDM,EDWQ,2,5.34693137677272
LIRF,EDLN,1,5.340234209077192
EKBI,EHAM,3,5.338881840483422
EDDH,LFPP,2,5.326761479527136
EDDL,LYPG,1,5.3231686221012
LBSF,EDFG,1,5.320476151698082
EGCC,LIPZ,1,5.315639465296219
EDLW,EKCH,2,5.307444184710442
EKCH,EDLW,2,5.307444184710442
ESSA,EDUO,1,5.306044541811015
LGKO,LOWG,1,5.3056300331316075
EGAA,EDDF,1,5.30135843166334
EDDK,EKCH,2,5.292253512924062
EDDM,EDHU,2,5.29082783538172
LEIB,EBBR,1,5.290687473013556
EBBR,LEIB,1,5.290687473013556
EDDL,LECN,1,5.282854686779316
EYKA,EDDM,1,5.279643990164731
EDDM,EYKA,1,5.279643990164731
EDDL,LATI,1,5.277201791516007
LPPR,EDFZ,1,5.260040144918106
EPWA,EGLL,1,5.259451961541198
EETN,EDDH,1,5.25305294051448
EDDH,EETN,1,5.25305294051448
EDDS,LGKM,1,5.244897777091878
LKMT,LGZA,1,5.241651386579103
LGZA,LKMT,1,5.241651386579103
EDDN,EDDV,3,5.229313258077663
LYTV,EDDL,1,5.2212033008455565
EVRA,LHBP,1,5.2194591540664925
EGLL,EDFZ,2,5.20473691174211
EDDV,LEST,1,5.203160605052077
EDDF,EDCT,3,5.202130086507983
LEST,EHAM,1,5.201189998835339
ESSA,EGBB,1,5.200745747600503
EDDF,EIWT,1,5.198319323057341
EGLL,EDMA,2,5.198175781634725
EDDK,LOWS,2,5.181150599380157
ENGM,EHAM,1,5.173692402108321
LEGT,EDKB,1,5.165160325086782
EDDH,LEMH,1,5.164348738901983
LEPA,LOLW,1,5.157790602361309
LOLW,LEPA,1,5.157790602361309
EDDF,LINL,1,5.1536184667789025
LKPR,LBBG,1,5.151316213586961
EDDH,LIRM,1,5.140103429863021
LWSK,EDFC,1,5.133800611636293
DTTA,EDDK,1,5.131911476219685
EDDF,LGAD,1,5.126406469693987
LEPA,EDKL,1,5.12584497089962
LGPZ,EDDS,1,5.122531192460225
EGSS,EDDF,2,5.108638062509625
LIPL,LFPG,1,5.108421672722728
LEBL,EDFZ,1,5.106324354330734
EDDS,EDHO,2,5.10392759393115
EIDW,ETOU,1,5.097892954328359
LEPA,EGKK,1,5.097280741046028
EGKK,LEPA,1,5.097280741046028
ENGM,EDML,1,5.096608656441869
EDDB,EDDG,3,5.095591593785328
LYBE,EDFG,2,5.093541558123954
EDJA,LGTS,1,5.090616783685481
LEPA,EDKB,1,5.081853363547166
UGTB,LROP,1,5.069445156234121
ENGM,EDDS,1,5.046572426902436
EVRA,EDDL,1,5.038295043079842
LSZH,EGAC,1,5.028369517937977
UGTB,LOWW,1,5.026020280116249
ENZV,EDDP,1,5.020840396253355
LIMF,EDDM,2,5.017737318984968
EDDP,LIBR,1,5.012945217313588
LFBO,EDDS,2,5.002784720113062
ETNG,EYSA,1,5.000619783687165
EBBR,LEPA,1,4.998945837808987
EDDL,LSGP,2,4.994573473959951
EHEH,LZIB,1,4.992576364032199
LROP,EDDB,1,4.9920721268386155
EKCH,EGCC,2,4.973910822337256
EHBK,EDDM,2,4.971606210927886
EDDM,EHBK,2,4.971606210927886
EDDF,LIMF,2,4.969346941208418
LGIR,EDDL,1,4.965807039896542
EDDL,LFRK,2,4.961281174533506
LFRK,EDDL,2,4.961281174533506
EDDS,EGKB,2,4.951342751539745
EDVE,LGTS,1,4.947471307546572
ENOL,EDDV,1,4.9404798680629005
EINN,LFBT,1,4.931987012902019
EDLW,EGSS,2,4.926523512730554
EGSS,EDLW,2,4.926523512730554
LEMD,EDDS,1,4.921745988444203
LOWW,LFLL,1,4.912845844643153
LFLL,LOWW,1,4.912845844643153
EICK,LFLS,1,4.909649442316514
LIMC,EDFG,2,4.904019929576421
EDVK,LGTS,1,4.898295575375502
EDDM,ENZV,1,4.895130873727438
LKCS,LBBG,1,4.892109295085958
EDDM,EGTB,2,4.871202533492352
LOWS,EGNM,1,4.863507554224462
LMML,EYVI,1,4.860699743677176
LFLS,EIDW,1,4.854478166574595
LIRF,EDHO,1,4.850779661919602
EDDM,LGEL,1,4.838573170289358
LPPR,EGGD,1,4.81686058170979
EKSB,LIEO,1,4.815829549590937
LIRF,EDHS,1,4.812372276042905
LGKR,EDDS,1,4.80593157041638
ESOE,EDDP,1,4.784732828914842
EGPF,EDDP,1,4.773115632535512
EDDM,EGWU,2,4.766669878742063
EDDM,LIBR,1,4.765214232936423
LFPG,EDDS,2,4.76300378133653
LFLL,LEPA,2,4.762951165610124
EFHK,EDGF,1,4.75646408371433
EPKK,LFLL,1,4.749963030737174
EDDL,EGKK,2,4.745424714999569
EDDF,LIRE,1,4.743512710648685
ENGM,EDDN,1,4.734297944826449
EDDM,LESO,1,4.730440743388045
EYSA,EDDF,1,4.726774860808219
ETNG,EDDF,4,4.726701779527289
EFHK,EPKK,1,4.71994171638266
EDDP,ESKN,1,4.713751495961301
BKPR,EDLE,1,4.7121319814842595
KBOS,KEWR,1,4.706506467804113
EDDW,LHBP,1,4.702547161759623
LEAS,EDDK,1,4.692040343552822
EDDH,EDSH,2,4.688656766806062
LIRF,ETOU,1,4.687879502759884
LOWS,EGBB,1,4.674682607055314
EGBB,LOWS,1,4.674682607055314
EFHK,EDDH,1,4.672731521026119
EDDF,EYKS,1,4.6671304350774285
EDDL,LIAU,1,4.641464672354423
LIPZ,LIMC,3,4.6357336803526525
LROP,EDDN,1,4.6276643832962705
LFBT,EICK,1,4.6275124919274635
EDDM,LFHN,2,4.623453310056434
LATI,EDDS,1,4.620516232614832
EDDM,EYSA,1,4.614206365065208
ENGM,EDFZ,1,4.613909032963862
EGSS,EDCT,1,4.613633309231155
LIBR,LFLS,1,4.607242747560049
EPWA,LIMC,1,4.605963474923742
LIMC,EPWA,1,4.605963474923742
EDDL,LIMN,2,4.597671169663812
ENGM,ETOU,1,4.580033370033052
EDDH,LFMD,1,4.579733254512202
EDDV,EDDC,3,4.578630177810544
LIRF,EDLE,1,4.5755496348310825
EDDP,EGLC,1,4.56998778923944
LIPX,EKCH,1,4.567277261346684
EDDM,EDLW,2,4.562779941159373
LGAV,LFFB,1,4.55944090054451
EKCH,EETN,1,4.557095834974312
EETN,EKCH,1,4.557095834974312
EDDH,LYBE,1,4.5335922572472205
LEBL,EDKB,1,4.526209010976816
LFGU,LEPA,1,4.514957583244884
LSZH,EDLE,2,4.501805770429745
LFMN,EDHI,1,4.497837879760352
LIRM,EDDK,1,4.491950568623532
EYVI,LICJ,1,4.488650732597097
EDDB,EDKL,2,4.487346899713954
LICJ,ETOU,1,4.482832148989689
LIRF,EDFU,1,4.470702242819084
EDDL,EDLW,12,4.465394916176823
WMKK,WSSS,1,4.463244710194811
EDDK,EICN,1,4.45975329395373
LEBL,EDFC,1,4.45774737768197
EDDM,EDLT,2,4.457041614636163
LOWS,LPAR,1,4.4557122499675215
LFBD,GMTT,1,4.4548700250467546
GMTT,LFBD,1,4.4548700250467546
EHAM,LELL,1,4.454688441810441
LSZH,LHBP,3,4.448438296883999
LSGG,DTTA,1,4.4430315453367735
EDDS,ENRK,1,4.442500249473875
EIDW,EFHK,1,4.442216254228176
EDDV,LIRF,1,4.43929938364391
EDDN,EDDH,2,4.438002815880909
EDDF,ESGE,1,4.43401413856558
LTFM,EDDW,1,4.427320870002876
LPPR,LPMA,1,4.423313978522648
EGFF,LFML,1,4.422039937087321
LFML,EGFF,1,4.422039937087321
EDDF,ENRV,1,4.4142676707444135
EDDC,LEBL,1,4.410383836813904
EICK,EDDK,1,4.4086038007995105
EDDK,EICK,1,4.4086038007995105
EDDM,EDAZ,2,4.40338101822276
EDVK,LIRF,1,4.392708024441432
LIRF,EDVK,1,4.392708024441432
EHAM,EDFB,3,4.387751347844705
EHAM,EGTE,2,4.382900256039642
LICB,LIMC,1,4.3822922102703625
LIMC,LICB,1,4.3822922102703625
LOWW,LBSF,1,4.379689233572219
LEJR,LPMA,1,4.373598768450756
ESGG,EGKK,1,4.371747768048604
EDJA,EDDV,2,4.370687338488497
LFHC,EDDP,1,4.370641074869498
EDDK,EDMA,2,4.361374895200235
EDDV,EIDW,1,4.360093682187439
LBBG,LKMT,1,4.357736111730566
EPKT,EDDM,2,4.356533012360967
EDDM,EPKT,2,4.356533012360967
LEBL,EDGP,1,4.344805859754288
EDDC,EDLW,2,4.3427723858363
EYVI,ESGG,1,4.334671501677442
EDDK,ENGM,1,4.328569437102845
LFIX,EDDF,1,4.324380103137944
LFMP,EDDS,2,4.3115377911504105
EDDF,EDDG,4,4.309847466588336
LSZH,LGTL,1,4.305332138549717
EDDM,LECN,1,4.303750452231773
EFHK,LIMC,1,4.300557612268848
EDDL,LHDC,1,4.299852962026551
LEPA,EDNY,1,4.299598740734033
EDNY,LEPA,1,4.299598740734033
EDDF,LKKL,2,4.299112542549968
EKCH,EDDV,2,4.296856964976118
EPRZ,EDDK,1,4.296652102611528
EDDK,EPRZ,1,4.296652102611528
EDDS,LESL,1,4.2963156188255285
ESSA,EDGF,1,4.294847000746712
EGPH,EDFG,1,4.290323803334155
LEBL,EDDN,1,4.290310955739069
LFMN,EDDW,1,4.289633780722797
LIRF,EDDN,1,4.286707581103947
LESB,EDNY,1,4.285523028977604
EDDF,LKTC,2,4.277086003253562
ESSA,EDLE,1,4.275628242236955
EDDB,EDDC,6,4.256140281171902
EHAM,EGML,3,4.248950603225039
EIDW,LFPB,1,4.248398467636796
EDDB,LFMZ,1,4.241991249419395
EDDL,EDMA,2,4.24127945223547
EIDW,ENBR,1,4.232070425628212
LEPA,ETNN,1,4.2232770218735975
EDDF,LIER,1,4.222858298055998
LDZD,EDDH,1,4.220606217603778
EDDM,ESSB,1,4.208698893757843
LEMG,LFLL,1,4.206021720402219
EGPH,EDFB,1,4.20540916971967
LFRB,LFTZ,1,4.204541406035805
LFLL,LFLC,5,4.203284145400561
LFPG,EBBR,3,4.198419977484782
EGKK,LKPR,1,4.1978854720843595
KBGR,KBOS,1,4.19335410390817
EGSS,LOWS,1,4.1868427973277385
EGPH,ETOU,1,4.183469158240394
ESSA,EDLM,1,4.179160810999757
EDDL,EGAE,1,4.173654958352301
WMKK,WSAP,1,4.171110604432303
EDDB,EGSH,1,4.159291802491461
EDDM,ESGM,1,4.15860801889405
EDDM,LSPF,3,4.139827264904588
LGTS,EDJA,1,4.1339299160426055
EGBB,ETSN,1,4.132798090023604
EFHK,EGLL,1,4.111377710384312
LFMN,EDDV,1,4.109393820023774
ETSI,ESGG,1,4.107713369266462
ESGG,ETSI,1,4.107713369266462
EDDK,EDNY,2,4.10092882044605
LEJR,LFBO,1,4.087196724771031
LIPE,EHAM,1,4.084297016916729
LEPA,LFGB,1,4.076061860408493
LFBO,EDDN,1,4.076002410164306
LIPO,EBBR,1,4.055708539793145
EBBR,LIPO,1,4.055708539793145
LIMC,LFBD,1,4.049258985960187
EDDK,EDVK,6,4.037413394075966
EDXW,EDLN,2,4.0355880219975395
EGNM,EDDP,1,4.034806470680011
LSZH,EDFC,3,4.028565250049075
LOWW,EDDB,2,4.027602927592349
LEPA,EDGP,1,4.02340815175065
EDDB,LGAV,1,4.020526274459696
ESSA,EDDR,4,4.016896368958669
LFBD,LPFR,1,4.016530991315854
EVRA,EDDW,1,4.015033932630281
EGAC,EDDK,1,4.0134360756316605
LEMH,EDNY,1,4.012109616093049
EDNY,LEMH,1,4.012109616093049
EDDN,LIEO,1,4.006119023047396
LIEO,EDDN,1,4.006119023047396
EPRZ,EDDF,1,3.983058248021605
EDDF,EDVM,3,3.9825276393842817
EDDF,EDHS,2,3.971073292225811
EKCH,ETSI,1,3.968727830113842
EDDM,EGGW,1,3.9471942756960785
EDDP,ESGI,1,3.9462506823919954
EDDM,UMKK,1,3.9410183681044284
EDDM,LPBR,1,3.9328571985845118
EDDL,LFBO,1,3.926941613522809
EDDK,LFRS,1,3.926767513769823
LFBT,EDDS,1,3.922457650896265
EYVI,EGLL,1,3.921967658327491
LFBO,EDFG,1,3.9203337961884324
EDDL,ESNX,1,3.914503243584039
EGFF,EKYT,1,3.914121128595335
LIRF,LKPR,1,3.905716006981739
LDZD,EDDL,1,3.902022666030931
EDDM,LFDB,1,3.901039465587479
LOWS,EDDM,7,3.8997668875307716
GMTT,LEBL,1,3.8968127598722
LEBL,GMTT,1,3.8968127598722
EVRA,EKCH,1,3.8893746186905425
EETN,EKBI,1,3.8858294488337126
EDDH,LIPE,1,3.8773671815168234
EGBB,EHAM,2,3.871034935308481
LYBE,LFST,1,3.86771121273101
LPPR,ETSL,1,3.8667323739630453
EDDL,LDZA,1,3.861395015929067
LDZA,LIME,1,3.858519906547992
EDDL,EDML,2,3.844126472255305
LIML,ETOU,2,3.8403363488170617
EDDH,EFHK,1,3.8373321619598273
LIML,EDDH,1,3.8228978549836143
EDVK,EHAM,3,3.8174149845949477
EDDF,EPBY,1,3.815761208287896
EPBY,EDDF,1,3.815761208287896
ENGM,EDDH,1,3.8113366699791738
LFLL,LEVT,1,3.80798561259367
LIEO,EDDC,1,3.8053836270634527
LDRI,EDDH,1,3.805300310396689
LEMD,LEBL,1,3.798041649187454
LOWW,LGTS,1,3.79396807329534
EDDS,LFDQ,1,3.791120019171145
LIBR,EDDM,1,3.7862003142090703
HECA,LROP,1,3.78522384874812
LIRN,LIMC,1,3.784262915477667
EDDF,ETSN,3,3.7826194290068815
EDDF,EPBC,1,3.782329844549673
EDDV,EPRZ,1,3.773777073487226
LFMN,LKPR,1,3.773050962797471
LKPR,LFMN,1,3.773050962797471
LZIB,EBLG,1,3.772365493783854
LFBD,EDDK,1,3.7685382335221536
EDDF,LSZK,3,3.7637463827223034
EDDF,LIRP,1,3.759700229212327
ENEV,EFKT,2,3.759495614527105
EHEH,LFPG,2,3.756323515982928
LRSB,EDDM,1,3.756189917255531
EDDV,LIPE,1,3.7533643515211437
EDFE,LPPR,1,3.741253180127553
ESGG,ETOU,1,3.740884807360728
LEPA,EDPJ,1,3.737671065021458
EPWA,EDLE,1,3.732957403127232
LFPG,EDBT,1,3.729958214553106
EPWA,EDDK,1,3.7287431292231688
LSZH,EDFG,2,3.727296853717114
EBOS,LFML,1,3.725686092963115
EDDM,EDLN,2,3.7255622141653584
KMCO,KTPA,2,3.7193178623133387
EGPF,EBLG,1,3.716666301533716
EBLG,EGPF,1,3.716666301533716
EDDP,LIPL,1,3.71312636229514
EDDF,LEAP,1,3.7100756993184416
LFRB,EDDK,1,3.709887842294512
EDDK,LFRB,1,3.709887842294512
LHBP,LGAV,1,3.7031634957337816
LFML,EBFN,1,3.700531731824437
EGPH,LFPG,1,3.696611756992442
EDDF,EGWN,1,3.696393573169333
EDDV,LFBD,1,3.69020061182126
LHBP,EDLW,1,3.6879435536018934
EDDF,ESGM,1,3.6848775267621736
LIPZ,LEBL,1,3.6835658447707216
LFRN,EIDW,1,3.6812651385260193
EGCC,EDDK,1,3.666184127202524
EDDS,EGND,1,3.662730679583493
EDLP,EDDL,5,3.656878744449065
LEBL,LFPG,1,3.6552932637535007
LFPG,EDDB,1,3.6476226834973375
LIMP,EDDV,1,3.630827318351694
LIRF,LEVC,1,3.627239337254473
EPWA,EDFG,1,3.626993056495012
EKBI,EGPF,1,3.621974429428103
EGPH,EDLE,1,3.614849602760315
LIPV,EDDH,1,3.6135762009005186
EDDF,EPOK,1,3.6124154404211133
LICZ,LIPZ,1,3.6051360130587167
EDDF,EGTR,2,3.603908999359237
EDDG,EDMA,2,3.60348662984539
EDDK,EPKT,1,3.598591675371938
EKCH,ETOU,1,3.5977679582398125
EDDM,EDVM,2,3.593929045984762
EPKK,EHGG,1,3.588972283424735
EDDS,EPWA,1,3.5800797629226966
EPPR,EDDF,1,3.575679798708612
EDDF,ENSI,1,3.5741385270084827
EPKK,EDLE,1,3.57305073677483
EDDS,LEVX,1,3.5679360327459233
EGLL,ETOU,2,3.566279187371956
LFBO,EDMO,1,3.5660822338460196
LIPE,LEBL,1,3.5651849490858063
EDDM,EFNU,1,3.552705476029122
EHBK,LFMT,1,3.5463808069763023
EDDK,ESGG,1,3.542485210317301
ESGG,EDDK,1,3.5399995259384776
EDDN,EDDK,2,3.5381978098090703
EDDF,LFKS,1,3.537985615035828
LKMT,EDDL,1,3.533798751010322
EPWA,EDGF,1,3.533146645709573
EDDM,EDFZ,2,3.5327716735071077
EDDH,EIDW,1,3.5299926056787885
EDDF,ETNG,3,3.5299872655578413
EHBK,LIPE,1,3.5276735388899287
LIMC,EDHO,1,3.525479746409264
EDVE,LIMF,1,3.5228268767861537
LSGG,LOWW,1,3.5186381307365604
LOWW,LSGG,1,3.5186381307365604
EGPF,EKEB,1,3.508840305695355
EDDG,LIPZ,1,3.5075936142174426
LIPZ,EDDG,1,3.5075936142174426
LIMC,EDHE,1,3.5064788685539625
EDDL,LKHN,1,3.502783523878893
EDDL,LIPM,1,3.5007636683505434
EGSS,EBBR,2,3.498501516265563
EDDL,LIDC,1,3.495773853065204
LFML,EDFG,1,3.4922058700127887
LFML,LEMD,1,3.4901441097868573
LEMD,LFML,1,3.4901441097868573
EBBE,LIMC,1,3.4867693690696644
LGTS,LDZA,1,3.4825034272802204
EDDM,EKRK,1,3.478155439104748
EDDS,EKCH,1,3.4775582827397447
EDDV,LIPX,1,3.4701536457963824
LHBP,EDDV,1,3.467113743191705
EDDF,EGSG,2,3.466894879997871
LGKR,EDDB,1,3.4555989548060237
LGTS,EDDB,1,3.4543320421135197
EDDF,LOAS,1,3.4528102547394175
LOWS,LFPG,1,3.4422701366344866
LRTR,EDDN,1,3.4366580804735327
EDDS,LFBD,1,3.434901171299472
EDDF,EFTO,1,3.432676541715745
EFHK,EDDN,1,3.4297582184422692
EDDL,EPKT,1,3.427779718093844
EPKT,EDDL,1,3.427779718093844
LOWW,EDLM,1,3.424471595614294
EDDH,LEBB,1,3.424024710252375
EDDF,EDQN,4,3.4227850114751335
LIBD,LDDU,3,3.4183217563629147
LOWW,ETOU,1,3.40082810121239
LEBL,LSZH,1,3.398988291519639
EDDM,EHLE,1,3.3971023264173508
VHHH,ZGSZ,3,3.3969701988174057
LIPZ,EDLE,1,3.3926070923524407
EDDF,LFLC,1,3.384320540304345
LDZA,EDDB,1,3.368120441311205
LKTB,EDDV,1,3.3517189010079314
LHBP,EDGP,1,3.343154505454345
EETN,ESGG,1,3.337265647854137
EGCC,EDFB,1,3.332263297670937
EDDV,EPKK,1,3.3265724174949733
EDDK,EPKK,1,3.326086966210089
EDDM,LIRM,1,3.3230092678025644
EGGD,LFBD,1,3.309293775517786
LFBD,EGGD,1,3.309293775517786
LOWW,EDLW,1,3.302400128257756
LHBP,EDFE,1,3.298929314294062
EGCC,EDFP,1,3.2968111539892386
EPGD,LOWS,1,3.2963879154584412
EDDL,ESGV,1,3.2935640854622465
LROP,EDFG,1,3.2913429741481663
EDDM,EDHL,1,3.2909727453866786
LEPA,LSMD,1,3.2825890009605727
LOWG,EDDV,1,3.268721721916524
EGCC,EDHO,1,3.265037028792841
LIPZ,EDKL,1,3.255944773029599
EDDF,LFNT,1,3.2556360247667855
ESGG,EDDV,1,3.254144837383324
EIDW,EDML,1,3.2423198515161658
LIPQ,EDLE,1,3.221772690611015
EDDF,ESML,1,3.2141507498553725
EDDG,EDDN,2,3.2111037981795936
EDDL,EDDG,5,3.210859341332145
LEPA,LFLL,1,3.2064782019162616
LIPZ,ETOU,1,3.204116111259833
EDDP,LOLW,1,3.203907787624624
EPWA,EDCT,1,3.200594987556062
LFMN,EDDN,1,3.200081549892748
EDAM,LOWL,1,3.1991426604669853
ESGG,EDLE,1,3.1962377015885917
LGTS,EDDN,1,3.195687443922635
EDDF,EDLN,3,3.1924407258977565
EDDS,EDDG,2,3.1920173373977723
KPAE,KMWH,1,3.1886665183638816
HTZA,HKMO,1,3.178410625132563
EPGD,EDDK,1,3.1765362370016583
LIRF,EDFG,1,3.1750693682267657
CYEG,CYYC,1,3.167172836678286
EDDH,EGLM,1,3.154881199428245
LIMC,EDDV,1,3.146654709196105
EDDL,LIPL,1,3.1435415715538384
LFPG,EDML,1,3.1350968149443186
EGKK,EDDV,1,3.13215165077545
EHEH,EDDM,1,3.1317827784869166
EKCH,EDFZ,1,3.1315177127881713
LFMP,EDDB,1,3.1305017475533963
EDDK,LECN,1,3.127586602940401
LDZA,EDFZ,1,3.1267409358304867
EPWA,EDDN,1,3.1265088641222123
EDDV,LIME,1,3.1235738473661705
LIME,EDDV,1,3.1235738473661705
LFRH,EDDK,1,3.122861057243459
EDDK,LFRH,1,3.122861057243459
LDZD,EDDS,1,3.1198042879483303
EDDH,LFLL,1,3.115015092300713
EGGD,EDDK,1,3.1122954528327504
LFPB,EDDM,1,3.109957109861581
EDDK,EDDG,4,3.1090600521435108
EPPO,EDDK,1,3.1080382614806124
EHAM,EDFZ,2,3.10142060009574
ETNG,EGNT,1,3.100427334602099
EDDH,EGSS,1,3.08834663250682
EGSS,EDDH,1,3.08834663250682
LIPH,EDDF,1,3.0765031360064867
EIDW,EDLM,1,3.0728669284132093
LIMF,EDDL,1,3.067710305367689
EDDL,LIMF,1,3.067710305367689
EDDG,EDDK,4,3.062590981551645
EDDS,LFLC,1,3.062436599177643
EDDB,EDGF,2,3.0588196899261613
EDDM,LFXA,1,3.0581274222662604
EGLL,EDHI,1,3.0558225583441057
EGLL,EDHF,1,3.052119943341916
EHAM,LIME,1,3.050471323794249
LIPZ,EDFC,1,3.0475938430185563
LEMD,LEVT,2,3.0364337011376694
EDDK,LFDL,1,3.031795526575078
EDLW,LFLL,1,3.031140138449532
ENCN,EDDK,1,3.0299241650129747
EDLW,LIME,1,3.029803937488228
LOWI,EDHO,1,3.027331086026835
EDDH,EDLW,2,3.0242473895857187
EDDH,LOAU,1,3.0239961612492987
EGLL,LOWW,1,3.022721157566552
LOWW,EDKZ,1,3.021769265337466
LIME,EDLP,1,3.0201945000506343
LGPZ,EDDM,1,3.0201925881944938
LIPE,LIPZ,4,3.0143421644337085
EGCC,EDLE,1,3.0109014315704985
EDDG,LZIB,1,3.002642610526002
LZIB,EDDG,1,3.002642610526002
EDDH,EDLM,2,3.0021721068106264
EDDM,ENSI,1,3.0015831716800543
KPAE,KEPH,1,2.999489382817964
KEPH,KPAE,1,2.999489382817964
LFRN,EBBR,1,2.9980883726377523
EDDF,EHHV,2,2.9946539478173726
EDDM,EHRD,1,2.9945853461435945
LEMD,LPAR,2,2.9886477952859325
EHAM,EDCT,1,2.984634720061508
EGNM,EDDG,1,2.9823521859453805
EDDB,LSMD,1,2.976307270240457
KBHM,KATL,1,2.9690041878465765
EDDH,EDSL,1,2.9676876990106784
LFML,LFPG,1,2.9660848732607477
LFPG,LFML,1,2.9660848732607477
EDDP,EBAW,1,2.9618479553148864
EPPO,EDDL,1,2.948104160559524
LOWS,LFLL,1,2.947161967403174
LFLL,LOWS,1,2.947161967403174
EPRZ,EDDB,1,2.9444318891777215
EHAM,EDAW,1,2.9434042956173463
LHBP,EDDN,1,2.9430234428472195
LFPG,EDHS,1,2.942373730043022
EDDH,LSZK,1,2.939677548420979
KRSW,KMCO,1,2.936663688076618
EDDP,EDDB,4,2.9366262320663856
LGTS,LGRP,1,2.9333603749127843
EDDL,EGNM,1,2.9237645465030284
EGBB,EDDK,1,2.923047407896698
LEBL,LSGG,1,2.9187172803957426
LIBR,LICA,2,2.913416306243686
EDDL,EGBO,1,2.908263300080171
EHGG,EPGD,1,2.89891719620992
LSZH,EDCS,1,2.8914239397890165
LFLS,EDDK,1,2.889753222324206
ENGM,EGLL,1,2.889233694786641
EDDK,LOKM,1,2.887801026362153
EDDF,EKYT,1,2.8857680687635674
EDDV,EGMC,1,2.8772566381745213
EDDB,ESGI,1,2.873637591100668
LSZH,EDHI,1,2.872141067541444
LPPR,LEVT,1,2.8679937925770584
LOWW,EDGS,1,2.861024445467157
EHRD,EDDB,1,2.8570835922463633
LOWS,EDHI,1,2.8564064795124935
EGNT,EHEH,1,2.8486155571466902
EHAM,EDMA,1,2.8440470445256
EDDB,EDSL,1,2.8365022615081803
LIME,EDLE,1,2.83461280105604
LEMD,LPPT,1,2.827763239531814
EKCH,LEPA,2,2.826761247998257
KCLT,KRDU,1,2.8240513954387847
LOWG,EDDF,1,2.821814026348768
EDDM,LIPE,3,2.82142419239511
EDDK,LIME,1,2.8201500279369602
EDDF,EKRK,1,2.817307303326375
EDDM,EGGP,1,2.8114608270507406
EDDM,EDHE,1,2.8066248926343076
EDDF,LJMB,1,2.803692360541816
LJMB,EDDF,1,2.803692360541816
LFML,LIRF,1,2.798267209175605
EDDF,EPWR,1,2.78834439007126
LILV,EDDL,1,2.7831033201623483
EDDF,LSMD,2,2.7767270789630683
EGGP,EHEH,1,2.7752030542763326
EDDL,EKRK,1,2.774563222805801
ELLX,EDDB,1,2.769607722015381
EDDB,ELLX,1,2.769607722015381
EDDB,ESGE,1,2.76686238818028
LIMC,EDFZ,1,2.7557097464343263
EDDK,LFLL,1,2.75363133861548
LFLL,EDDK,1,2.75363133861548
LIMC,EDLN,1,2.7481908879302974
LFPG,EDFB,1,2.7414403705505563
EDDH,LDZD,1,2.74034910509202
LFRS,EDDS,1,2.733828857878525
EKBI,ETOU,1,2.723991414637366
EDDS,EGGW,1,2.720703089104013
EDDK,LOSM,1,2.72033790965613
EDDC,EHAM,1,2.719562553184094
EDDK,EGTE,1,2.7170515788633023
LDDU,LGZA,1,2.7144173982464794
EDDL,EGBE,1,2.7112893711821036
ESSA,LIRP,2,2.7107728407191476
LEMD,LEJR,1,2.704379146979956
EDDM,LIMF,1,2.7012057434359122
EDGP,LIPE,1,2.700131365655181
EDDM,LFKP,1,2.699837561073618
EDDM,LSGP,1,2.696199123904926
LIPZ,EDFG,1,2.693852635657344
LFRS,EHAM,1,2.693289369967477
EHAM,LFRS,1,2.693289369967477
LOWS,EDDV,1,2.684847299017052
LIRF,LFPG,1,2.6845032210672137
LIML,EDDK,1,2.6844498522244016
EDDS,LFPG,1,2.6825736538409553
LFHC,EDDM,1,2.677406961341576
EDDK,LIMJ,1,2.67707859224482
EPGD,EDDV,1,2.6690659295604524
EFTP,EGKB,2,2.6683139611047104
EDDF,LIDW,1,2.664891846372941
LOWW,EDFU,1,2.6611870458239193
EGPF,EHRD,1,2.6606182197407935
LEBL,LEMD,1,2.6577988413103992
EIDW,EDFP,1,2.6544339727311463
LOWW,EDSP,1,2.652939166575032
EDDF,LIDC,1,2.6505670323668964
EDDH,EDME,1,2.6434404743790005
EDDL,LFHC,1,2.6431926426271857
LFHC,EDDL,1,2.6431926426271857
EDDS,LDRI,1,2.6426771670473457
LSGG,ETOU,1,2.6419929711009487
EDDK,LFQQ,2,2.6410783360904273
EYVI,EPPO,1,2.6398833934318753
EGCC,ETSN,1,2.6367538628406786
EDDH,ETSI,1,2.632753136648493
EHAM,EGPF,1,2.6313034195682707
EDDK,EKBI,1,2.630793726839667
EKBI,EDDK,1,2.630793726839667
EGBB,EDML,1,2.627985462314801
EDHI,EDDF,2,2.6253069624799257
EDDH,LHDC,1,2.6250713171155273
EHEH,EDDP,1,2.614982279326352
EDDN,LIPE,1,2.6135900565619883
EDDM,EDCS,1,2.6129901100886754
EDDH,EDDW,4,2.608274791306382
EPWR,EDDF,1,2.6041832780430165
EGSS,EGGW,10,2.6011998882379737
KBUF,CYYZ,1,2.6005672003590483
EKCH,ESSA,1,2.5981800530700396
ESSA,EKCH,1,2.5981800530700396
EDDL,ETSI,1,2.596490902863081
LFPG,LEPA,1,2.595121019328648
EKBI,EDDC,1,2.5944926889466977
LEZL,EHBK,2,2.5893307247161417
EHBK,LEZL,2,2.5893307247161417
EKCH,EDCT,1,2.578610201653393
EDDS,EDHW,1,2.576433637231537
EDDM,EDWV,1,2.575383605545444
EDDM,EGBE,1,2.571145691022711
LIED,EDDS,1,2.5675846593730527
LFRS,LFLL,1,2.5585486058723013
LFLL,LFRS,1,2.5585486058723013
EKBI,EDGF,1,2.55565654599324
LFLL,EDFU,1,2.553131663243498
ENCN,EHHV,1,2.548074354595677
EGBB,EDLN,1,2.547038538126917
EDDF,EKSP,1,2.5336772411947566
EGKB,EYVI,2,2.5331562096101723
EGCC,EDDN,1,2.5316929166160427
ESGG,EDDS,1,2.5308376313787497
EDDM,ETND,1,2.5300068443595527
EDLP,LOWS,1,2.527072990733572
LFBT,EDDK,1,2.523278084454241
LIPE,EDDM,1,2.518950110966493
EHAM,LSGG,1,2.516835807555017
LSGG,EHAM,1,2.516835807555017
EDDM,LEGE,1,2.511297736164051
EDDH,EDFZ,1,2.5111053881966146
EDDG,LSZH,1,2.5039930805866866
EDDB,EKCH,3,2.4964954260448775
EGKK,EDKB,1,2.490404104435649
LFLL,EDGP,1,2.4874997152090907
EDDL,EDFG,2,2.4864999243990433
LEPA,EIDW,2,2.485900751406768
LFRN,LFLC,1,2.4812837016193687
LSGG,ESSA,2,2.4807409754308702
ESSA,LSGG,2,2.4807409754308702
LBSF,LOWS,1,2.4806009932412705
EDDF,EGBE,1,2.472231967872261
EDDM,EGLP,1,2.468570811952235
LGZA,LGKO,1,2.4644932924659604
EDDG,LKPR,1,2.462865479994279
LKPR,EDDG,1,2.462865479994279
LFST,EDDK,2,2.4618465190047303
ESGG,EDDW,1,2.4592665528169158
EPWA,EDDB,1,2.455352539922649
EDDK,EGLM,1,2.4521657084533017
EGPH,EHAM,1,2.4507137829908308
EHAM,EGPH,1,2.4507137829908308
EDDM,ESGV,1,2.448998603602659
EDDF,EDHE,1,2.4471606687788388
LFLL,EDFC,1,2.4413986227592925
EDDC,EKCH,1,2.4391400892061594
EDDV,EDJA,1,2.437566765928073
EDDM,EDHG,1,2.437213733213066
EGSH,EDDL,1,2.4324477375839777
EHAM,LFRN,1,2.4315804427520162
LFRN,EHAM,1,2.4315804427520162
KTPA,KRSW,1,2.427978881615096
EGSS,EDDS,1,2.4241285663953738
LEMD,LPPR,1,2.424056109171048
EDDL,EGWU,1,2.4223040521141606
EDDL,EDSL,1,2.4220012291717645
LJLJ,EDDC,1,2.421596255189877
LFMP,EDDK,1,2.4204454532707946
EDDK,LFMP,1,2.4204454532707946
EDDF,EDAZ,1,2.415716377990288
EHAM,ENGM,1,2.415562248214912
LIMF,EDDF,1,2.3991568832538253
EGLL,EDKB,1,2.3974672272492983
EDDK,EGSS,1,2.397225548576202
LFMT,LFDP,1,2.396518109052421
LEIB,LEBL,2,2.3953608132652584
LKKL,EDDF,1,2.3893532739384002
EGTF,EDDM,1,2.387847972569715
EDDM,EGTF,1,2.387847972569715
LIMC,LIPY,1,2.37921997220948
EDDM,EGTR,1,2.3774942113999633
LIME,EHBK,1,2.3771131861501837
EGLL,EDLN,1,2.3749505245110254
LFLL,LEMU,1,2.367509135971505
LBSF,LICZ,1,2.3652455902102716
EDDV,EPPO,1,2.365078115930206
LOWW,LEIB,2,2.3553580158788088
LKPR,EDLM,1,2.3477615880739484
EDDB,EDSH,1,2.3436024383979923
EDDL,EGLM,1,2.342658168233341
EDDC,EDLE,1,2.338612044282373
EDDN,LZIB,1,2.3288976289739627
EDDM,EGKR,1,2.326163837343306
EDDB,EDKB,1,2.324416542704487
ESGG,EDDN,1,2.3239612122224647
ELLX,EDDP,1,2.3223960151150744
EDLP,EDDK,3,2.3213990721957023
EDDM,EGSX,1,2.3211888968994243
ESGG,EDDH,1,2.3211830414948267
LKPR,LHBP,1,2.3170507187775162
EDDS,LOAU,1,2.31531063008769
EDDM,LIDF,1,2.312152487929614
LZKZ,LHBP,2,2.310314412263097
LHBP,LZKZ,2,2.310314412263097
EDDS,LSZH,3,2.3050399056572553
EDDM,EDGP,2,2.3015048780844656
EPKK,EDDK,1,2.30109678156563
EDDL,LOIR,1,2.2997757478790994
EDDB,EPWA,1,2.2912316185198405
LOWL,EDDB,1,2.290087155856742
ENGM,EKBI,1,2.288811750041102
EDDC,EDLM,1,2.2859897029714196
EDDB,EPKK,1,2.2849953634033806
LGAV,LFMN,2,2.2826086896947353
EDLW,EDDM,1,2.2813899705796863
EGLD,EDDL,1,2.280791850830888
EVRA,EYVI,2,2.274660217670243
EDDB,EDDV,2,2.2739475183449787
EGLL,ETNN,1,2.272461380805328
EDDM,EGSH,1,2.271588119117939
EGSH,EDDM,1,2.271588119117939
LFPB,EDDF,1,2.271113665844145
EDDV,EDMA,1,2.270142150188175
EDDS,LIPQ,1,2.267810481898294
EDDM,EDLK,1,2.2659721389514296
VHHH,VMMC,2,2.2646467992116035
EDDW,EDDH,4,2.2597694426762636
LIML,EDFC,1,2.259460570571488
EDDK,EGLC,1,2.2585595195853867
LFPG,EDFA,1,2.2580867838611285
LZIB,LOWW,8,2.2530079613378895
LIMC,LEZL,2,2.249235239059635
LEZL,LIMC,2,2.249235239059635
LGAV,LGKL,2,2.2490953233660678
LFLL,EDDS,1,2.24824686024707
EDNY,EDDL,1,2.237487726369694
LPPR,LFBO,1,2.2359061046951787
LYBE,LOWG,1,2.2334681123391364
LIRP,LIMC,1,2.2294398739934667
LSZH,EHAM,1,2.2293457016012503
EHAM,LSZH,1,2.2293457016012503
EDDH,LKPR,1,2.2241104930749094
LKPR,EDDH,1,2.2241104930749094
EDDC,EDDP,2,2.2239157342891303
EDDB,EDML,1,2.2134653702576923
EDDF,EDLE,2,2.2131713345573534
EDDC,EPKK,1,2.209015252880261
LHBP,ETOU,1,2.20808557123122
EGGW,LIRA,2,2.2041772032226272
EDDC,EDJA,1,2.2007151108882006
EHAM,EDLE,3,2.194983413015208
EDDP,ETNG,1,2.1898981890204134
ETNG,EDDP,1,2.1898981890204134
EDDL,LFPO,1,2.177483212389292
LFTH,EIDW,2,2.1755200356164317
ETNL,EDDL,1,2.174427247397187
EDDL,ETNL,1,2.174427247397187
EDDB,ETSI,1,2.173890561371566
ETSI,EDDB,1,2.173890561371566
LKCM,EDDP,1,2.173737117335002
LOWL,EDDK,1,2.172239275756165
LBSF,LYBE,1,2.166637137414909
EGMC,EDDL,1,2.16245608702752
EDDF,LKLT,1,2.162207365257171
EDDM,EDKZ,1,2.1619746560073207
EDDS,EBBR,1,2.156648073705042
EBBR,EDDS,1,2.156648073705042
EPWA,ESGG,1,2.1565081599143894
EDDW,EDDN,1,2.1551224175587387
LFPB,LEZL,2,2.1489446653469617
EDDM,EDVR,1,2.147960460339677
EGCC,ETOU,1,2.1448247053451017
LIMC,EDDN,1,2.1386597339244906
EHAM,EGTU,1,2.13047760286822
EDLW,EDDB,1,2.1151163145644527
EDDB,EDLW,1,2.1151163145644527
EDDH,ETOU,1,2.110872214215895
LFQQ,LFRH,1,2.108750776370505
LFRH,LFQQ,1,2.108750776370505
LKPR,EDDV,1,2.1016851729587427
EKCH,EDML,1,2.1012161050622558
LQSA,LHBP,1,2.09469120736782
LOWS,EDGP,1,2.089349385495637
EDDL,LSZT,1,2.0877602164431415
EFHK,ESGG,1,2.08553372527278
ENGM,ENBR,1,2.081130078124605
EDDS,LIMF,1,2.0759290270082587
LIMF,EDDS,1,2.0759290270082587
EDDL,LSPH,1,2.0721933309049625
LROP,EPKK,1,2.070131209328816
EHRD,LEPA,2,2.0593090859029592
EDDK,EDML,1,2.059222992937419
EDDK,LSZT,1,2.053888424267362
LEIB,EHBK,2,2.053711531386456
EHBK,LEIB,2,2.053711531386456
EGLL,EDSH,1,2.0423525602737427
LFPG,EDDL,1,2.036194038990237
LEMG,LEMD,1,2.025625142482329
LEMD,LEMG,1,2.025625142482329
EDVK,EDDK,3,2.018706697037983
EDVE,ELLX,1,2.0182121902713255
EDDL,ETSN,1,2.0152564056960087
EDDM,EDKB,1,2.0142880470956337
LOWS,LIPE,1,2.01423674797974
LIPE,LOWS,1,2.01423674797974
EDDM,LIRE,1,2.0111741380279726
EDDF,EDFR,1,2.0016018188295557
LFLC,LFPG,1,1.999325174098305
LGKO,LGAV,1,1.998611619957917
EDDM,EDFB,1,1.9972474142007632
EDDF,EDCM,1,1.9847565416765318
EDDC,EDDH,1,1.9844699927128
LFPG,EDFZ,1,1.984288385382066
EHAM,ETNL,1,1.9780789681700253
ETNL,EHAM,1,1.9780789681700253
LIRF,LOWL,1,1.97453083464652
EDDF,LSTR,1,1.969747231152417
EHAM,EGGW,1,1.9670133622007815
EDXW,EDLM,1,1.9621981246458846
EDDM,LOWS,3,1.9561601001435485
LSZH,EDKL,1,1.955105679428193
EHAM,EGGD,1,1.949751940622292
EDDK,LSZK,1,1.946959467931273
EDDC,ETOU,1,1.931557394027056
EDLW,EDDL,5,1.9286543822789728
LSGG,EDDS,1,1.9173355192076929
EDDG,EDDS,1,1.916897989316096
LSZH,ETNN,1,1.9137387039608242
EGLL,EHRD,1,1.90795578494872
EDDN,EHHV,1,1.906382647350871
EDDM,EDCT,1,1.900612099322237
EDDK,EDSL,1,1.8938931617814312
ENGM,ENZV,1,1.883511520611003
LOWW,EDDV,1,1.879657455944542
EDHI,EDDB,2,1.879480128744206
LOWS,EDFG,1,1.8750310121535168
EDDS,EDBL,1,1.8697924536599928
EDLP,EDDB,1,1.8625749415147674
EDDB,EDLP,1,1.8625749415147674
EDDE,EDJA,1,1.861960081178618
EDDL,EDHW,1,1.8537174196184107
LIML,EDSB,1,1.8526448990482003
EDDF,EDWM,1,1.8438260640824284
EDDS,EHLE,1,1.8393634147171483
EDFE,EGLL,1,1.8352436752758625
LFPG,LFRS,1,1.8281398878644135
EDLW,EDDS,1,1.8256352239203504
LPFR,LEMD,1,1.823102418478618
EGCC,EGPH,1,1.810453281678965
EDDL,EKSB,1,1.8104029044255934
EDDS,EDLP,1,1.80103808201532
EDVK,EDDF,2,1.7934951521157965
EDDF,EDVK,2,1.7934951521157965
EDDC,EDDV,1,1.7883976131247563
EDDM,LJMB,1,1.7876467724324712
LJMB,EDDM,1,1.7876467724324712
EHAM,EGNV,1,1.7805288129463186
EGNV,EHAM,1,1.7805288129463186
EDDF,ETHN,1,1.7790769425771884
LGTS,LATI,1,1.775573970183038
EDLW,EDDP,1,1.7713166949826935
EDDB,LSPF,1,1.7630558990736653
LIRA,EDDB,2,1.7591596418905382
LIMB,EDDS,1,1.7495817222441157
EHBK,EDDS,1,1.7480862067522247
EDDS,EHBK,1,1.7480862067522247
LIRF,LIPE,1,1.7465542949959856
LFBO,LFML,1,1.7402772815241583
LFPG,EDMA,1,1.7379388881289268
LIMC,LIPZ,1,1.7355866625967744
LIML,EDSP,1,1.7330705672580837
LFMN,EDHL,2,1.7326293792066345
EDDF,LSPH,1,1.729065728148429
EDDM,LFST,1,1.7242707150985144
EVRA,EETN,1,1.724175164991058
EDDC,EDFG,1,1.717372558110438
EDDP,ETSI,1,1.7168859665558933
LIML,EDPJ,1,1.7150452012856392
EDDS,EDDC,1,1.7120709960764657
LYBE,LHBP,1,1.7110046990345333
EDDK,EBOS,1,1.7034142357293922
EDDF,EDOE,1,1.7007473031706504
EDDF,EDWQ,1,1.697757519358231
EDVE,EDDS,1,1.6850436946939347
EDHI,EDDM,1,1.681197988548967
EDDF,EDVS,1,1.6764464994118997
EHAM,EDGM,1,1.6714093030834762
EHAM,EGBB,1,1.6557559636935282
EDDH,EDLE,1,1.65265305306012
EDDG,EDDF,2,1.6497543132219714
LSZH,EGNT,2,1.6491043231202986
EGNT,LSZH,2,1.6491043231202986
EDDP,EDLW,1,1.6483916366997495
EDDS,EDDN,2,1.629232272483642
EDDF,EDER,1,1.626224167267296
EGPF,EGCC,1,1.6240348151425665
EDDV,EDDG,2,1.6198177246902807
EHEH,EDDK,2,1.6189885485880324
EGGW,LFMN,2,1.6132123642777954
LIRP,LIRF,1,1.6050970037787864
EDJA,EDVK,1,1.5973338930055818
LIMC,LFMN,1,1.5903613299201926
EDDF,EDXI,1,1.5836418220979225
LEMD,LPFR,1,1.5832729533927137
LIRF,LICC,1,1.576650790638984
EHAM,EGHL,1,1.5695004163338873
VTBU,VTBS,1,1.5678559181961302
EDDW,EDDP,1,1.5652045186861077
EIDW,EDDR,2,1.5616323560973848
EDDB,EDDP,2,1.5610296281122427
LFMN,EGLF,2,1.5597853232106658
EGLF,LFMN,2,1.5597853232106658
LPPR,LPPT,1,1.554620020151449
ESGG,EGGW,2,1.5518726454130478
LDZA,LIML,1,1.549607785964733
EDDW,EDDV,3,1.5494708746723453
EDDK,EDLP,2,1.5475993814638016
EDDR,EPWA,2,1.5449510682263556
LFMN,LFLL,1,1.5297827222866258
LFQQ,EDDK,1,1.528652689894234
LSZH,ETOU,1,1.5262216488823543
EDDK,EDTL,1,1.5197395684250188
EDDK,EDVE,1,1.5192549566407878
EDVE,EDDK,1,1.5192549566407878
EDDG,EDML,1,1.506719415379172
EPKK,EDDB,1,1.503506795878857
EDDH,EDDV,2,1.5011308322017953
LOWS,EDDS,1,1.4972506097627678
EDDF,ETNL,1,1.4942821142619767
ETNL,EDDF,1,1.4942821142619767
LSZH,EDFZ,1,1.4925317040674058
EDDV,EDFZ,1,1.4920714309234944
EGGW,LFMU,2,1.491001323452054
EDDL,EDMO,4,1.4871566717395819
EDMO,EDDL,4,1.4871566717395819
LEBL,LEIB,1,1.4819667778182843
LSZH,LIPX,1,1.478813213874228
EDDF,LFLP,1,1.472965399217926
EDDM,EDLM,1,1.472851690321496
EDDF,EDVE,1,1.46493700556603
EDDM,EDCE,1,1.459368937478106
LEPA,LEIB,7,1.4592748575619103
LFMN,EDDC,2,1.4556045097776218
EDSB,EDDS,3,1.4412572624223983
EDDV,ETOU,1,1.4392686469643552
EDDM,ETHB,1,1.438590103717331
LKSN,EDDM,1,1.4370239374802483
EDDW,EDDK,1,1.436992504366586
EBLG,EDDK,2,1.4352214388619748
EDDR,EDDL,8,1.4304266999085573
EDDL,EDDR,8,1.4304266999085573
LPFR,LPPT,1,1.4276536924637941
LFMN,EHRD,2,1.427109466311235
EDDV,EDLP,2,1.4263055127047524
EDDV,EDVK,2,1.4217820198568647
EDDH,EKCH,1,1.4205616364352471
EDDF,ETSI,1,1.4192970435003847
LIMC,EGLF,2,1.4156030968099886
LEMD,LEIB,4,1.4150356461130171
EDVE,EDDV,4,1.414455359345555
EFTU,ESSA,1,1.4075188217990404
EDLP,EDDP,1,1.391565452813771
LFMU,EDDL,2,1.3902967248207083
EDDK,EGSH,1,1.3841690044351125
EGLL,EIDW,1,1.3815634141000885
EYVI,LZIB,2,1.3723985622786812
LZIB,EYVI,2,1.3723985622786812
EDDP,EDLP,1,1.371843457047221
LIPE,LFDT,2,1.3715673691233965
EDDM,EDSL,1,1.3479603695093798
EDDM,EDLP,1,1.3338369720112584
EDDE,EDDF,1,1.3332401880128533
EDDL,EDDW,1,1.3248676882130797
LKPR,EDML,1,1.3179133914220649
EDDN,LKPR,1,1.3120915896261875
EPWR,EPKK,1,1.3032656997297087
EDHL,EGCC,2,1.2991154344545772
ELLX,EDLW,1,1.2968587479477258
EDDF,EDFU,2,1.2967972065092233
EDDP,EDDC,2,1.2924222498695257
WMKJ,WSAP,1,1.2916016816270284
EDDF,ETOU,1,1.2916016816270284
LEAL,LEBL,1,1.2872499033819182
EPKK,EPWA,1,1.2817997980449567
EDDN,EDDP,1,1.2814770599995744
EFHK,ESSA,1,1.2741131367975869
EPWA,EETN,2,1.2728477046107811
EPGD,EPPO,1,1.265505454610237
EDDB,EDHG,1,1.2653035498090417
EDFH,EDDM,1,1.2622066411975241
LEMH,LEPA,2,1.258792242457808
EDDK,EHRD,1,1.2473856451444205
EKCH,EKBI,1,1.2382845001720781
EKBI,EKCH,1,1.2382845001720781
ENVA,ENGM,1,1.2357921798381015
EDDL,LFBH,2,1.2333665604833128
LIMC,LIPE,1,1.230398306231244
OTHH,OMDB,1,1.226787555235887
LHBP,LSZH,2,1.2178109657206477
LOWW,LHBP,1,1.213778913758189
LIMB,EDDM,1,1.2129589939627814
EDDF,LKRK,1,1.2107122375309898
EDVE,EDDL,1,1.2092863200350437
EIDW,EICK,1,1.206981568269257
LIPZ,LJLJ,1,1.2027302456461488
EHAM,EGSS,1,1.201099249586646
EHAM,EGMT,1,1.2000658550102647
LTAI,LTFE,1,1.197068850654112
EDDH,EDDG,1,1.1912351305022604
KPVD,KBOS,1,1.1711988536418803
EIDW,LFRS,2,1.1706848635740685
EDDL,ETOU,1,1.1680987576364625
LIRF,LIRN,1,1.153762648964794
EGHI,LSGG,2,1.148953074676396
LSGG,EGHI,2,1.148953074676396
ESGG,ESSH,1,1.142715606265969
EDDF,EDFG,4,1.1412271838517234
EDDF,EDFZ,1,1.1323233996058018
VMMC,VHHH,1,1.1323233996058018
EDDM,EDFE,1,1.1206297429743595
ESOE,ESGI,1,1.1180252754553957
LIBD,LIRN,1,1.1179812881058924
EDDC,ESGG,2,1.1107205406962941
EDDM,LIRA,2,1.1104819607704968
LIRA,EDDM,2,1.1104819607704968
EDDV,EDDE,1,1.1095374099206237
EDDL,EDHI,1,1.1088383359592202
EDDN,ETOU,1,1.1082835323294062
LCLK,LLSD,1,1.1080875520077786
EDDL,ELLX,1,1.104913379761903
EDDM,EDDR,4,1.1002046191231056
EDDR,EDDM,4,1.1002046191231056
EDDH,EGGW,2,1.0967770142056097
EDDS,EDFZ,1,1.0965875568635004
LEIB,LFMN,2,1.0955406558286354
LICZ,LICA,1,1.0941860376032955
ELLX,EGCC,2,1.0904769007386612
LEST,LPPR,1,1.085503392268667
EDDF,LSPV,1,1.076204302892186
LOWW,EDDR,2,1.068539102704208
LFPB,LIMJ,2,1.0678870416614072
EDSB,EDDK,1,1.0666621203928426
EDDF,EDLW,1,1.0387596363702984
LIRF,LIAU,1,1.0362079588340212
LEAL,LEIB,1,1.0334018318251246
LFBT,LECO,2,1.031815238264926
EDDW,EHHV,1,1.031383204533576
EGKK,EGSS,2,1.0275909077951757
LIRP,EDDR,2,1.0133656925818029
LEJR,LPFR,1,1.003938128600536
EHRD,EDDM,2,1.0013153734998932
LEZL,LEIB,2,0.9991173874359208
LEMG,LEZL,1,0.990809961177848
EDDF,EDTH,1,0.9856508141875024
EDDK,EHGG,1,0.9850489821157151
EHGG,EDDK,1,0.9850489821157151
EDDS,EDFG,1,0.9771544380219961
EDDS,LOWS,1,0.9676531687071456
EGHI,EDDR,2,0.9656067871369494
EKCH,EHAM,2,0.9637224961395979
EDLW,EDDF,1,0.9617286570108627
EDQH,EDDF,1,0.9513478160633825
LEIB,LFTH,2,0.9435455467631528
LFTH,LEIB,2,0.9435455467631528
EDLW,EDDK,2,0.9307956450775543
EDDK,EDLW,2,0.9307956450775543
LPPS,LPMA,3,0.9273868813778804
EDDR,EGGW,2,0.9247249872816529
EETN,EFHK,2,0.9234730668360421
LEPA,LIEO,2,0.9109816082510338
EGNX,EGLL,1,0.9073960121773248
LOWK,EDDM,1,0.8992659571368706
LGAV,LGZA,1,0.8966701847389402
LEPA,LFKF,2,0.8885155997126065
EIDW,EGCC,1,0.8857708429812355
LSZH,LIRS,2,0.8605075986535902
LSZH,EDDS,1,0.8516880794999486
EDDM,LSZK,1,0.8474617485528638
LIMJ,EDDR,2,0.8427268323847376
EDDF,EDKL,1,0.8424794323129469
EDDR,LFRK,2,0.8424215723175469
EDDG,EDDV,1,0.8411407027223043
EDDH,EDHO,3,0.8362317562307882
EGLF,EHGG,2,0.8302790633155456
EHRD,EGFF,2,0.8288807588508049
EGFF,EHRD,2,0.8288807588508049
EDDL,EDVK,1,0.8257371613038075
EDVK,EDDL,1,0.8257371613038075
EYVI,EETN,2,0.8188656084582768
EDFE,EDDS,1,0.8104332653326299
EGLF,EDDL,2,0.8058746309927439
EDDL,EDLE,3,0.8053710171358923
EGMC,EDDR,2,0.8052257189630084
LGAV,LGMK,1,0.7916513813531685
EDDL,EDLP,1,0.7870258327550895
KFRG,KJFK,1,0.7793372648689867
EGBB,EGLL,1,0.773728124760447
EDDS,EDFC,1,0.7709846309437359
EDDM,EDPU,1,0.7570011322802187
EDDV,EDVE,2,0.7491983600280123
LSZH,LFPB,2,0.7432660983126766
KJFK,KEWR,1,0.7432597016049677
EDDP,EDDV,1,0.741293897996189
EDDV,EDHE,1,0.735845063708287
LIEA,LIEO,1,0.7316227982053265
EHAM,EDLM,1,0.7314056226957245
LEPA,LEBL,1,0.7230136892084013
EDDK,EBLG,1,0.7176107194309874
LFRK,EHRD,2,0.7147543168205613
EDLP,EDDV,1,0.7131527563523762
EDVK,EDDV,1,0.7108910099284323
EINN,EIDW,1,0.708628768950071
LIPO,LIMC,1,0.7078445149117878
LEIB,LEMD,2,0.7075178230565086
ESUK,EFKT,1,0.7047717727427107
EDDF,EDRT,1,0.7045784674552791
LEZL,LPFR,1,0.6934876105894102
EDDE,EDVE,1,0.6922934679364077
EHAM,EDLN,1,0.6876726478048832
LICC,LMML,1,0.6862602430286907
EDDR,LSZH,4,0.6843682298764273
LIPL,LIMC,1,0.6810897640462779
EDDF,EDFC,1,0.6798328305555879
LSZH,LFMN,2,0.6781743445883534
KEWR,KJFK,1,0.6769958258377479
KSFB,KORL,1,0.6769958258377479
EGGW,EIDW,2,0.6719285770651207
EBLG,EGGW,2,0.6620997854283278
EDDW,EDHF,1,0.6569948611375164
EETU,EYVI,2,0.648947282992769
EBBR,EHAM,1,0.6415446488694723
EDTL,EDDS,1,0.6400580166028064
LIPX,LIPZ,1,0.6393373308818098
EKBI,EKYT,1,0.6320083088064568
EDDL,EHLE,1,0.62837564186326
EDDK,ELLX,1,0.6279923971493807
EDDL,LFPB,2,0.6221819606528508
LZIB,LHBP,1,0.6194695186957587
LFML,LFMN,1,0.598690435766918
LPFR,LEJR,1,0.59511914721848
EHAM,EDDR,2,0.5932164848596342
EDDR,EHAM,2,0.5932164848596342
LIPX,LSGG,2,0.5930954082101099
EPRZ,EPKK,1,0.5886675082122887
LGKO,LGSM,1,0.5884458628770741
LGSM,LGKO,1,0.5884458628770741
EHEH,EDDL,1,0.5787129218741095
LIMF,LIMC,1,0.5673517398399553
EDDM,EDDN,1,0.5614549978545681
EFHK,EETN,1,0.5585896879049844
LIPQ,LIPV,1,0.5563438112201475
EDDM,LSZB,2,0.5550188642998061
LSZB,EDDM,2,0.5550188642998061
EHBK,EDDL,1,0.5545040599306362
EHBK,EDDK,1,0.5449740761377742
LERS,LEBL,1,0.5390665082676511
LFPB,EGLF,2,0.5334985533698693
EDDV,EDDW,1,0.5319198124839222
LFPB,EDDR,2,0.5301753592129055
EDFH,EDDL,1,0.5262566326767368
EDDW,EDHI,1,0.4992546199911326
EDDS,EDSB,1,0.4964745253937627
LIPE,LIMP,1,0.4961750285833253
EDDL,EHBK,1,0.49382705724383724
LSZB,LIPX,2,0.48303490004535266
EDDG,EDLW,1,0.4698601099656822
ETNG,EDDK,1,0.4677212982735589
EDDK,ETNG,1,0.4677212982735589
EPKT,EPKK,1,0.4608900789720793
EDDF,EDMO,2,0.4582631478313128
EDMO,EDDF,2,0.4582631478313128
LSGG,LIME,2,0.44383531791890657
EHBK,EBBR,1,0.43007055102342223
LEPA,LEVC,2,0.4263454837361896
LEVC,LEPA,2,0.4263454837361896
EBBR,LFPB,2,0.403021958370247
LKPR,EDDB,2,0.39904884933429574
LEVX,LPPR,1,0.39574728355828925
EDDL,ETNG,1,0.3742658979188252
GCRR,GCFV,1,0.3720550610699949
EETN,EFTP,2,0.3589206583084444
EDVK,EDLP,1,0.3569573532208683
EDDB,EDON,1,0.3433153480522618
EDON,EDDB,1,0.3433153480522618
EDFG,EDDF,1,0.3341366713572613
EGCC,EGGW,2,0.32390908904666704
LEGE,LEBL,1,0.32384109795059024
EYKA,EYVI,1,0.3207158274407988
LIMC,LIML,1,0.291142464730475
EDDL,EDLM,1,0.28499904485401284
EDDH,EDHW,1,0.27874391874359605
LIML,LIMC,1,0.27609264061473576
EDDM,ETSI,1,0.26331354919614813
ETSI,EDDM,1,0.26331354919614813
EDDK,EDKZ,1,0.26331354919614813
EGGW,EGTR,1,0.26011998882379733
EDDF,EDDR,2,0.21363329781124807
EDDR,EDDF,2,0.21363329781124807
EGGW,EGHI,2,0.19212456318969776
EGLC,EGWU,1,0.17479888015885683
EDHI,EDDH,1,0.1589895331815271
EDDL,EDLN,1,0.1589895331815271
LSZH,LSZB,2,0.15489852156908165
KBOS,KBOS,1,0.0
KCHS,KCHS,4,0.0
KBFI,KBFI,2,0.0
EFHK,EFHK,2,0.0
EDDM,EDDM,466,0.0
LGAV,LGAV,2,0.0
LSZH,LSZH,12,0.0
EDDW,EDDW,13,0.0
EDDN,EDDN,3,0.0
LEMG,LEMG,2,0.0
EDDL,EDDL,368,0.0
LFMP,LFMP,2,0.0
VHHH,VHHH,2,0.0
LFMN,LFMN,1,0.0
ESSA,ESSA,1,0.0
KLAX,KLAX,1,0.0
LBSF,LBSF,6,0.0
KRSW,KRSW,1,0.0
LFBD,LFBD,3,0.0
FACT,FACT,1,0.0
LPPT,LPPT,1,0.0
EDDS,EDDS,228,0.0
EYVI,EYVI,4,0.0
KMCO,KMCO,1,0.0
EDDK,EDDK,77,0.0
LPMA,LPMA,1,0.0
EDDF,EDDF,1539,0.0
ETNG,ETNG,7,0.0
ETNL,ETNL,10,0.0
ETSI,ETSI,2,0.0
EYKA,EYKA,12,0.0
EDDG,EDDG,1,0.0
ENGM,ENGM,1,0.0
EGLL,EGLL,3,0.0
EGNX,EGNX,0,0.0
LHBP,LHBP,24,0.0
EPKK,EPKK,1,0.0
KPAE,KPAE,40,0.0
LPFR,LPFR,1,0.0
EDDH,EDDH,148,0.0
EDVK,EDVK,31,0.0
LIMC,LIMC,1,0.0
EGPH,EGPH,1,0.0
EIDW,EIDW,1,0.0
EDDP,EDDP,99,0.0
EDDC,EDDC,3,0.0
EDKB,EDKB,1,0.0
LJMB,LJMB,12,0.0
EHAM,EHAM,14,0.0
LMML,LMML,6,0.0
ELLX,ELLX,1,0.0
LKPR,LKPR,1,0.0
LKMT,LKMT,2,0.0
LEBL,LEBL,2,0.0
RJTT,RJTT,1,0.0
LEPA,LEPA,3,0.0
EDFH,EDFH,11,0.0
EDDV,EDDV,139,0.0
EDDB,EDDB,121,0.0
LEMD,LEMD,5,0.0
VIDP,VIDP,1,0.0
CYYZ,CYYZ,36,0.0
EBBR,EBBR,9,0.0
