icao24,registration,operator_name,aircraft_type,openap_type,year,number_of_trips,total_distance_km,total_fuel_kg,total_energy_mwh,total_co2_kg,total_nox_kg,average_flight_distance_km,average_fuel_kg_per_flight,fuel_kg_per_km,energy_mwh_per_km,co2_kg_per_km,typecode,segment,annual_flights_base,annual_distance_km_base,mean_stage_length_km_base,baseline_energy_demand,fuel_burn_per_year_base,activity_assignment_method,domestic_activity_share_base,main_hub_base,international_activity_share_base,airport_allocation_group
3c01c3,D-APRI,German Airways,E190,E190,2025,372,196244.61359443289,731647.7046044992,8739.12536055374,2312006.7465502173,0.0,527.5392838560024,1966.794904850804,3.728243497763216,0.0445317973343939,11.78124945293176,E190,short,372,196244.61359443289,527.5392838560024,8739125.36055374,731647.7046044992,openap_type,0.21235752849430115,EDDF,0.7876424715056989,EDDF
3c01c3,D-APRI,German Airways,E190,E190,2026,1290,561195.1144276287,2109329.517279778,25194.769234175128,6665481.274604099,0.0,435.0349724245184,1635.1391606819986,3.758638418353152,0.0448948477747737,11.87729740199596,E190,short,1290,561195.1144276287,435.0349724245184,25194769.234175127,2109329.517279778,openap_type,0.21235752849430115,EDDF,0.7876424715056989,EDDF
3c088d,D-ASGE,Condor,A320,A320,2025,188,82099.59716757345,406245.9906604421,4852.382666221946,1283737.3304869968,0.0,436.6999849339013,2160.8829290449044,4.948209305232687,0.0591036111458348,15.636341404535289,A320,short,188,82099.59716757345,436.6999849339013,4852382.6662219465,406245.9906604421,openap_type,0.3954183266932271,EDDF,0.6045816733067729,EDDF
3c088d,D-ASGE,Condor,A320,A320,2026,813,485412.4027955732,2204558.3669297355,26332.2249383274,6966404.439497964,0.0,597.0632260708157,2711.6339076626514,4.541619361667123,0.0542471201532461,14.35151718286811,A320,short,813,485412.4027955732,597.0632260708157,26332224.938327394,2204558.3669297355,openap_type,0.3954183266932271,EDDF,0.6045816733067729,EDDF
3c0893,D-ASGK,Sundair,A320,A320,2025,30,57004.06202893313,210066.74693407147,2509.130588379187,663810.9203116659,0.0,1900.1354009644376,7002.224897802383,3.685118910077837,0.0440166980925963,11.644975755845966,A320,medium,30,57004.06202893313,1900.1354009644376,2509130.588379187,210066.74693407147,openap_type,0.19014084507042253,EDDW,0.8098591549295775,EDDW
3c0893,D-ASGK,Sundair,A320,A320,2026,94,149257.3730040754,563775.8445900708,6733.989254825845,1781531.6689046237,0.0,1587.844393660377,5997.615367979476,3.7772059982234656,0.0451166272010025,11.935970954386152,A320,medium,94,149257.3730040754,1587.844393660377,6733989.254825845,563775.8445900708,openap_type,0.19014084507042253,EDDW,0.8098591549295775,EDDW
3c0936,D-ASMR,Sundair,A320,A320,2025,84,132621.91887752106,499707.3999373505,5968.727277029464,1579075.3838020274,0.0,1578.8323675895365,5948.897618301791,3.767909589657197,0.0450055867653498,11.906594303316744,A320,medium,84,132621.91887752106,1578.8323675895365,5968727.277029464,499707.3999373505,openap_type,0.22012578616352202,EDDB,0.779874213836478,EDDB
3c0936,D-ASMR,Sundair,A320,A320,2026,58,107845.38052631578,395963.98266115,4729.569792897069,1251246.185209234,0.0,1859.403112522686,6826.96521829569,3.671589647407561,0.0438550985662569,11.602223285807892,A320,medium,58,107845.38052631578,1859.403112522686,4729569.79289707,395963.98266115,openap_type,0.22012578616352202,EDDB,0.779874213836478,EDDB
3c09f2,D-ASTX,Lufthansa CityLine,A319,A319,2025,683,420868.39058143104,1790958.1273155748,21391.999854047142,5659427.682317217,0.0,616.2055498996062,2622.193451413726,4.255387592404743,0.0508282406870566,13.447024791998988,A319,short,683,420868.39058143104,616.2055498996062,21391999.854047146,1790958.1273155748,openap_type,0.7088319088319088,EDDM,0.29116809116809117,EDDM
3c09f2,D-ASTX,Lufthansa CityLine,A319,A319,2026,1070,688668.1322916399,2906602.7916815686,34717.75556730762,9184864.821713757,0.0,643.6150769080747,2716.451207179036,4.220614626103635,0.0504128969229045,13.337142218487488,A319,short,1070,688668.1322916399,643.6150769080747,34717755.56730762,2906602.7916815686,openap_type,0.7088319088319088,EDDM,0.29116809116809117,EDDM
3c0ac5,D-ATCA,Condor,A321,A321,2025,139,186890.52675182957,840058.6673786041,10034.034082577771,2654585.388916389,0.0,1344.536163682227,6043.587535097871,4.494923750170127,0.0536893670159209,14.203959050537602,A321,short,139,186890.52675182957,1344.536163682227,10034034.08257777,840058.6673786041,openap_type,0.1253968253968254,EDDF,0.8746031746031746,EDDF
3c0ac5,D-ATCA,Condor,A321,A321,2026,485,606572.7080627363,2761584.3202046603,32985.590491333445,8726606.451846726,0.0,1250.665377448941,5693.9882890817735,4.552767184373611,0.0543802747022403,14.38674430262061,A321,short,485,606572.7080627363,1250.665377448941,32985590.491333444,2761584.3202046603,openap_type,0.1253968253968254,EDDF,0.8746031746031746,EDDF
3c0ac6,D-ATCB,Condor,A321,A321,2025,258,272508.6805105015,1273576.6527302328,15212.16557427778,4024502.222627536,0.0,1056.2351957771375,4936.343615233461,4.673526914241375,0.0558226825867719,14.768345049002749,A321,short,258,272508.6805105015,1056.2351957771375,15212165.57427778,1273576.6527302328,openap_type,0.12912087912087913,EDDF,0.8708791208791209,EDDF
3c0ac6,D-ATCB,Condor,A321,A321,2026,464,457899.0098592867,2169424.7232965035,25912.57308381935,6855382.125616951,0.0,986.851314351911,4675.484317449361,4.737779895971324,0.0565901487574352,14.971384471269385,A321,short,464,457899.0098592867,986.851314351911,25912573.08381935,2169424.7232965035,openap_type,0.12912087912087913,EDDF,0.8708791208791209,EDDF
3c0ac7,D-ATCC,Condor,A321,A321,2025,178,168627.38947230953,797161.2423990013,9521.64817309918,2519029.525980844,0.0,947.3448846758962,4478.433946061805,4.727353278097826,0.0564656085995017,14.938436358789128,A321,short,178,168627.38947230953,947.3448846758962,9521648.17309918,797161.2423990013,openap_type,0.2551834130781499,EDDF,0.7448165869218502,EDDF
3c0ac7,D-ATCC,Condor,A321,A321,2026,446,436778.10873032094,2069305.4737592523,24716.70426990218,6539005.297079237,0.0,979.3231137451144,4639.698371657517,4.737658395413996,0.0565886975007782,14.971000529508228,A321,short,446,436778.10873032094,979.3231137451144,24716704.26990218,2069305.4737592523,openap_type,0.2551834130781499,EDDF,0.7448165869218502,EDDF
3c0aca,D-ATCF,Condor,A321,A321,2025,100,87061.82733978053,423702.95602146746,5060.896419145306,1338901.3410278372,0.0,870.6182733978053,4237.029560214674,4.866690362101646,0.0581299126584363,15.3787415442412,A321,short,100,87061.82733978053,870.6182733978053,5060896.419145306,423702.95602146746,openap_type,0.17918088737201365,EDDF,0.8208191126279863,EDDF
3c0aca,D-ATCF,Condor,A321,A321,2026,481,494148.3054187999,2335768.968395444,27899.462678056687,7381029.940129602,0.0,1027.3353543010392,4856.068541362669,4.726858197795166,0.0564596951403311,14.936871905032726,A321,short,481,494148.3054187999,1027.3353543010392,27899462.678056687,2335768.968395444,openap_type,0.17918088737201365,EDDF,0.8208191126279863,EDDF
3c0acb,D-ATCG,Condor,A321,A321,2025,143,135108.70735125293,640058.6818901383,7645.145367021097,2022585.4347728367,0.0,944.816135323447,4475.934838392575,4.737360710780294,0.056585141823209,14.97005984606573,A321,short,143,135108.70735125293,944.816135323447,7645145.367021097,640058.6818901383,openap_type,0.19543973941368079,EDDF,0.8045602605863192,EDDF
3c0acb,D-ATCG,Condor,A321,A321,2026,457,463091.7380736322,2199338.1864087773,26269.87278210484,6949908.669051737,0.0,1013.3298426118868,4812.556206583758,4.749249458773716,0.0567271463131304,15.007628289724943,A321,short,457,463091.7380736322,1013.3298426118868,26269872.78210484,2199338.1864087773,openap_type,0.19543973941368079,EDDF,0.8045602605863192,EDDF
3c0acc,D-ATCH,Condor,A320,A320,2025,352,239220.15067300104,1045724.1859994704,12490.594443882565,3304488.4277583263,0.0,679.6027007755712,2970.8073465894045,4.371388376177849,0.0522138056043465,13.813587268722,A320,short,352,239220.15067300104,679.6027007755712,12490594.443882562,1045724.1859994704,openap_type,0.3481132075471698,EDDF,0.6518867924528302,EDDF
3c0acc,D-ATCH,Condor,A320,A320,2026,706,423220.0433225989,1918632.5052773363,22916.99936859041,6062878.716676383,0.0,599.4618177373923,2717.6097808460854,4.533415974854625,0.054149135255208,14.325594480540616,A320,short,706,423220.0433225989,599.4618177373923,22916999.368590407,1918632.5052773363,openap_type,0.3481132075471698,EDDF,0.6518867924528302,EDDF
3c0c99,D-ATUA,TUIfly,B738,B738,2025,142,276429.2758184965,1002448.2813219368,11973.687804678688,3167736.56897732,0.0,1946.6850409753276,7059.494938886878,3.626418650317431,0.0433155561010137,11.45948293500308,B738,medium,142,276429.2758184965,1946.6850409753276,11973687.804678688,1002448.2813219368,openap_type,0.08705882352941176,EDDV,0.9129411764705883,EDDV
3c0c99,D-ATUA,TUIfly,B738,B738,2026,266,488379.01256441406,1783363.3605008803,21301.28458376052,5635428.219182783,0.0,1836.011325430128,6704.373535717596,3.6515970478270017,0.0436162980712669,11.539046671133326,B738,medium,266,488379.01256441406,1836.011325430128,21301284.58376052,1783363.3605008803,openap_type,0.08705882352941176,EDDV,0.9129411764705883,EDDV
3c0c9e,D-ATUF,TUIfly,B738,B738,2025,161,292492.9157937359,1067305.8809256996,12748.375799945856,3372686.5837252107,0.0,1816.72618505426,6629.2290740726685,3.6489973715409807,0.043585246382295,11.530831694069498,B738,medium,161,292492.9157937359,1816.72618505426,12748375.799945856,1067305.8809256996,openap_type,0.08712871287128712,EDDL,0.9128712871287129,EDDL
3c0c9e,D-ATUF,TUIfly,B738,B738,2026,329,618883.9543598995,2253354.3705435675,26915.06609260372,7120599.810917674,0.0,1881.1062442550135,6849.101430223609,3.640996595030762,0.0434896815517563,11.505549240297208,B738,medium,329,618883.9543598995,1881.1062442550135,26915066.09260372,2253354.3705435675,openap_type,0.08712871287128712,EDDL,0.9128712871287129,EDDL
3c0ca3,D-ATUK,TUIfly,B738,B738,2025,135,245613.9892632126,900953.327086947,10761.386962427425,2847012.5135947526,0.0,1819.3628834312044,6673.7283487922,3.668167801799917,0.043814226521499,11.59141025368774,B738,medium,135,245613.9892632126,1819.3628834312044,10761386.962427422,900953.327086947,openap_type,0.09523809523809523,EDDS,0.9047619047619048,EDDS
3c0ca3,D-ATUK,TUIfly,B738,B738,2026,278,516770.0837872285,1882676.036835424,22487.519328867565,5949256.27639994,0.0,1858.885193479239,6772.215959839655,3.643159880769308,0.0435155207980778,11.51238522323101,B738,medium,278,516770.0837872285,1858.885193479239,22487519.32886757,1882676.036835424,openap_type,0.09523809523809523,EDDS,0.9047619047619048,EDDS
3c0ca6,D-ATUN,TUIfly,B738,B738,2025,149,282549.07835148607,1026713.20358654,12263.518820617004,3244413.7233334663,0.0,1896.3025392717184,6890.6926415204025,3.6337517346608608,0.0434031457195602,11.48265548152832,B738,medium,149,282549.07835148607,1896.3025392717184,12263518.820617003,1026713.20358654,openap_type,0.13681592039800994,EDDS,0.8631840796019901,EDDS
3c0ca6,D-ATUN,TUIfly,B738,B738,2026,219,395541.1582686246,1447741.7169696968,17292.470508249156,4574863.825624242,0.0,1806.124010359017,6610.692771551127,3.6601544155526016,0.043718511074656,11.566087953146225,B738,medium,219,395541.1582686246,1806.124010359017,17292470.508249156,1447741.7169696968,openap_type,0.13681592039800994,EDDS,0.8631840796019901,EDDS
3c0ca7,D-ATUO,TUIfly,B738,B738,2025,138,279939.60003240354,1009836.1984269032,12061.932370099124,3191082.3870290145,0.0,2028.547826321765,7317.653611789155,3.6073360050168426,0.0430876245043678,11.399181775853222,B738,medium,138,279939.60003240354,2028.547826321765,12061932.370099124,1009836.1984269032,openap_type,0.1206896551724138,EDDV,0.8793103448275862,EDDV
3c0ca7,D-ATUO,TUIfly,B738,B738,2026,289,531462.7102011981,1940669.9708036613,23180.224651265955,6132517.10773957,0.0,1838.97131557508,6715.121006241043,3.651563757067685,0.0436159004316418,11.538941472333883,B738,medium,289,531462.7102011981,1838.97131557508,23180224.65126596,1940669.9708036613,openap_type,0.1206896551724138,EDDV,0.8793103448275862,EDDV
3c0caa,D-ATUR,TUIfly,B738,B738,2025,136,272773.6175962004,986339.0910557758,11781.272476499544,3116831.527736252,0.0,2005.688364677944,7252.493316586587,3.61596220245867,0.0431906596404785,11.426440559769398,B738,medium,136,272773.6175962004,2005.688364677944,11781272.476499544,986339.0910557758,openap_type,0.12470588235294118,EDDM,0.8752941176470588,EDDM
3c0caa,D-ATUR,TUIfly,B738,B738,2026,254,476608.06320422207,1734628.795852092,20719.177283788875,5481426.99489261,0.0,1876.4096976544176,6829.247227764141,3.639528849323768,0.0434721501447005,11.500911163863108,B738,medium,254,476608.06320422207,1876.4096976544176,20719177.283788875,1734628.795852092,openap_type,0.12470588235294118,EDDM,0.8752941176470588,EDDM
3c0cb2,D-ATUZ,TUIfly,B738,B738,2025,185,340092.90592974937,1241544.190717264,14829.555611345098,3923279.6426665545,0.0,1838.3400320526996,6711.049679552779,3.6506030236741287,0.0436044250049965,11.535905554810247,B738,medium,185,340092.90592974937,1838.3400320526996,14829555.6113451,1241544.190717264,openap_type,0.10412573673870335,EDDV,0.8958742632612966,EDDV
3c0cb2,D-ATUZ,TUIfly,B738,B738,2026,293,559699.6362911504,2033151.1471435872,24284.86092421507,6424757.624973736,0.0,1910.2376665226973,6939.082413459342,3.632575430308055,0.0433890954175684,11.478938359773451,B738,medium,293,559699.6362911504,1910.2376665226973,24284860.92421507,2033151.1471435872,openap_type,0.10412573673870335,EDDV,0.8958742632612966,EDDV
3c0d0c,D-ATYL,TUIfly,B738,B738,2025,152,284746.10370517883,1037966.404206354,12397.932050242562,3279973.837292079,0.0,1873.3296296393344,6828.726343462856,3.6452347923294015,0.0435403044639345,11.518941943760913,B738,medium,152,284746.10370517883,1873.3296296393344,12397932.050242562,1037966.404206354,openap_type,0.09205020920502092,EDDV,0.9079497907949791,EDDV
3c0d0c,D-ATYL,TUIfly,B738,B738,2026,298,554417.3945672748,2025060.480230013,24188.22240274738,6399191.117526841,0.0,1860.461055594882,6795.504967214809,3.65259189208986,0.0436281809332955,11.54219037900396,B738,medium,298,554417.3945672748,1860.461055594882,24188222.402747378,2025060.480230013,openap_type,0.09205020920502092,EDDV,0.9079497907949791,EDDV
3c0f0b,D-AUSC,Universal Sky Carrier,A343,A343,2025,34,68568.00661308625,705683.3667545835,8428.995769568637,2229959.4389444846,0.0,2016.7060768554784,20755.393139840693,10.291729359095928,0.1229289895669791,32.52186477474314,A343,medium,34,68568.00661308625,2016.7060768554784,8428995.769568637,705683.3667545835,openap_type,0.05263157894736842,EDFH,0.9473684210526316,EDFH
3c0f0b,D-AUSC,Universal Sky Carrier,A343,A343,2026,36,92664.76168084968,903572.3509210128,10792.669747112095,2855288.628910401,0.0,2574.02115780138,25099.231970028133,9.75098122016481,0.1164700534630796,30.8131006557208,A343,medium,36,92664.76168084968,2574.02115780138,10792669.747112095,903572.3509210128,openap_type,0.05263157894736842,EDFH,0.9473684210526316,EDFH
3c0f22,D-AUSZ,Universal Sky Carrier,A346,A343,2025,2,634.8949185603818,10158.912860869068,121.34257028260276,32102.16464034625,0.0,317.4474592801909,5079.456430434534,16.000935846051984,0.1911222892722875,50.56295727352427,A346,short,2,634.8949185603818,317.4474592801909,121342.57028260276,10158.912860869068,openap_type,0.0,EHAM,1.0,EHAM
3c0f22,D-AUSZ,Universal Sky Carrier,A346,A343,2026,4,1836.434170694777,26471.663690910267,316.18931630809493,83650.45726327643,0.0,459.1085426736944,6617.915922727567,14.414708740088,0.1721756877288289,45.55047961867808,A346,short,4,1836.434170694777,459.1085426736944,316189.31630809495,26471.663690910267,openap_type,0.0,EHAM,1.0,EHAM
3c1459,D-AWSI,German Airways,E190,E190,2025,779,371076.9946989773,1389101.0646814515,16592.040494806228,4389559.364393387,0.0,476.3504424890594,1783.184935406228,3.743430836525744,0.0447132016585019,11.82924144342135,E190,short,779,371076.9946989773,476.3504424890594,16592040.494806228,1389101.0646814515,openap_type,0.005611672278338945,EHAM,0.9943883277216611,EHAM
3c1459,D-AWSI,German Airways,E190,E190,2026,992,534971.5230983316,1992567.9749526745,23800.11747860139,6296514.800850452,0.0,539.2858095749311,2008.6370715248731,3.724624375167772,0.044488568925615,11.76981302553016,E190,short,992,534971.5230983316,539.2858095749311,23800117.478601392,1992567.9749526745,openap_type,0.005611672278338945,EHAM,0.9943883277216611,EHAM
3c15be,D-AXGB,Eurowings Discover,A332,A332,2025,72,522636.2734857653,3601234.009700119,43014.739560306974,11379899.470652375,0.0,7258.837131746741,50017.13902361276,6.890516775043941,0.0823033948130248,21.774033009138854,A332,long,72,522636.2734857653,7258.837131746741,43014739.560306974,3601234.009700119,openap_type,0.05485232067510549,EDDF,0.9451476793248945,EDDF
3c15be,D-AXGB,Eurowings Discover,A332,A332,2026,152,1075776.5262826693,7429595.428604276,88742.38984166218,23477521.554389518,0.0,7077.477146596509,48878.91729344919,6.9062628223327565,0.0824914726000857,21.82379051857151,A332,long,152,1075776.5262826693,7077.477146596509,88742389.84166218,7429595.428604276,openap_type,0.05485232067510549,EDDF,0.9451476793248945,EDDF
3c15c1,D-AXGE,Eurowings Discover,A332,A332,2025,120,909378.6544758752,6235259.094523993,74476.70585125881,19703418.73869582,0.0,7578.155453965627,51960.49245436661,6.856614748800888,0.0818984539440106,21.666902606210805,A332,long,120,909378.6544758752,7578.155453965627,74476705.85125881,6235259.094523993,openap_type,0.029315960912052116,EDDF,0.9706840390879479,EDDF
3c15c1,D-AXGE,Eurowings Discover,A332,A332,2026,178,1298717.2751546395,8935829.380697612,106733.51760277702,28237220.84300445,0.0,7296.164467160896,50201.28865560456,6.880503980078046,0.0821837975398211,21.742392577046623,A332,long,178,1298717.2751546395,7296.164467160896,106733517.60277702,8935829.380697612,openap_type,0.029315960912052116,EDDF,0.9706840390879479,EDDF
3c1aeb,D-AZFA,German Airways,E190,E190,2025,304,159850.2160605065,595509.6212981268,7113.031587727625,1881810.4033020807,0.0,525.823079146403,1958.9132279543644,3.7254226861521063,0.0444981043068168,11.772335688240656,E190,short,304,159850.2160605065,525.823079146403,7113031.587727625,595509.6212981268,openap_type,0.0017045454545454545,EHAM,0.9982954545454545,EHAM
3c1aeb,D-AZFA,German Airways,E190,E190,2026,1452,777226.2736025667,2894907.228287614,34578.05856010206,9147906.84138886,0.0,535.2798027565887,1993.73776052866,3.724664652507514,0.0444890500160619,11.769940301923745,E190,short,1452,777226.2736025667,535.2798027565887,34578058.56010206,2894907.228287614,openap_type,0.0017045454545454545,EHAM,0.9982954545454545,EHAM
3c1bab,D-AZMK,DHL,A306,B763,2025,104,77961.50626249565,422671.4873709889,5048.576099153478,1335641.900092325,0.0,749.629867908612,4064.148917028739,5.4215408043536,0.0647572929408902,17.132068941757378,A306,short,104,77961.50626249565,749.629867908612,5048576.099153478,422671.4873709889,openap_type,0.07894736842105263,EDDP,0.9210526315789473,EDDP
3c1bab,D-AZMK,DHL,A306,B763,2026,10,11674.278657612756,61617.19662279721,735.9831818834111,194710.3413280392,0.0,1167.4278657612756,6161.719662279721,5.278030311758649,0.0630431398348949,16.678575785157335,A306,short,10,11674.278657612756,1167.4278657612756,735983.1818834111,61617.19662279721,openap_type,0.07894736842105263,EDDP,0.9210526315789473,EDDP
3c1bac,D-AZML,DHL,A306,B763,2025,200,221411.4372987013,1179008.805005924,14082.605170904091,3725667.82381872,0.0,1107.0571864935066,5895.044025029621,5.324967939281967,0.0636037837192012,16.826898688131017,A306,short,200,221411.4372987013,1107.0571864935066,14082605.170904092,1179008.805005924,openap_type,0.10151187904967603,EDDP,0.8984881209503239,EDDP
3c1bac,D-AZML,DHL,A306,B763,2026,263,228665.8089327816,1226564.1605070173,14650.627472722706,3875942.747202175,0.0,869.4517449915649,4663.742055159762,5.364003329713263,0.064070039771575,16.950250521893913,A306,short,263,228665.8089327816,869.4517449915649,14650627.472722707,1226564.1605070173,openap_type,0.10151187904967603,EDDP,0.8984881209503239,EDDP
3c1bad,D-AZMM,DHL,A306,B763,2025,188,148465.21424283815,803449.7658423106,9596.761092005378,2538901.2600617018,0.0,789.7085863980752,4273.6689672463335,5.411703811831251,0.0646397955302066,17.100984045386756,A306,short,188,148465.21424283815,789.7085863980752,9596761.092005378,803449.7658423106,openap_type,0.08919382504288165,EDDP,0.9108061749571184,EDDP
3c1bad,D-AZMM,DHL,A306,B763,2026,395,352971.67437830934,1898135.758300066,22672.177113028567,5998108.996228209,0.0,893.5991756412894,4805.406983038141,5.377586633950901,0.0642322847944135,16.993173763284847,A306,short,395,352971.67437830934,893.5991756412894,22672177.113028567,1898135.758300066,openap_type,0.08919382504288165,EDDP,0.9108061749571184,EDDP
3c1bae,D-AZMN,DHL,A306,B763,2025,211,162295.94526011546,878407.9875928854,10492.095407359464,2775769.240793518,0.0,769.1750960195045,4163.071031245902,5.412384062861463,0.0646479207508452,17.103133638642223,A306,short,211,162295.94526011546,769.1750960195045,10492095.407359464,878407.9875928854,openap_type,0.10234899328859061,EDDP,0.8976510067114094,EDDP
3c1bae,D-AZMN,DHL,A306,B763,2026,385,318087.14742797153,1714900.6177241963,20483.535156150127,5419085.952008462,0.0,826.2003829297962,4454.287318764147,5.391291762621509,0.0643959849424235,17.036481969883972,A306,short,385,318087.14742797153,826.2003829297962,20483535.156150125,1714900.6177241963,openap_type,0.10234899328859061,EDDP,0.8976510067114094,EDDP
3c1baf,D-AZMO,DHL,A306,B763,2025,129,121117.5080412022,649332.742093239,7755.918863891466,2051891.4650146356,0.0,938.89541117211,5033.587148009605,5.361179837619733,0.0640363147271245,16.941328286878356,A306,short,129,121117.5080412022,938.89541117211,7755918.863891466,649332.742093239,openap_type,0.17291666666666666,EDDP,0.8270833333333334,EDDP
3c1baf,D-AZMO,DHL,A306,B763,2026,348,273773.030885321,1477466.7102130111,17647.51903865541,4668794.804273116,0.0,786.7041117394281,4245.593994864975,5.396684638494935,0.0644603998486895,17.053523457643998,A306,short,348,273773.030885321,786.7041117394281,17647519.038655408,1477466.7102130111,openap_type,0.17291666666666666,EDDP,0.8270833333333334,EDDP
3c1bb0,D-AZMP,DHL,A306,B763,2025,223,192227.75109477455,1037223.4641300236,12389.058043775283,3277626.146650875,0.0,862.0078524429354,4651.226296547192,5.395805018905094,0.0644498932813664,17.050743859740095,A306,short,223,192227.75109477455,862.0078524429354,12389058.043775285,1037223.4641300236,openap_type,0.12298387096774194,EDDP,0.877016129032258,EDDP
3c1bb0,D-AZMP,DHL,A306,B763,2026,273,217380.44736432572,1173590.8211569255,14017.890363818831,3708546.994855885,0.0,796.2653749609002,4298.867476765295,5.398787404232397,0.0644855162172203,17.060168197374377,A306,short,273,217380.44736432572,796.2653749609002,14017890.363818834,1173590.8211569255,openap_type,0.12298387096774194,EDDP,0.877016129032258,EDDP
3c1bb1,D-AZMQ,DHL,A306,B763,2025,203,157952.18808372962,854494.9868861081,10206.467898917404,2700204.1585601014,0.0,778.0895964715745,4209.334910769006,5.409833173271045,0.0646174517918486,17.095072827536505,A306,short,203,157952.18808372962,778.0895964715745,10206467.898917403,854494.9868861081,openap_type,0.13765182186234817,EDDP,0.8623481781376519,EDDP
3c1bb1,D-AZMQ,DHL,A306,B763,2026,287,239978.56406002067,1293881.6791236568,15454.697833977012,4088666.106030756,0.0,833.2589029861829,4492.644719179364,5.391655226339491,0.0644003263146106,17.03763051523279,A306,short,287,239978.56406002067,833.2589029861829,15454697.833977012,1293881.6791236568,openap_type,0.13765182186234817,EDDP,0.8623481781376519,EDDP
3c4581,D-AALA,AeroLogic,B77L,B77W,2025,137,791996.3352393605,9960403.139601536,118971.4819452406,31474873.92114086,0.0,5780.995147732559,72703.67255183603,12.57632478386565,0.150217212696173,39.74118631701546,B77L,long,137,791996.3352393605,5780.995147732559,118971481.9452406,9960403.139601536,openap_type,0.03551912568306011,EDDP,0.9644808743169399,EDDP
3c4581,D-AALA,AeroLogic,B77L,B77W,2026,226,1338123.719661842,16691158.049794612,199366.61003921344,52744059.43735098,0.0,5920.901414432929,73854.68163625935,12.473553681577846,0.148989668974402,39.416429633786,B77L,long,226,1338123.719661842,5920.901414432929,199366610.03921345,16691158.049794612,openap_type,0.03551912568306011,EDDP,0.9644808743169399,EDDP
3c4582,D-AALB,AeroLogic,B77L,B77W,2025,137,772866.2641588018,9613001.87561923,114821.96684767416,30377085.926956773,0.0,5641.359592400013,70167.89690233015,12.438118108418347,0.1485664107394413,39.30445322260199,B77L,long,137,772866.2641588018,5641.359592400013,114821966.84767416,9613001.87561923,openap_type,0.0345821325648415,EDDP,0.9654178674351584,EDDP
3c4582,D-AALB,AeroLogic,B77L,B77W,2026,208,1112146.9617129096,14109464.18738163,168529.71112705837,44585906.832125954,0.0,5346.860392850527,67833.96243933476,12.686690404342317,0.1515354687185332,40.08994167772172,B77L,long,208,1112146.9617129096,5346.860392850527,168529711.12705836,14109464.18738163,openap_type,0.0345821325648415,EDDP,0.9654178674351584,EDDP
3c4583,D-AALC,AeroLogic,B77L,B77W,2025,136,714367.0745220284,9095851.563878767,108644.89367966307,28742890.941856917,0.0,5252.699077367856,66881.2614991086,12.73274187498725,0.1520855279512366,40.23546432495972,B77L,long,136,714367.0745220284,5252.699077367856,108644893.67966308,9095851.563878767,openap_type,0.03504043126684636,EDDP,0.9649595687331536,EDDP
3c4583,D-AALC,AeroLogic,B77L,B77W,2026,232,1289281.8036141528,16066718.45557346,191908.02599712744,50770830.31961214,0.0,5557.24915350928,69253.09679126492,12.461758484867126,0.1488487819025795,39.37915681218012,B77L,long,232,1289281.8036141528,5557.24915350928,191908025.99712744,16066718.45557346,openap_type,0.03504043126684636,EDDP,0.9649595687331536,EDDP
3c4584,D-AALD,AeroLogic,B77L,B77W,2025,151,829906.0129440615,10604512.734754536,126665.01322067916,33510260.241824336,0.0,5496.066310887824,70228.5611573148,12.77796831129758,0.1526257326071655,40.37837986370035,B77L,long,151,829906.0129440615,5496.066310887824,126665013.22067918,10604512.734754536,openap_type,0.042606516290726815,EDDP,0.9573934837092732,EDDP
3c4584,D-AALD,AeroLogic,B77L,B77W,2026,246,1416448.9237931052,17592076.85440277,210127.5846498109,55590962.85991276,0.0,5757.922454443517,71512.50753822264,12.419845543948728,0.1483481551082764,39.24671191887799,B77L,long,246,1416448.9237931052,5757.922454443517,210127584.64981085,17592076.85440277,openap_type,0.042606516290726815,EDDP,0.9573934837092732,EDDP
3c4585,D-AALE,AeroLogic,B77L,B77W,2025,149,868229.2119750937,10846245.347646806,129552.37498578132,34274135.29856391,0.0,5827.041691108011,72793.59293722689,12.492375513343063,0.1492144852982644,39.47590662216409,B77L,long,149,868229.2119750937,5827.041691108011,129552374.98578133,10846245.347646806,openap_type,0.06310679611650485,EDDP,0.9368932038834952,EDDP
3c4585,D-AALE,AeroLogic,B77L,B77W,2026,260,1476485.3578299326,18421561.525149744,220035.3182170664,58212134.41947321,0.0,5678.789837807433,70852.1597121144,12.47663001021891,0.1490264140109481,39.42615083229177,B77L,long,260,1476485.3578299326,5678.789837807433,220035318.2170664,18421561.525149744,openap_type,0.06310679611650485,EDDP,0.9368932038834952,EDDP
3c4586,D-AALF,AeroLogic,B77L,B77W,2025,152,817662.1737712147,10415419.173142577,124406.395679203,32912724.587130547,0.0,5379.35640638957,68522.49456014852,12.738046967618262,0.1521488943354403,40.25222841767371,B77L,long,152,817662.1737712147,5379.35640638957,124406395.679203,10415419.173142577,openap_type,0.031496062992125984,EDDP,0.9685039370078741,EDDP
3c4586,D-AALF,AeroLogic,B77L,B77W,2026,227,1322506.2722948522,16591358.814380473,198174.5636162112,52428693.8534423,0.0,5826.018820682169,73089.68640696243,12.54539139961178,0.149847730606474,39.643436822773225,B77L,long,227,1322506.2722948522,5826.018820682169,198174563.6162112,16591358.814380473,openap_type,0.031496062992125984,EDDP,0.9685039370078741,EDDP
3c4587,D-AALG,AeroLogic,B77L,B77W,2025,148,869813.7324998361,10847025.548915794,129561.69405649422,34276600.73457392,0.0,5877.119814188082,73290.71316834996,12.470515403041004,0.148953378425212,39.40682867360958,B77L,long,148,869813.7324998361,5877.119814188082,129561694.05649422,10847025.548915794,openap_type,0.039473684210526314,EDDP,0.9605263157894737,EDDP
3c4587,D-AALG,AeroLogic,B77L,B77W,2026,227,1294568.0673679106,16235433.151165638,193923.2293055896,51303968.75768342,0.0,5702.943028052469,71521.73194346097,12.541196991035928,0.1497976307262624,39.63018249167354,B77L,long,227,1294568.0673679106,5702.943028052469,193923229.3055896,16235433.151165638,openap_type,0.039473684210526314,EDDP,0.9605263157894737,EDDP
3c4588,D-AALH,AeroLogic,B77L,B77W,2025,148,844525.3236182523,10541741.743714089,125915.24860547384,33311903.910136525,0.0,5706.252186609813,71227.98475482492,12.48244599528342,0.1490958827214408,39.44452934509562,B77L,long,148,844525.3236182523,5706.252186609813,125915248.60547385,10541741.743714089,openap_type,0.02040816326530612,EDDP,0.9795918367346939,EDDP
3c4588,D-AALH,AeroLogic,B77L,B77W,2026,241,1417948.605653414,17545322.68296883,209569.1320465721,55443219.67818151,0.0,5883.604172835743,72802.1688089993,12.373736687645076,0.1477974104357606,39.101007932958446,B77L,long,241,1417948.605653414,5883.604172835743,209569132.0465721,17545322.68296883,openap_type,0.02040816326530612,EDDP,0.9795918367346939,EDDP
3c4589,D-AALI,AeroLogic,B77L,B77W,2025,146,795401.9283705393,10235436.11536552,122256.59804464372,32343978.124555048,0.0,5447.9584134968445,70105.72681757205,12.868256601205175,0.1537041760699507,40.66369085980836,B77L,long,146,795401.9283705393,5447.9584134968445,122256598.04464372,10235436.11536552,openap_type,0.030470914127423823,EDDP,0.9695290858725761,EDDP
3c4589,D-AALI,AeroLogic,B77L,B77W,2026,214,1262409.8891956056,15817362.62079312,188929.6090816956,49982865.88170627,0.0,5899.111631755167,73912.9094429585,12.529498347697336,0.1496578969308293,39.59321477872359,B77L,long,214,1262409.8891956056,5899.111631755167,188929609.0816956,15817362.62079312,openap_type,0.030470914127423823,EDDP,0.9695290858725761,EDDP
3c458a,D-AALJ,AeroLogic,B77L,B77W,2025,149,894835.6632574497,11194015.216760708,133706.292866864,35373088.08496384,0.0,6005.608478237918,75127.61890443428,12.50957653611099,0.1494199419591035,39.530261854110734,B77L,long,149,894835.6632574497,6005.608478237918,133706292.866864,11194015.216760708,openap_type,0.05730659025787966,EDDP,0.9426934097421203,EDDP
3c458a,D-AALJ,AeroLogic,B77L,B77W,2026,198,1138787.836978465,14136139.845138509,168848.3370391544,44670201.91063768,0.0,5751.4537221134615,71394.64568251772,12.4133217673327,0.1482702322209184,39.226096784771336,B77L,long,198,1138787.836978465,5751.4537221134615,168848337.0391544,14136139.845138509,openap_type,0.05730659025787966,EDDP,0.9426934097421203,EDDP
3c458b,D-AALK,AeroLogic,B77L,B77W,2025,137,781297.0156582238,9946515.823220773,118805.60566624811,31430990.00137765,0.0,5702.897924512582,72602.30527898374,12.730774115194942,0.1520620241537173,40.22924620401602,B77L,long,137,781297.0156582238,5702.897924512582,118805605.66624811,9946515.823220773,openap_type,0.04155124653739612,EDDP,0.9584487534626038,EDDP
3c458b,D-AALK,AeroLogic,B77L,B77W,2026,223,1328109.010671292,16318586.3854806,194916.4484932405,51566732.97811871,0.0,5955.645787763641,73177.51742367983,12.28708355591412,0.146762386917863,38.82718403668863,B77L,long,223,1328109.010671292,5955.645787763641,194916448.4932405,16318586.3854806,openap_type,0.04155124653739612,EDDP,0.9584487534626038,EDDP
3c458c,D-AALL,AeroLogic,B77L,B77W,2025,149,808405.3924371985,10333514.609063452,123428.09116381349,32653906.164640512,0.0,5425.53954655838,69352.44704069431,12.78258990567807,0.152680934984488,40.3929841019427,B77L,long,149,808405.3924371985,5425.53954655838,123428091.16381349,10333514.609063452,openap_type,0.021333333333333333,EDDP,0.9786666666666667,EDDP
3c458c,D-AALL,AeroLogic,B77L,B77W,2026,225,1375642.4363186592,16849437.071513277,201257.16502085305,53244221.14598196,0.0,6113.966383638485,74886.38698450345,12.248413269805678,0.14630049183379,38.70498593258594,B77L,long,225,1375642.4363186592,6113.966383638485,201257165.02085304,16849437.071513277,openap_type,0.021333333333333333,EDDP,0.9786666666666667,EDDP
3c458d,D-AALM,AeroLogic,B77L,B77W,2025,140,820881.3923049232,10325086.964823984,123327.4276353976,32627274.808843795,0.0,5863.438516463737,73750.62117731418,12.578049717794856,0.1502378160736607,39.74663710823174,B77L,long,140,820881.3923049232,5863.438516463737,123327427.6353976,10325086.964823984,openap_type,0.03626943005181347,EDDP,0.9637305699481865,EDDP
3c458d,D-AALM,AeroLogic,B77L,B77W,2026,246,1452954.061273845,17962650.094763435,214553.8761318966,56761974.29945246,0.0,5906.317322251402,73018.90282424161,12.362847920336232,0.1476673501595716,39.0665994282625,B77L,long,246,1452954.061273845,5906.317322251402,214553876.1318966,17962650.094763435,openap_type,0.03626943005181347,EDDP,0.9637305699481865,EDDP
3c458e,D-AALN,AeroLogic,B77L,B77W,2025,161,864969.9972874423,11004743.805929668,131445.55101527105,34774990.42673776,0.0,5372.484455201505,68352.44599956316,12.722688463693183,0.1519654455385575,40.20369554527047,B77L,long,161,864969.9972874423,5372.484455201505,131445551.01527104,11004743.805929668,openap_type,0.0392156862745098,EDDP,0.9607843137254902,EDDP
3c458e,D-AALN,AeroLogic,B77L,B77W,2026,247,1440345.170927177,17986626.616993167,214840.26236964064,56837740.109698415,0.0,5831.356967316506,72820.3506760857,12.48771959669559,0.1491588729605306,39.46119392555807,B77L,long,247,1440345.170927177,5831.356967316506,214840262.36964065,17986626.616993167,openap_type,0.0392156862745098,EDDP,0.9607843137254902,EDDP
3c458f,D-AALO,AeroLogic,B77L,B77W,2025,133,720612.9334662408,9153658.007001804,109335.35952807713,28925559.302125707,0.0,5418.142356889029,68824.49629324664,12.702600219748394,0.1517255026247725,40.14021669440493,B77L,long,133,720612.9334662408,5418.142356889029,109335359.52807713,9153658.007001804,openap_type,0.05778894472361809,EDDP,0.9422110552763819,EDDP
3c458f,D-AALO,AeroLogic,B77L,B77W,2026,262,1611752.8621574386,19957832.292398848,238385.21904809732,63066750.04398037,0.0,6151.728481516941,76174.93241373605,12.382687669425918,0.1479043249403651,39.12929303538591,B77L,long,262,1611752.8621574386,6151.728481516941,238385219.0480973,19957832.292398848,openap_type,0.05778894472361809,EDDP,0.9422110552763819,EDDP
3c4590,D-AALP,AeroLogic,B77L,B77W,2025,144,852751.1558789612,10723504.144277176,128086.29950108848,33886273.09591588,0.0,5921.88302693723,74468.77877970261,12.57518570376381,0.1502036070171788,39.73758682389364,B77L,long,144,852751.1558789612,5921.88302693723,128086299.50108849,10723504.144277176,openap_type,0.026246719160104987,EDDP,0.973753280839895,EDDP
3c4590,D-AALP,AeroLogic,B77L,B77W,2026,236,1441474.0115495862,17864624.19476516,213383.01121525056,56452212.45545792,0.0,6107.940726905026,75697.56014731001,12.393303002085116,0.1480311191915722,39.16283748658897,B77L,long,236,1441474.0115495862,6107.940726905026,213383011.21525052,17864624.19476516,openap_type,0.026246719160104987,EDDP,0.973753280839895,EDDP
3c4591,D-AALQ,AeroLogic,B77L,B77W,2025,149,840561.1938543533,10648060.71287072,127185.16962595582,33647871.85267148,0.0,5641.350294324519,71463.49471725315,12.66779954954207,0.1513098279528636,40.03024657655295,B77L,long,149,840561.1938543533,5641.350294324519,127185169.62595582,10648060.71287072,openap_type,0.03324808184143223,EDDP,0.9667519181585678,EDDP
3c4591,D-AALQ,AeroLogic,B77L,B77W,2026,241,1458497.3090618458,18155732.216645844,216860.13480993643,57372113.80460087,0.0,6051.85605419853,75334.98845081263,12.448245261641391,0.1486873739584944,39.33645502678681,B77L,long,241,1458497.3090618458,6051.85605419853,216860134.8099365,18155732.216645844,openap_type,0.03324808184143223,EDDP,0.9667519181585678,EDDP
3c4592,D-AALR,AeroLogic,B77L,B77W,2025,148,839109.5928975531,10754566.218540978,128457.31872146168,33984429.2505895,0.0,5669.659411469954,72665.98796311472,12.816640769656894,0.1530876536375684,40.50058483211579,B77L,long,148,839109.5928975531,5669.659411469954,128457318.7214617,10754566.218540978,openap_type,0.034210526315789476,EDDP,0.9657894736842105,EDDP
3c4592,D-AALR,AeroLogic,B77L,B77W,2026,232,1345895.467092128,16977049.06657359,202781.41940629567,53647475.05037255,0.0,5801.273565052275,73176.93563178272,12.61394326801124,0.1506665445901342,39.86006072691552,B77L,long,232,1345895.467092128,5801.273565052275,202781419.4062957,16977049.06657359,openap_type,0.034210526315789476,EDDP,0.9657894736842105,EDDP
3c4593,D-AALS,AeroLogic,B77L,B77W,2025,141,770344.9584804729,9863605.03398107,117815.28235032943,31168991.907380182,0.0,5463.439421847325,69954.64563107141,12.804140437859564,0.1529383441188781,40.46108378363623,B77L,long,141,770344.9584804729,5463.439421847325,117815282.35032944,9863605.03398107,openap_type,0.04709141274238227,EDDP,0.9529085872576177,EDDP
3c4593,D-AALS,AeroLogic,B77L,B77W,2026,220,1406580.54995591,17234310.62047529,205854.265744566,54460421.56070192,0.0,6393.547954345046,78337.77554761495,12.25262969903537,0.146350854738478,38.718309848951776,B77L,long,220,1406580.54995591,6393.547954345046,205854265.744566,17234310.62047529,openap_type,0.04709141274238227,EDDP,0.9529085872576177,EDDP
3c4594,D-AALT,AeroLogic,B77L,B77W,2025,154,911517.1352850704,11625871.593186012,138864.57736305514,36737754.234467804,0.0,5880.755711516583,75005.62318184524,12.754419136125296,0.1523444507926077,40.30396447015595,B77L,long,154,911517.1352850704,5880.755711516583,138864577.36305514,11625871.593186012,openap_type,0.05612244897959184,EDDP,0.9438775510204082,EDDP
3c4594,D-AALT,AeroLogic,B77L,B77W,2026,237,1361477.7993738365,17157639.937756244,204938.4770343107,54218142.20330974,0.0,5744.632064868509,72395.10522260019,12.602217932343292,0.1505264919696559,39.82300866620481,B77L,long,237,1361477.7993738365,5744.632064868509,204938477.0343107,17157639.937756244,openap_type,0.05612244897959184,EDDP,0.9438775510204082,EDDP
3c4595,D-AALU,AeroLogic,B77L,B77W,2025,140,818238.5240942324,10413722.673535995,124386.1319339022,32907363.64837376,0.0,5844.560886387374,74383.73338239998,12.727001194503403,0.152016958712124,40.21732377463076,B77L,long,140,818238.5240942324,5844.560886387374,124386131.9339022,10413722.673535995,openap_type,0.05053191489361702,EDDP,0.949468085106383,EDDP
3c4595,D-AALU,AeroLogic,B77L,B77W,2026,232,1316570.48299322,16283168.696318608,194493.4038726945,51454813.080366805,0.0,5650.517094391502,69884.84419020862,12.367867050534857,0.1477273008813885,39.08245987969015,B77L,long,232,1316570.48299322,5650.517094391502,194493403.8726945,16283168.696318608,openap_type,0.05053191489361702,EDDP,0.949468085106383,EDDP
3c4596,D-AALV,AeroLogic,B77L,B77W,2025,147,815089.2685052918,10443485.970876597,124741.63798547046,33001415.667970046,0.0,5544.824955818312,71044.1222508612,12.812689817432917,0.1530404617082265,40.48809982308802,B77L,long,147,815089.2685052918,5544.824955818312,124741637.98547046,10443485.970876597,openap_type,0.05483028720626632,EDDP,0.9451697127937336,EDDP
3c4596,D-AALV,AeroLogic,B77L,B77W,2026,236,1401292.937516332,17409435.26623052,207946.03234664237,55013815.44128846,0.0,5937.681938628526,73768.79350097678,12.423837157908755,0.1483958327194657,39.25932541899168,B77L,long,236,1401292.937516332,5937.681938628526,207946032.34664235,17409435.26623052,openap_type,0.05483028720626632,EDDP,0.9451697127937336,EDDP
3c4597,D-AALW,AeroLogic,B77L,B77W,2025,169,876030.9845587404,11207475.27421555,133867.0657753524,35415621.86652114,0.0,5183.615293246985,66316.42174092041,12.793469034500864,0.1528108801343159,40.427362149022734,B77L,long,169,876030.9845587404,5183.615293246985,133867065.77535242,11207475.27421555,openap_type,0.04239401496259352,EDDP,0.9576059850374065,EDDP
3c4597,D-AALW,AeroLogic,B77L,B77W,2026,231,1293179.8510635193,16173175.549164928,193179.59683724772,51107234.73536117,0.0,5598.181173435149,70013.74696608193,12.50651681269547,0.1493833952627514,39.52059312811769,B77L,long,231,1293179.8510635193,5598.181173435149,193179596.83724776,16173175.549164928,openap_type,0.04239401496259352,EDDP,0.9576059850374065,EDDP
3c4598,D-AALX,AeroLogic,B77L,B77W,2025,164,898009.9566994843,11291564.464858908,134871.46444137028,35681343.708954155,0.0,5475.670467679782,68851.00283450553,12.573985823452944,0.1501892751134657,39.73379520211131,B77L,long,164,898009.9566994843,5475.670467679782,134871464.44137028,11291564.464858908,openap_type,0.03201970443349754,EDDP,0.9679802955665024,EDDP
3c4598,D-AALX,AeroLogic,B77L,B77W,2026,242,1530760.0234938727,18729343.137355004,223711.5985850737,59184724.31404182,0.0,6325.454642536664,77393.97990642564,12.235322878766029,0.1461441343852609,38.66362029690065,B77L,long,242,1530760.0234938727,6325.454642536664,223711598.58507368,18729343.137355004,openap_type,0.03201970443349754,EDDP,0.9679802955665024,EDDP
3c4599,D-AALY,AeroLogic,B77L,B77W,2025,161,959021.9074280744,12074712.235642835,144225.72948128945,38156090.66463137,0.0,5956.657810112262,74998.21264374432,12.590653187501276,0.1503883575173763,39.78646407250403,B77L,long,161,959021.9074280744,5956.657810112262,144225729.48128942,12074712.235642835,openap_type,0.03617571059431524,EDDP,0.9638242894056848,EDDP
3c4599,D-AALY,AeroLogic,B77L,B77W,2026,226,1380989.964056088,17146644.89931428,204807.14740847613,54183397.88183313,0.0,6110.575062195079,75870.110173957,12.416198050384878,0.1483045878240416,39.23518583921621,B77L,long,226,1380989.964056088,6110.575062195079,204807147.4084761,17146644.89931428,openap_type,0.03617571059431524,EDDP,0.9638242894056848,EDDP
3c459a,D-AALZ,AeroLogic,B77L,B77W,2025,156,949848.4480827326,11960216.036108265,142858.1359868487,37794282.67410212,0.0,6088.772103094439,76668.05151351451,12.591709825130462,0.150400978466836,39.789803047412256,B77L,long,156,949848.4480827326,6088.772103094439,142858135.9868487,11960216.036108265,openap_type,0.0390625,EDDP,0.9609375,EDDP
3c459a,D-AALZ,AeroLogic,B77L,B77W,2026,227,1370434.9861797174,17164498.787438873,205020.40218329767,54239816.16830685,0.0,6037.158529426068,75614.53210325495,12.524854488199662,0.1496024286090515,39.57854018271094,B77L,long,227,1370434.9861797174,6037.158529426068,205020402.1832977,17164498.787438873,openap_type,0.0390625,EDDP,0.9609375,EDDP
3c48e8,D-ABGH,Lufthansa CityLine,A319,A319,2025,735,446247.6014101893,1907770.374695605,22787.25725330861,6028554.384038111,0.0,607.1395937553596,2595.605951966809,4.275138664424974,0.0510641562695205,13.50943817958292,A319,short,735,446247.6014101893,607.1395937553596,22787257.25330861,1907770.374695605,openap_type,0.7179802955665024,EDDM,0.28201970443349755,EDDM
3c48e8,D-ABGH,Lufthansa CityLine,A319,A319,2026,888,590120.3319661529,2470544.2464295723,29509.27849901989,7806919.81871745,0.0,664.5499233853074,2782.144421654924,4.186509280570379,0.0500055275179239,13.229369326602402,A319,short,888,590120.3319661529,664.5499233853074,29509278.49901989,2470544.2464295723,openap_type,0.7179802955665024,EDDM,0.28201970443349755,EDDM
3c48ea,D-ABGJ,Eurowings,A319,A319,2025,442,353456.81544155936,1419362.652665318,16953.49835128019,4485185.982422405,0.0,799.6760530352021,3211.227720962258,4.015660727583271,0.0479648364683557,12.689487899163137,A319,short,442,353456.81544155936,799.6760530352021,16953498.35128019,1419362.652665318,openap_type,0.2658959537572254,EDDL,0.7341040462427746,EDDL
3c48ea,D-ABGJ,Eurowings,A319,A319,2026,1110,866481.814853907,3497355.860621343,41773.97277964382,11051644.519563444,0.0,780.6142476161324,3150.771045604813,4.03627150699177,0.0482110207779572,12.754617962093992,A319,short,1110,866481.814853907,780.6142476161324,41773972.77964382,3497355.860621343,openap_type,0.2658959537572254,EDDL,0.7341040462427746,EDDL
3c48eb,D-ABGK,Lufthansa CityLine,A319,A319,2025,765,472606.3566837252,2011697.9481071583,24028.61438016884,6356965.516018622,0.0,617.7860871682682,2629.6705204015143,4.256603661074781,0.0508427659517265,13.45086756899631,A319,short,765,472606.3566837252,617.7860871682682,24028614.38016884,2011697.9481071583,openap_type,0.6891711229946524,EDDM,0.31082887700534756,EDDM
3c48eb,D-ABGK,Lufthansa CityLine,A319,A319,2026,728,491710.7134194986,2051412.8919101015,24502.98732003733,6482464.738435921,0.0,675.4268041476629,2817.874851524865,4.171991449289325,0.0498321200887336,13.183492979754266,A319,short,728,491710.7134194986,675.4268041476629,24502987.320037328,2051412.8919101015,openap_type,0.6891711229946524,EDDM,0.31082887700534756,EDDM
3c48ee,D-ABGN,Eurowings,A319,A319,2025,578,512131.84698008746,2006507.451063762,23966.61677659493,6340563.545361488,0.0,886.0412577510164,3471.466178311007,3.917950939578609,0.0467977473338556,12.380724969068403,A319,short,578,512131.84698008746,886.0412577510164,23966616.776594933,2006507.451063762,openap_type,0.27053455019556716,EDDH,0.7294654498044328,EDDH
3c48ee,D-ABGN,Eurowings,A319,A319,2026,952,746719.0519532331,3009686.5552576007,35949.033854465786,9510609.51461402,0.0,784.3687520517154,3161.435457203362,4.030547429297541,0.0481426498499428,12.736529876580232,A319,short,952,746719.0519532331,784.3687520517154,35949033.85446578,3009686.5552576007,openap_type,0.27053455019556716,EDDH,0.7294654498044328,EDDH
3c48f0,D-ABGP,Lufthansa CityLine,A319,A319,2025,322,203931.2693643245,862458.6322486178,10301.589218525156,2725369.2779056323,0.0,633.3269234916909,2678.4429572938443,4.229163261411521,0.0505150056224153,13.364155906060406,A319,short,322,203931.2693643245,633.3269234916909,10301589.218525156,862458.6322486178,openap_type,0.6826273787599755,EDDM,0.3173726212400245,EDDM
3c48f0,D-ABGP,Lufthansa CityLine,A319,A319,2026,1307,856164.0032440106,3594081.286485224,42929.30425524017,11357296.865293307,0.0,655.0604462463739,2749.8709154439352,4.197888807363108,0.0501414496435037,13.26532863126742,A319,short,1307,856164.0032440106,655.0604462463739,42929304.255240165,3594081.286485224,openap_type,0.6826273787599755,EDDM,0.3173726212400245,EDDM
3c48f1,D-ABGQ,Eurowings,A319,A319,2025,655,497167.9608866852,2013674.6556799463,24052.22505395492,6363211.911948632,0.0,759.0350547888323,3074.3124514197657,4.0502904734420415,0.048378469543891,12.798917896076851,A319,short,655,497167.9608866852,759.0350547888323,24052225.05395492,2013674.6556799463,openap_type,0.2873113471212968,EDDS,0.7126886528787032,EDDS
3c48f1,D-ABGQ,Eurowings,A319,A319,2026,1129,875012.1126763859,3536359.6472561364,42239.85134222607,11174896.485329391,0.0,775.0328721668609,3132.293753105524,4.041497935885171,0.0482734475675173,12.77113347739714,A319,short,1129,875012.1126763859,775.0328721668609,42239851.34222607,3536359.6472561364,openap_type,0.2873113471212968,EDDS,0.7126886528787032,EDDS
3c4906,D-ABHF,Eurowings,A320,A320,2025,243,278755.2243309776,1110029.261667239,13258.682847692024,3507692.466868476,0.0,1147.1408408682205,4568.021652951601,3.982093122492497,0.0475638900742159,12.583414267076291,A320,short,243,278755.2243309776,1147.1408408682205,13258682.847692024,1110029.261667239,openap_type,0.16685714285714287,EDDL,0.8331428571428572,EDDL
3c4906,D-ABHF,Eurowings,A320,A320,2026,629,658777.818006655,2672993.995155352,31927.428275466704,8446661.024690913,0.0,1047.3415230630444,4249.592997067331,4.0575045517521495,0.048464637701484,12.821714383536795,A320,short,629,658777.818006655,1047.3415230630444,31927428.275466703,2672993.995155352,openap_type,0.16685714285714287,EDDL,0.8331428571428572,EDDL
3c4969,D-ABKI,TUIfly,B738,B738,2025,168,335033.028813466,1212429.3322074816,14481.79480136714,3831276.6897756415,0.0,1994.244219127774,7216.841263139771,3.618835242905312,0.0432249765124801,11.435519367580785,B738,medium,168,335033.028813466,1994.244219127774,14481794.80136714,1212429.3322074816,openap_type,0.11960784313725491,EDDL,0.8803921568627451,EDDL
3c4969,D-ABKI,TUIfly,B738,B738,2026,300,571999.9596999148,2082359.1758786736,24872.62348966193,6580254.9957766095,0.0,1906.6665323330487,6941.197252928912,3.640488326207454,0.0434836105630334,11.503943110815554,B738,medium,300,571999.9596999148,1906.6665323330487,24872623.489661936,2082359.1758786736,openap_type,0.11960784313725491,EDDL,0.8803921568627451,EDDL
3c496a,D-ABKJ,TUIfly,B738,B738,2025,114,220331.95083585344,801142.5333302406,9569.20248144454,2531610.4053235603,0.0,1932.73641084082,7027.566081844216,3.6360706211287943,0.0434308435301494,11.48998316276699,B738,medium,114,220331.95083585344,1932.73641084082,9569202.48144454,801142.5333302406,openap_type,0.09840425531914894,EDDM,0.901595744680851,EDDM
3c496a,D-ABKJ,TUIfly,B738,B738,2026,233,471308.4049296096,1699164.7159378182,20295.57855147949,5369360.502363506,0.0,2022.7828537751489,7292.552428917675,3.605207753915592,0.0430622037273251,11.392456502373271,B738,medium,233,471308.4049296096,2022.7828537751489,20295578.551479496,1699164.7159378182,openap_type,0.09840425531914894,EDDM,0.901595744680851,EDDM
3c496d,D-ABKM,TUIfly,B738,B738,2025,159,308508.5878231392,1121045.2807260982,13390.263075339508,3542503.087094471,0.0,1940.3055837933284,7050.599249849674,3.6337571301864937,0.0434032101661164,11.48267253138932,B738,medium,159,308508.5878231392,1940.3055837933284,13390263.075339507,1121045.2807260982,openap_type,0.0650759219088937,EDDV,0.9349240780911063,EDDV
3c496d,D-ABKM,TUIfly,B738,B738,2026,284,567240.0889255751,2049679.4953047163,24482.28286058411,6476987.205162903,0.0,1997.3242567801944,7217.18132149548,3.6134249594154566,0.0431603536819068,11.418422871752842,B738,medium,284,567240.0889255751,1997.3242567801944,24482282.86058411,2049679.4953047163,openap_type,0.0650759219088937,EDDV,0.9349240780911063,EDDV
3c496e,D-ABKN,TUIfly,B738,B738,2025,126,233274.2285481697,850864.6784723797,10163.105881753423,2688732.38397272,0.0,1851.382766255315,6752.894273590315,3.647486838850188,0.0435672039084883,11.526058410766597,B738,medium,126,233274.2285481697,1851.382766255315,10163105.881753424,850864.6784723797,openap_type,0.08196721311475409,EDDV,0.9180327868852459,EDDV
3c496e,D-ABKN,TUIfly,B738,B738,2026,280,561094.3671584091,2029829.020796344,24245.179970622998,6414259.705716446,0.0,2003.9084541371756,7249.389359986942,3.617625019256839,0.0432105210633455,11.431695060851611,B738,medium,280,561094.3671584091,2003.9084541371756,24245179.970622998,2029829.020796344,openap_type,0.08196721311475409,EDDV,0.9180327868852459,EDDV
3c49b1,D-ABMQ,TUIfly,B738,B738,2025,158,330765.8670151943,1189485.331481146,14207.74145935813,3758773.647480421,0.0,2093.4548545265466,7528.388173931304,3.596155015071446,0.0429540737911311,11.363849847625769,B738,medium,158,330765.8670151943,2093.4548545265466,14207741.459358132,1189485.331481146,openap_type,0.10208333333333333,EDDL,0.8979166666666667,EDDL
3c49b1,D-ABMQ,TUIfly,B738,B738,2026,286,523888.45480366657,1914386.5011772024,22866.283208505472,6049461.34371996,0.0,1831.777813998834,6693.659095025183,3.654187229406767,0.0436472363512474,11.547231644925384,B738,medium,286,523888.45480366657,1831.777813998834,22866283.208505478,1914386.5011772024,openap_type,0.10208333333333333,EDDL,0.8979166666666667,EDDL
3c49c8,D-ABNH,Eurowings,A320,A320,2025,401,424234.0288000544,1714658.894103417,20480.647901790813,5418322.105366798,0.0,1057.9402214465194,4275.957341903783,4.04177594841538,0.0482767682727392,12.7720119969926,A320,short,401,424234.0288000544,1057.9402214465194,20480647.901790813,1714658.894103417,openap_type,0.1813953488372093,EDDS,0.8186046511627907,EDDS
3c49c8,D-ABNH,Eurowings,A320,A320,2026,670,694267.896995741,2825026.914599835,33743.37703549802,8927085.050135478,0.0,1036.220741784688,4216.458081492291,4.069073230700116,0.0486028191444736,12.858271409012367,A320,short,670,694267.896995741,1036.220741784688,33743377.03549802,2825026.914599835,openap_type,0.1813953488372093,EDDS,0.8186046511627907,EDDS
3c49cb,D-ABNK,Eurowings,A320,A320,2025,310,332494.98066054,1343146.3422380665,16043.136865621347,4244342.44147229,0.0,1072.5644537436774,4332.730136251827,4.03959885219846,0.048250764067926,12.765132372947134,A320,short,310,332494.98066054,1072.5644537436774,16043136.865621349,1343146.3422380665,openap_type,0.12836970474967907,EDDL,0.871630295250321,EDDL
3c49cb,D-ABNK,Eurowings,A320,A320,2026,467,501667.1713664024,2020645.354657031,24135.486180625645,6385239.320716217,0.0,1074.233771662532,4326.8637144690165,4.027860442120126,0.0481105552808792,12.7280389970996,A320,short,467,501667.1713664024,1074.233771662532,24135486.180625644,2020645.354657031,openap_type,0.12836970474967907,EDDL,0.871630295250321,EDDL
3c49cc,D-ABNL,Eurowings,A320,A320,2025,407,438526.9049440774,1769887.486751356,21140.322758418974,5592844.458134285,0.0,1077.461682909281,4348.617903565985,4.035983805775973,0.0482075843467685,12.753708826252076,A320,short,407,438526.9049440774,1077.461682909281,21140322.758418974,1769887.486751356,openap_type,0.1907114624505929,EDDS,0.8092885375494071,EDDS
3c49cc,D-ABNL,Eurowings,A320,A320,2026,593,618196.1206924194,2509237.964661008,29971.45346678426,7929191.968328785,0.0,1042.4892423143665,4231.429957269827,4.058967503468803,0.0484821118469884,12.826337310961415,A320,short,593,618196.1206924194,1042.4892423143665,29971453.46678426,2509237.964661008,openap_type,0.1907114624505929,EDDS,0.8092885375494071,EDDS
3c49ce,D-ABNN,Eurowings,A320,A320,2025,390,407635.5079434029,1651866.5238248403,19730.62792346337,5219898.215286495,0.0,1045.2192511369306,4235.555189294462,4.052312646066617,0.0484026232724623,12.805307961570508,A320,short,390,407635.5079434029,1045.2192511369306,19730627.92346337,1651866.5238248403,openap_type,0.19557195571955718,EDDS,0.8044280442804428,EDDS
3c49ce,D-ABNN,Eurowings,A320,A320,2026,687,742458.5707137497,2992727.1887206896,35746.46364305268,9457017.91635738,0.0,1080.7257215629545,4356.225893334337,4.030833916892741,0.0481460717851077,12.73743517738106,A320,short,687,742458.5707137497,1080.7257215629545,35746463.64305268,2992727.1887206896,openap_type,0.19557195571955718,EDDS,0.8044280442804428,EDDS
3c49d4,D-ABNT,Eurowings,A320,A320,2025,316,380380.03059125226,1502105.2175080646,17941.812320235218,4746652.487325485,0.0,1203.73427402295,4753.497523759698,3.9489591900322254,0.0471681236587182,12.478711040501834,A320,short,316,380380.03059125226,1203.73427402295,17941812.32023522,1502105.2175080646,openap_type,0.188050930460333,EDDL,0.811949069539667,EDDL
3c49d4,D-ABNT,Eurowings,A320,A320,2026,698,746403.6368541203,3012609.7186206235,35983.949416857446,9519846.71084117,0.0,1069.346184604757,4316.059768797455,4.036166987768065,0.0482097723538963,12.754287681347083,A320,short,698,746403.6368541203,1069.346184604757,35983949.416857444,3012609.7186206235,openap_type,0.188050930460333,EDDL,0.811949069539667,EDDL
3c49d5,D-ABNU,Eurowings,A320,A320,2025,351,357326.1126335252,1454453.6545673967,17372.640873999462,4596073.548432974,0.0,1018.0231129160264,4143.742605605119,4.070381657382787,0.0486184475742944,12.862406037329608,A320,short,351,357326.1126335252,1018.0231129160264,17372640.87399946,1454453.6545673967,openap_type,0.18426103646833014,EDDL,0.8157389635316699,EDDL
3c49d5,D-ABNU,Eurowings,A320,A320,2026,687,732632.1337352399,2961079.2094807927,35368.4461132428,9357010.301959304,0.0,1066.4223198475106,4310.158965765346,4.041699883383594,0.0482758597181929,12.771771631492156,A320,short,687,732632.1337352399,1066.4223198475106,35368446.1132428,2961079.2094807927,openap_type,0.18426103646833014,EDDL,0.8157389635316699,EDDL
3c4a01,D-ABPA,Lufthansa,B789,B789,2025,122,792016.5415189113,6449496.669164803,77035.65465946848,20380409.47456078,0.0,6491.938864909109,52864.72679643281,8.14313379970083,0.0972652092742043,25.73230280705463,B789,long,122,792016.5415189113,6491.938864909109,77035654.65946847,6449496.669164803,openap_type,0.21391752577319587,EDDF,0.7860824742268041,EDDF
3c4a01,D-ABPA,Lufthansa,B789,B789,2026,260,1387486.0234255025,11481831.464325773,137144.0980461134,36282587.42726944,0.0,5336.484705482701,44160.890247406816,8.275277206741723,0.0988435888583039,26.14987597330385,B789,long,260,1387486.0234255025,5336.484705482701,137144098.0461134,11481831.464325773,openap_type,0.21391752577319587,EDDF,0.7860824742268041,EDDF
3c4a02,D-ABPB,Lufthansa,B789,B789,2025,108,556152.4388959074,4562295.88206466,54494.08970243899,14416854.987324324,0.0,5149.55961940655,42243.4803894876,8.203319023686895,0.0979840883384823,25.922488114850587,B789,long,108,556152.4388959074,5149.55961940655,54494089.702439,4562295.88206466,openap_type,0.38676844783715014,EDDF,0.6132315521628499,EDDF
3c4a02,D-ABPB,Lufthansa,B789,B789,2026,282,1194896.0853085855,9970257.679456323,119089.18894906164,31506014.267081983,0.0,4237.220160668743,35355.52368601533,8.344037445634006,0.0996648917117395,26.36715832820346,B789,long,282,1194896.0853085855,4237.220160668743,119089188.94906165,9970257.679456323,openap_type,0.38676844783715014,EDDF,0.6132315521628499,EDDF
3c4a03,D-ABPC,Lufthansa,B789,B789,2025,110,670240.3517966022,5447912.890870764,65072.29286317857,17215404.735151615,0.0,6093.094107241838,49526.48082609785,8.128297373125099,0.0970879964012164,25.68541969907531,B789,long,110,670240.3517966022,6093.094107241838,65072292.863178566,5447912.890870764,openap_type,0.26420454545454547,EDDF,0.7357954545454546,EDDF
3c4a03,D-ABPC,Lufthansa,B789,B789,2026,237,1212668.498853136,10041642.193827426,119941.83731516093,31731589.33249467,0.0,5116.744720899307,42369.79828619167,8.280616016103467,0.0989073579701247,26.16674661088696,B789,long,237,1212668.498853136,5116.744720899307,119941837.31516092,10041642.193827426,openap_type,0.26420454545454547,EDDF,0.7357954545454546,EDDF
3c4a04,D-ABPD,Lufthansa,B789,B789,2025,122,675316.774829355,5521871.252760269,65955.68440796988,17449113.15872245,0.0,5535.383400240615,45261.23977672352,8.176712705168008,0.0976662906450623,25.838412148330903,B789,long,122,675316.774829355,5535.383400240615,65955684.40796988,5521871.252760269,openap_type,0.3008130081300813,EDDF,0.6991869918699187,EDDF
3c4a04,D-ABPD,Lufthansa,B789,B789,2026,234,1183175.9905023903,9792991.527511982,116971.843245282,30945853.226937868,0.0,5056.307651719617,41850.3911432136,8.276868028190602,0.098862590336721,26.154902969082308,B789,long,234,1183175.9905023903,5056.307651719617,116971843.245282,9792991.527511982,openap_type,0.3008130081300813,EDDF,0.6991869918699187,EDDF
3c4a06,D-ABPF,Lufthansa,B789,B789,2025,85,497655.9430283694,4034132.18442608,48185.467758422616,12747857.702786412,0.0,5854.775800333758,47460.378640306815,8.106267474426824,0.0968248615000981,25.615805219188765,B789,long,85,497655.9430283694,5854.775800333758,48185467.75842261,4034132.18442608,openap_type,0.26907630522088355,EDDF,0.7309236947791165,EDDF
3c4a06,D-ABPF,Lufthansa,B789,B789,2026,162,1030340.6170799616,8331839.18537763,99519.19026978836,26328611.82579331,0.0,6360.127265925688,51431.10608257797,8.086490086152764,0.0965886315846024,25.55330867224273,B789,long,162,1030340.6170799616,6360.127265925688,99519190.26978835,8331839.18537763,openap_type,0.26907630522088355,EDDF,0.7309236947791165,EDDF
3c4a07,D-ABPG,Lufthansa,B789,B789,2026,37,247467.60357741264,2019246.4286753773,24118.776786955896,6380818.714614192,0.0,6688.313610200343,54574.227802037225,8.159639482037162,0.0974623604798883,25.784460763237437,B789,long,37,247467.60357741264,6688.313610200343,24118776.786955897,2019246.4286753773,openap_type,0.09523809523809523,EDDF,0.9047619047619048,EDDF
3c4a09,D-ABPI,Lufthansa,B789,B789,2025,1,1804.215169380476,17014.008681572606,203.22288147433943,53764.26743376944,0.0,1804.215169380476,17014.008681572606,9.430143904296518,0.1126378299679861,29.799254737577,B789,medium,1,1804.215169380476,1804.215169380476,203222.88147433943,17014.008681572606,openap_type,0.056074766355140186,EDDF,0.9439252336448598,EDDF
3c4a09,D-ABPI,Lufthansa,B789,B789,2026,100,760304.3913421688,6136533.410648608,73297.48240496949,19391445.5776496,0.0,7603.043913421688,61365.33410648608,8.07115344923335,0.0964054439769539,25.504844899577385,B789,long,100,760304.3913421688,7603.043913421688,73297482.40496948,6136533.410648608,openap_type,0.056074766355140186,EDDF,0.9439252336448598,EDDF
3c4a0a,D-ABPJ,Lufthansa,B789,B789,2026,1,1804.215169380476,17014.008681572606,203.22288147433943,53764.26743376944,0.0,1804.215169380476,17014.008681572606,9.430143904296518,0.1126378299679861,29.799254737577,B789,medium,1,1804.215169380476,1804.215169380476,203222.88147433943,17014.008681572606,openap_type,0.0,KCHS,1.0,KCHS
3c4a0c,D-ABPL,Lufthansa,B789,B789,2026,111,830352.1659768826,6700508.330043665,80033.84949774378,21173606.322937984,0.0,7480.650143935879,60364.93991030329,8.069477752443426,0.0963854287097409,25.49954969772123,B789,long,111,830352.1659768826,7480.650143935879,80033849.49774379,6700508.330043665,openap_type,0.1322314049586777,EDDF,0.8677685950413223,EDDF
3c4a0d,D-ABPM,Lufthansa,B789,B789,2025,18,81402.7204846564,676978.1668143618,8086.128103615989,2139251.007133384,0.0,4522.373360258689,37609.89815635343,8.316407151797408,0.0993348632020246,26.279846599679807,B789,long,18,81402.7204846564,4522.373360258689,8086128.103615989,676978.1668143618,openap_type,0.32222222222222224,EDDF,0.6777777777777778,EDDF
3c4a0d,D-ABPM,Lufthansa,B789,B789,2026,146,883331.955246418,7159159.008309257,85512.17704369391,22622942.466257256,0.0,6050.218871550808,49035.33567335107,8.104720955455651,0.0968063891901647,25.61091821923986,B789,long,146,883331.955246418,6050.218871550808,85512177.04369392,7159159.008309257,openap_type,0.32222222222222224,EDDF,0.6777777777777778,EDDF
3c4a0f,D-ABPO,Lufthansa,B789,B789,2026,93,659031.9187082639,5320479.17453952,63550.16791811092,16812714.191544883,0.0,7086.3647172931605,57209.453489672254,8.073173731809424,0.0964295751299458,25.51122899251778,B789,long,93,659031.9187082639,7086.3647172931605,63550167.91811092,5320479.17453952,openap_type,0.16666666666666666,EDDF,0.8333333333333334,EDDF
3c4a10,D-ABPP,Lufthansa,B789,B789,2025,3,11273.655013565758,94722.45640635716,1131.4071181870438,299322.96224408865,0.0,3757.885004521919,31574.152135452387,8.402107062206197,0.1003585010207962,26.550658316571585,B789,medium,3,11273.655013565758,3757.885004521919,1131407.1181870438,94722.45640635716,openap_type,0.27040816326530615,EDDF,0.7295918367346939,EDDF
3c4a10,D-ABPP,Lufthansa,B789,B789,2026,183,1097754.9694396786,8924496.869485917,106598.1570521929,28201410.1075755,0.0,5998.661035189501,48767.7424562072,8.129771322320865,0.0971056019054992,25.690077378533932,B789,long,183,1097754.9694396786,5998.661035189501,106598157.0521929,8924496.869485917,openap_type,0.27040816326530615,EDDF,0.7295918367346939,EDDF
3c4a11,D-ABPQ,Lufthansa,B789,B789,2025,1,218.12906054426324,2999.4893828179643,35.82723429477013,9478.386449704769,0.0,218.12906054426324,2999.4893828179643,13.75098473964821,0.1642478732791314,43.45311177728835,B789,short,1,218.12906054426324,218.12906054426324,35827.234294770125,2999.4893828179643,openap_type,0.2823529411764706,EDDF,0.7176470588235294,EDDF
3c4a11,D-ABPQ,Lufthansa,B789,B789,2026,77,415034.6194948854,3404146.9204170858,40660.64377164853,10757104.268517992,0.0,5390.05999344007,44209.70026515696,8.202079442336824,0.097969282227912,25.918571037784368,B789,long,77,415034.6194948854,5390.05999344007,40660643.77164853,3404146.9204170858,openap_type,0.2823529411764706,EDDF,0.7176470588235294,EDDF
3c4a12,D-ABPR,Lufthansa,B789,B789,2025,62,195437.4375058055,1621426.1609245213,19367.03469993178,5123706.668521487,0.0,3152.216733964605,26152.03485362131,8.296394905793608,0.0990958280414236,26.2166079023078,B789,medium,62,195437.4375058055,3152.216733964605,19367034.69993178,1621426.1609245213,openap_type,0.3277310924369748,EDDF,0.6722689075630253,EDDF
3c4a12,D-ABPR,Lufthansa,B789,B789,2026,171,1155613.7156283008,9313120.843926486,111240.05452467749,29429461.86680769,0.0,6757.974945194742,54462.694993722136,8.059025882072534,0.0962605869247552,25.46652178734921,B789,long,171,1155613.7156283008,6757.974945194742,111240054.52467749,9313120.843926486,openap_type,0.3277310924369748,EDDF,0.6722689075630253,EDDF
3c4a13,D-ABPS,Lufthansa,B789,B789,2025,52,362749.88080895256,2912680.229668887,34790.347187711704,9204069.525753682,0.0,6975.9592463260105,56013.08133978629,8.029445035718403,0.0959072601488587,25.373046312870155,B789,long,52,362749.88080895256,6975.9592463260105,34790347.1877117,2912680.229668887,openap_type,0.19658119658119658,EDDF,0.8034188034188035,EDDF
3c4a13,D-ABPS,Lufthansa,B789,B789,2026,174,1203325.133869192,9692565.434895828,115772.30936125571,30628506.77427081,0.0,6915.661688903403,55704.39905112544,8.054818404507339,0.0962103309427265,25.453226158243197,B789,long,174,1203325.133869192,6915.661688903403,115772309.36125572,9692565.434895828,openap_type,0.19658119658119658,EDDF,0.8034188034188035,EDDF
3c4a14,D-ABPT,Lufthansa,B789,B789,2025,43,194887.09500172452,1615819.2201488174,19300.0629073331,5105988.735670263,0.0,4532.25802329592,37577.19116625157,8.291052930593064,0.0990320211154171,26.199727260674084,B789,long,43,194887.09500172452,4532.25802329592,19300062.9073331,1615819.2201488174,openap_type,0.2747747747747748,EDDF,0.7252252252252251,EDDF
3c4a14,D-ABPT,Lufthansa,B789,B789,2026,173,1062140.405299993,8605813.840353327,102791.6653153314,27194371.73551651,0.0,6139.539915028861,49744.58867256258,8.102331666709059,0.0967778504634693,25.603368066800623,B789,long,173,1062140.405299993,6139.539915028861,102791665.3153314,8605813.840353327,openap_type,0.2747747747747748,EDDF,0.7252252252252251,EDDF
3c4a15,D-ABPU,Lufthansa,B789,B789,2025,2,12034.317352839233,99439.17135031307,1187.7456577954065,314227.78146698937,0.0,6017.158676419616,49719.585675156544,8.262967348692413,0.0986965544427149,26.110976821868025,B789,long,2,12034.317352839233,6017.158676419616,1187745.6577954062,99439.17135031307,openap_type,0.26424870466321243,EDDF,0.7357512953367875,EDDF
3c4a15,D-ABPU,Lufthansa,B789,B789,2026,180,1065104.2266809945,8652469.27867952,103348.93860644982,27341802.920627285,0.0,5917.245703783302,48069.273770441774,8.123589280686417,0.0970317608526433,25.67054212696908,B789,long,180,1065104.2266809945,5917.245703783302,103348938.60644984,8652469.27867952,openap_type,0.26424870466321243,EDDF,0.7357512953367875,EDDF
3c4a8b,D-ABTK,Lufthansa,B744,B744,2025,27,196801.66218795127,2871535.337547428,34298.89430959428,9074051.666649874,0.0,7288.950451405602,106353.16064990472,14.59101160845394,0.1742815275454221,46.10759668271447,B744,long,27,196801.66218795127,7288.950451405602,34298894.30959428,2871535.337547428,openap_type,0.016216216216216217,EDDF,0.9837837837837837,EDDF
3c4a8b,D-ABTK,Lufthansa,B744,B744,2026,155,1219362.8472834495,17421365.625343174,208088.5338582657,55051515.37608444,0.0,7866.857079248062,112395.90726027856,14.287269506492889,0.1706534968831095,45.14777164051753,B744,long,155,1219362.8472834495,7866.857079248062,208088533.8582657,17421365.625343174,openap_type,0.016216216216216217,EDDF,0.9837837837837837,EDDF
3c4a8c,D-ABTL,Lufthansa,B744,B744,2025,55,402663.1052411073,5847136.282426639,69840.79448454041,18476950.652468182,0.0,7321.147368020132,106311.56877139345,14.521162247843597,0.1734472157381318,45.886872703185766,B744,long,55,402663.1052411073,7321.147368020132,69840794.48454042,5847136.282426639,openap_type,0.037383177570093455,EDDF,0.9626168224299065,EDDF
3c4a8c,D-ABTL,Lufthansa,B744,B744,2026,151,1167678.5224129343,16857464.283846565,201353.0456126117,53269587.13695515,0.0,7732.970347105525,111638.83631686466,14.43673404989215,0.1724387678181562,45.6200795976592,B744,long,151,1167678.5224129343,7732.970347105525,201353045.6126117,16857464.283846565,openap_type,0.037383177570093455,EDDF,0.9626168224299065,EDDF
3c4acd,D-ABVM,Lufthansa,B744,B744,2025,67,461246.1864063072,6843357.454892801,81740.1029334418,21625009.55746125,0.0,6884.271438900107,102139.6635058627,14.83666999658303,0.1772157805147417,46.88387718920238,B744,long,67,461246.1864063072,6884.271438900107,81740102.9334418,6843357.454892801,openap_type,0.03827751196172249,EDDF,0.9617224880382775,EDDF
3c4acd,D-ABVM,Lufthansa,B744,B744,2026,137,1079621.4209228735,15281456.318803111,182528.50603014827,48289401.96741784,0.0,7880.448327904186,111543.47677958476,14.154458241241947,0.1690671401037232,44.728088042324565,B744,long,137,1079621.4209228735,7880.448327904186,182528506.03014827,15281456.318803111,openap_type,0.03827751196172249,EDDF,0.9617224880382775,EDDF
3c4ad5,D-ABVU,Lufthansa,B744,B744,2025,89,649716.5704180774,9487765.48232421,113326.08770553918,29981338.924144503,0.0,7300.18618447278,106604.10654296866,14.60292982249022,0.1744238839908554,46.1452582390691,B744,long,89,649716.5704180774,7300.18618447278,113326087.70553918,9487765.48232421,openap_type,0.0502092050209205,EDDF,0.9497907949790795,EDDF
3c4ad5,D-ABVU,Lufthansa,B744,B744,2026,140,1088132.8532290366,15501004.24649406,185150.8840553457,48983173.41892123,0.0,7772.377523064547,110721.45890352898,14.245507063310145,0.1701546677006489,45.01580232006005,B744,long,140,1088132.8532290366,7772.377523064547,185150884.05534568,15501004.24649406,openap_type,0.0502092050209205,EDDF,0.9497907949790795,EDDF
3c4ad7,D-ABVW,Lufthansa,B744,B744,2025,59,431385.7458728789,6211510.542262133,74193.04258813104,19628373.31354834,0.0,7311.622811404727,105279.83969935818,14.398970299061634,0.1719877007943473,45.50074614503477,B744,long,59,431385.7458728789,7311.622811404727,74193042.58813104,6211510.542262133,openap_type,0.029411764705882353,EDDF,0.9705882352941176,EDDF
3c4ad7,D-ABVW,Lufthansa,B744,B744,2026,141,1076417.484151874,15596802.781458654,186295.14433408945,49285896.78940935,0.0,7634.16655426861,110615.62256353656,14.4895479784478,0.173069600853682,45.786971611895055,B744,long,141,1076417.484151874,7634.16655426861,186295144.33408943,15596802.781458654,openap_type,0.029411764705882353,EDDF,0.9705882352941176,EDDF
3c4ad8,D-ABVX,Lufthansa,B744,B744,2025,35,252525.2674226913,3695080.557219384,44135.68443345375,11676454.560813254,0.0,7215.007640648324,105573.73020626813,14.632518143360066,0.1747773000456896,46.238757333017816,B744,long,35,252525.2674226913,7215.007640648324,44135684.43345375,3695080.557219384,openap_type,0.023121387283236993,EDDF,0.976878612716763,EDDF
3c4ad8,D-ABVX,Lufthansa,B744,B744,2026,134,1038726.606157285,14840254.270156678,177258.59267131588,46895203.49369511,0.0,7751.691090726008,110748.16619519908,14.286968469073326,0.1706499011583758,45.14682036227172,B744,long,134,1038726.606157285,7751.691090726008,177258592.67131588,14840254.270156678,openap_type,0.023121387283236993,EDDF,0.976878612716763,EDDF
3c4ad9,D-ABVY,Lufthansa,B744,B744,2025,81,556077.3721753011,8305502.802176213,99204.61680377142,26245388.854876835,0.0,6865.152742904952,102537.0716318051,14.935876224717047,0.1784007437952314,47.19736887010588,B744,long,81,556077.3721753011,6865.152742904952,99204616.80377142,8305502.802176213,openap_type,0.03571428571428571,EDDF,0.9642857142857143,EDDF
3c4ad9,D-ABVY,Lufthansa,B744,B744,2026,136,1047224.3544094368,14992481.246455273,179076.85933266018,47376240.73879867,0.0,7700.179076539977,110238.83269452408,14.31639856667582,0.1710014273241833,45.23981947069559,B744,long,136,1047224.3544094368,7700.179076539977,179076859.3326602,14992481.246455273,openap_type,0.03571428571428571,EDDF,0.9642857142857143,EDDF
3c4ada,D-ABVZ,Lufthansa,B744,B744,2025,45,339512.2313274211,4887236.016300574,58375.31908359019,15443665.811509816,0.0,7544.716251720469,108605.24480667942,14.394874662372292,0.1719387806894468,45.48780393309645,B744,long,45,339512.2313274211,7544.716251720469,58375319.0835902,4887236.016300574,openap_type,0.025380710659898477,EDDF,0.9746192893401016,EDDF
3c4ada,D-ABVZ,Lufthansa,B744,B744,2026,147,1120389.5523096188,16244833.173963886,194035.50735567973,51333672.82972589,0.0,7621.697634759312,110509.06921063869,14.499272275858065,0.1731857521838602,45.81770039171149,B744,long,147,1120389.5523096188,7621.697634759312,194035507.3556797,16244833.173963886,openap_type,0.025380710659898477,EDDF,0.9746192893401016,EDDF
3c4b21,D-ABYA,Lufthansa,B748,B748,2025,61,475116.7180631412,6855658.909151054,81887.03697041536,21663882.152917333,0.0,7788.798656772806,112387.8509696894,14.429420495028683,0.1723514114683981,45.59696876429064,B748,long,61,475116.7180631412,7788.798656772806,81887036.97041535,6855658.909151054,openap_type,0.008695652173913044,EDDF,0.991304347826087,EDDF
3c4b21,D-ABYA,Lufthansa,B748,B748,2026,169,1390400.3624296563,19878741.168740768,237440.51951551472,62816822.09322083,0.0,8227.221079465422,117625.68738899865,14.297134628189855,0.1707713302811566,45.17894542507995,B748,long,169,1390400.3624296563,8227.221079465422,237440519.51551476,19878741.168740768,openap_type,0.008695652173913044,EDDF,0.991304347826087,EDDF
3c4b23,D-ABYC,Lufthansa,B748,B748,2025,127,1021565.4835410328,14722292.006818537,175849.59897033247,46522442.74154657,0.0,8043.8227050475025,115923.55910880736,14.41150101879611,0.1721373732800646,45.54034321939571,B748,long,127,1021565.4835410328,8043.8227050475025,175849598.97033247,14722292.006818537,openap_type,0.007142857142857143,EDDF,0.9928571428571429,EDDF
3c4b23,D-ABYC,Lufthansa,B748,B748,2026,153,1250048.3261368682,17934605.780376624,214218.9023767208,56673354.26599014,0.0,8170.25049762659,117219.64562337664,14.34712995120875,0.1713684966394378,45.33693064581965,B748,long,153,1250048.3261368682,8170.25049762659,214218902.3767208,17934605.780376624,openap_type,0.007142857142857143,EDDF,0.9928571428571429,EDDF
3c4b26,D-ABYF,Lufthansa,B748,B748,2025,97,803821.8630743899,11522857.495113043,137634.131191628,36412229.68455722,0.0,8286.823330663814,118792.34531044376,14.335088437432384,0.171224667447109,45.29887946228634,B748,long,97,803821.8630743899,8286.823330663814,137634131.191628,11522857.495113043,openap_type,0.0034602076124567475,EDDF,0.9965397923875432,EDDF
3c4b26,D-ABYF,Lufthansa,B748,B748,2026,191,1589697.8858407934,22758481.06706508,271837.4127454995,71916800.17192565,0.0,8323.02558031829,119154.3511364664,14.31623031632082,0.1709994176671653,45.23928779957379,B748,long,191,1589697.8858407934,8323.02558031829,271837412.7454995,22758481.06706508,openap_type,0.0034602076124567475,EDDF,0.9965397923875432,EDDF
3c4b27,D-ABYG,Lufthansa,B748,B748,2025,102,812090.3688374846,11744437.407038758,140280.78013962958,37112422.20624247,0.0,7961.670282720437,115141.54320626231,14.461983367505066,0.1727403568896438,45.69986744131601,B748,long,102,812090.3688374846,7961.670282720437,140280780.13962957,11744437.407038758,openap_type,0.0036363636363636364,EDDF,0.9963636363636363,EDDF
3c4b27,D-ABYG,Lufthansa,B748,B748,2026,172,1492124.0874246494,21203467.60379447,253263.6408231006,67002957.62799053,0.0,8675.140043166566,123275.97444066552,14.21025756670872,0.1697336320467986,44.90441391079956,B748,long,172,1492124.0874246494,8675.140043166566,253263640.8231006,21203467.60379447,openap_type,0.0036363636363636364,EDDF,0.9963636363636363,EDDF
3c4b28,D-ABYH,Lufthansa,B748,B748,2025,115,918339.1351061316,13267603.273248907,158474.15020825085,41925626.34346656,0.0,7985.557696575057,115370.46324564268,14.447389603749802,0.1725660424892337,45.65375114784938,B748,long,115,918339.1351061316,7985.557696575057,158474150.20825085,13267603.273248907,openap_type,0.0,EDDF,1.0,EDDF
3c4b28,D-ABYH,Lufthansa,B748,B748,2026,179,1501557.8961414204,21428098.75596273,255946.73514066596,67712792.06884223,0.0,8388.59159855542,119710.0489159929,14.270577785263486,0.1704541235462027,45.09502580143262,B748,long,179,1501557.8961414204,8388.59159855542,255946735.14066592,21428098.75596273,openap_type,0.0,EDDF,1.0,EDDF
3c4b29,D-ABYI,Lufthansa,B748,B748,2025,119,964897.164859556,13906997.362647384,166111.35738717706,43946111.665965736,0.0,8108.379536634923,116865.52405586035,14.412932143573656,0.1721544672704631,45.54486557369276,B748,long,119,964897.164859556,8108.379536634923,166111357.38717705,13906997.362647384,openap_type,0.004608294930875576,EDDF,0.9953917050691244,EDDF
3c4b29,D-ABYI,Lufthansa,B748,B748,2026,97,792895.206546907,11336594.066454014,135409.3180159785,35823637.24999469,0.0,8174.177387081515,116872.10377787644,14.297720522016236,0.1707783284574161,45.18079684957131,B748,long,97,792895.206546907,8174.177387081515,135409318.0159785,11336594.066454014,openap_type,0.004608294930875576,EDDF,0.9953917050691244,EDDF
3c4b2a,D-ABYJ,Lufthansa,B748,B748,2025,114,909040.3262383963,13065523.733715016,156060.42237492933,41287054.99853945,0.0,7974.037949459617,114609.8573132896,14.372875830250653,0.1716760168613272,45.41828762359207,B748,long,114,909040.3262383963,7974.037949459617,156060422.37492934,13065523.733715016,openap_type,0.0071174377224199285,EDDF,0.9928825622775801,EDDF
3c4b2a,D-ABYJ,Lufthansa,B748,B748,2026,166,1369965.2480361925,19669535.19497016,234941.6703843658,62155731.216105714,0.0,8203.384718779596,117781.64787407282,14.357689162674673,0.1714946205541697,45.37029775405197,B748,long,166,1369965.2480361925,8203.384718779596,234941670.3843658,19669535.19497016,openap_type,0.0071174377224199285,EDDF,0.9928825622775801,EDDF
3c4b2b,D-ABYK,Lufthansa,B748,B748,2025,140,1094310.8871974316,15788757.377394903,188587.9353411058,49892473.3125679,0.0,7816.506337124511,112776.8384099636,14.428036458478871,0.1723348799207198,45.592595208793234,B748,long,140,1094310.8871974316,7816.506337124511,188587935.3411058,15788757.377394903,openap_type,0.006430868167202572,EDDF,0.9935691318327974,EDDF
3c4b2b,D-ABYK,Lufthansa,B748,B748,2026,171,1411402.0286418966,20256990.964711748,241958.50318961256,64012091.44848913,0.0,8253.813032993547,118461.93546615058,14.352389010099252,0.1714313131761855,45.35354927191364,B748,long,171,1411402.0286418966,8253.813032993547,241958503.18961257,20256990.964711748,openap_type,0.006430868167202572,EDDF,0.9935691318327974,EDDF
3c4b2c,D-ABYL,Lufthansa,B748,B748,2025,88,706229.8772618867,10080758.489646949,120409.05973744964,31855196.827284355,0.0,8025.339514339622,114554.07374598803,14.27404704078919,0.1704955618760931,45.10598864889384,B748,long,88,706229.8772618867,8025.339514339622,120409059.73744965,10080758.489646949,openap_type,0.0,EDDF,1.0,EDDF
3c4b2c,D-ABYL,Lufthansa,B748,B748,2026,158,1402785.2800212055,19415874.11457411,231911.8297018574,61354162.20205418,0.0,8878.387848235478,122885.27920616524,13.840945147557154,0.1653224003735993,43.73738666628061,B748,long,158,1402785.2800212055,8878.387848235478,231911829.70185745,19415874.11457411,openap_type,0.0,EDDF,1.0,EDDF
3c4b2d,D-ABYM,Lufthansa,B748,B748,2025,94,822548.7987374682,11444586.618022485,136699.22904860188,36164893.71295105,0.0,8750.519135504981,121750.92146832428,13.913565536280403,0.1661898105722381,43.96686709464608,B748,long,94,822548.7987374682,8750.519135504981,136699229.04860187,11444586.618022485,openap_type,0.012987012987012988,EDDF,0.987012987012987,EDDF
3c4b2d,D-ABYM,Lufthansa,B748,B748,2026,134,1187710.6100553996,16547111.007794,197646.04814865056,52288870.78462904,0.0,8863.512015338803,123485.9030432388,13.931938359144722,0.1664092637342286,44.02492521489732,B748,long,134,1187710.6100553996,8863.512015338803,197646048.14865056,16547111.007794,openap_type,0.012987012987012988,EDDF,0.987012987012987,EDDF
3c4b2e,D-ABYN,Lufthansa,B748,B748,2025,78,668363.6066796958,9412019.344965668,112421.3421759788,29741981.130091507,0.0,8568.764188201229,120666.914679047,14.08218408498153,0.1682038654595015,44.49970170854164,B748,long,78,668363.6066796958,8568.764188201229,112421342.1759788,9412019.344965668,openap_type,0.0,EDDF,1.0,EDDF
3c4b2e,D-ABYN,Lufthansa,B748,B748,2026,136,1240593.7194711224,17136094.569809664,204681.12958383764,54150058.84059854,0.0,9122.012643170016,126000.69536624751,13.812817444469212,0.1649864305867155,43.64850312452271,B748,long,136,1240593.7194711224,9122.012643170016,204681129.58383763,17136094.569809664,openap_type,0.0,EDDF,1.0,EDDF
3c4b2f,D-ABYO,Lufthansa,B748,B748,2025,99,859024.396771998,12095235.973436218,144470.87412715482,38220945.67605845,0.0,8677.014108808062,122174.10074177996,14.080200770649975,0.1681801758716525,44.49343443525392,B748,long,99,859024.396771998,8677.014108808062,144470874.12715483,12095235.973436218,openap_type,0.0043859649122807015,EDDF,0.9956140350877193,EDDF
3c4b2f,D-ABYO,Lufthansa,B748,B748,2026,128,1145922.7188996552,15865736.596065802,189507.40934189703,50135727.643567935,0.0,8952.521241403556,123951.06715676408,13.845380961903343,0.1653753837116232,43.75140383961457,B748,long,128,1145922.7188996552,8952.521241403556,189507409.34189707,15865736.596065802,openap_type,0.0043859649122807015,EDDF,0.9956140350877193,EDDF
3c4b30,D-ABYP,Lufthansa,B748,B748,2025,112,961203.3253748488,13504073.814200643,161298.65944739655,42672873.25287403,0.0,8582.17254798972,120572.08762679146,14.049133474371144,0.1678090942772108,44.395261779012806,B748,long,112,961203.3253748488,8582.17254798972,161298659.44739655,13504073.814200643,openap_type,0.0045045045045045045,EDDF,0.9954954954954955,EDDF
3c4b30,D-ABYP,Lufthansa,B748,B748,2026,109,973721.5943111418,13612420.707025705,162592.80288947368,43015249.434201226,0.0,8933.225635882034,124884.59364243764,13.979787227226684,0.1669807918807631,44.17612763803633,B748,long,109,973721.5943111418,8933.225635882034,162592802.88947368,13612420.707025705,openap_type,0.0045045045045045045,EDDF,0.9954954954954955,EDDF
3c4b31,D-ABYQ,Lufthansa,B748,B748,2025,113,992269.1319094726,13818843.02279956,165058.4027723281,43667543.95204661,0.0,8781.14276026082,122290.64621946514,13.926507011467017,0.1663443893036338,44.00776215623577,B748,long,113,992269.1319094726,8781.14276026082,165058402.77232808,13818843.02279956,openap_type,0.004347826086956522,EDDF,0.9956521739130435,EDDF
3c4b31,D-ABYQ,Lufthansa,B748,B748,2026,116,1066568.8599952003,14606980.966200905,174472.2726518441,46158059.85319485,0.0,9194.55913788966,125922.24970862849,13.69530042932871,0.1635827551280929,43.27714935667872,B748,long,116,1066568.8599952003,9194.55913788966,174472272.6518441,14606980.966200905,openap_type,0.004347826086956522,EDDF,0.9956521739130435,EDDF
3c4b32,D-ABYR,Lufthansa,B748,B748,2025,111,962028.0870191072,13277845.65690041,158596.4897907549,41957992.275805295,0.0,8666.919702874839,119620.23114324691,13.801931394791694,0.164856402771123,43.61410320754175,B748,long,111,962028.0870191072,8666.919702874839,158596489.79075488,13277845.65690041,openap_type,0.004098360655737705,EDDF,0.9959016393442623,EDDF
3c4b32,D-ABYR,Lufthansa,B748,B748,2026,132,1203740.4280562764,16584012.171618,198086.81204988164,52405478.46231288,0.0,9119.245667093002,125636.45584559091,13.777066703987677,0.1645594078531861,43.53553078460106,B748,long,132,1203740.4280562764,9119.245667093002,198086812.04988164,16584012.171618,openap_type,0.004098360655737705,EDDF,0.9959016393442623,EDDF
3c4b33,D-ABYS,Lufthansa,B748,B748,2025,100,891641.6120381673,12329576.01257052,147269.93570570342,38961460.19972284,0.0,8916.416120381673,123295.7601257052,13.827950429979197,0.1651671856914181,43.69632335873426,B748,long,100,891641.6120381673,8916.416120381673,147269935.7057034,12329576.01257052,openap_type,0.017094017094017096,EDDF,0.9829059829059829,EDDF
3c4b33,D-ABYS,Lufthansa,B748,B748,2026,130,1173002.7952621533,16027996.202943385,191445.51020182372,50648468.001301095,0.0,9023.098425093487,123292.27848417989,13.66407332333876,0.1632097646954351,43.17847170175048,B748,long,130,1173002.7952621533,9023.098425093487,191445510.2018237,16027996.202943385,openap_type,0.017094017094017096,EDDF,0.9829059829059829,EDDF
3c4b34,D-ABYT,Lufthansa,B748,B748,2025,112,958419.0402205456,13364841.763934044,159635.6099581011,42232899.97403158,0.0,8557.312859112015,119328.94432083968,13.94467472271691,0.1665613925213408,44.06517212378544,B748,long,112,958419.0402205456,8557.312859112015,159635609.9581011,13364841.763934044,openap_type,0.015503875968992248,EDDF,0.9844961240310077,EDDF
3c4b34,D-ABYT,Lufthansa,B748,B748,2026,146,1238916.0851601418,17346773.918456048,207197.5773593361,54815805.58232112,0.0,8485.726610685902,118813.51998942498,14.001572928334214,0.1672410099773253,44.24497045353612,B748,long,146,1238916.0851601418,8485.726610685902,207197577.3593361,17346773.918456048,openap_type,0.015503875968992248,EDDF,0.9844961240310077,EDDF
3c4b35,D-ABYU,Lufthansa,B748,B748,2025,100,849655.6875182707,11833139.922551744,141340.28240825693,37392722.15526351,0.0,8496.556875182707,118331.39922551744,13.926982537025962,0.1663500691922545,44.009264817002034,B748,long,100,849655.6875182707,8496.556875182707,141340282.40825692,11833139.922551744,openap_type,0.012096774193548387,EDDF,0.9879032258064516,EDDF
3c4b35,D-ABYU,Lufthansa,B748,B748,2026,148,1286086.6722602893,17908762.36140825,213910.2170945985,56591689.06205007,0.0,8689.774812569522,121005.15109059628,13.92500423780437,0.1663264395071077,44.00301339146181,B748,long,148,1286086.6722602893,8689.774812569522,213910217.0945985,17908762.36140825,openap_type,0.012096774193548387,EDDF,0.9879032258064516,EDDF
3c4b45,D-ABZE,Eurowings,A320,A320,2025,457,463151.93651449593,1890808.906273594,22584.661936045708,5974956.143824558,0.0,1013.4615678654178,4137.4374316708845,4.082480838800109,0.0487629655745568,12.900639450608343,A320,short,457,463151.93651449593,1013.4615678654178,22584661.936045703,1890808.906273594,openap_type,0.13807106598984772,EDDL,0.8619289340101522,EDDL
3c4b45,D-ABZE,Eurowings,A320,A320,2026,527,494662.9341729585,2052721.540372844,24518.61839889786,6486600.067578187,0.0,938.639343781705,3895.1072872349982,4.1497379297376495,0.0495663141607552,13.113171857970974,A320,short,527,494662.9341729585,938.639343781705,24518618.39889786,2052721.540372844,openap_type,0.13807106598984772,EDDL,0.8619289340101522,EDDL
3c4b49,D-ABZI,Eurowings,A320,A320,2025,351,341037.847766898,1405979.4294590703,16793.64318520556,4442894.997090662,0.0,971.6177999056924,4005.639400168292,4.122649256278641,0.0492427550055504,13.027571649840503,A320,short,351,341037.847766898,971.6177999056924,16793643.18520556,1405979.4294590703,openap_type,0.14352941176470588,EDDL,0.8564705882352941,EDDL
3c4b49,D-ABZI,Eurowings,A320,A320,2026,912,909726.8234241912,3729806.1289332914,44550.46209559209,11786187.3674292,0.0,997.5074818247712,4089.699702777732,4.099918824965922,0.0489712526315374,12.955743486892311,A320,short,912,909726.8234241912,997.5074818247712,44550462.09559209,3729806.1289332914,openap_type,0.14352941176470588,EDDL,0.8564705882352941,EDDL
3c4b4b,D-ABZK,Eurowings,A320,A320,2025,538,510159.9322750161,2113285.861713341,25242.02557046491,6677983.323014159,0.0,948.2526622212196,3928.0406351549095,4.1423987420754855,0.0494786516414571,13.089980024958534,A320,short,538,510159.9322750161,948.2526622212196,25242025.57046491,2113285.861713341,openap_type,0.1299638989169675,EDDL,0.8700361010830325,EDDL
3c4b4b,D-ABZK,Eurowings,A320,A320,2026,845,785694.8403381802,3270093.2027409165,39059.44658829428,10333494.520661296,0.0,929.816379098438,3869.9327843087767,4.162039808398636,0.0497132532669837,13.15204579453969,A320,short,845,785694.8403381802,929.816379098438,39059446.58829428,3270093.2027409165,openap_type,0.1299638989169675,EDDL,0.8700361010830325,EDDL
3c4b4c,D-ABZL,Eurowings,A320,A320,2025,517,526452.8681438742,2147646.3752565742,25652.442815564635,6786562.545810775,0.0,1018.2840776477258,4154.054884442116,4.079465618315607,0.0487269504409919,12.891111353877315,A320,short,517,526452.8681438742,1018.2840776477258,25652442.81556464,2147646.3752565742,openap_type,0.13265993265993267,EDDL,0.8673400673400673,EDDL
3c4b4c,D-ABZL,Eurowings,A320,A320,2026,967,977282.4691042888,3995690.5450326377,47726.30373233428,12626382.122303136,0.0,1010.6333703250144,4132.048133436027,4.088572824492409,0.0488357309592148,12.919890125396012,A320,short,967,977282.4691042888,1010.6333703250144,47726303.73233428,3995690.5450326377,openap_type,0.13265993265993267,EDDL,0.8673400673400673,EDDL
3c4b4e,D-ABZN,Eurowings,A320,A320,2025,481,497890.4703397524,2026038.741717115,24199.907192732207,6402282.423826084,0.0,1035.115322951668,4212.138756168639,4.069245873162784,0.0486048812627777,12.858816959194398,A320,short,481,497890.4703397524,1035.115322951668,24199907.192732207,2026038.741717115,openap_type,0.13831360946745563,EDDL,0.8616863905325444,EDDL
3c4b4e,D-ABZN,Eurowings,A320,A320,2026,870,830554.9636387491,3437574.5065282383,41059.91771686507,10862735.440629233,0.0,954.6608777456886,3951.2350649749865,4.138888643164398,0.0494367254600192,13.0788881123995,A320,short,870,830554.9636387491,954.6608777456886,41059917.71686507,3437574.5065282383,openap_type,0.13831360946745563,EDDL,0.8616863905325444,EDDL
3c4d4a,D-ACJJ,German Airways,E190,E190,2025,573,250319.61243329247,941486.1056623798,11245.528484300648,2975096.0938931205,0.0,436.8579623617671,1643.0822088348689,3.761135999334753,0.044924679992054,11.88518975789782,E190,short,573,250319.61243329247,436.8579623617671,11245528.484300649,941486.1056623798,openap_type,0.002178649237472767,EHAM,0.9978213507625272,EHAM
3c4d4a,D-ACJJ,German Airways,E190,E190,2026,342,173745.9768288496,647815.5084613382,7737.796351065984,2047097.0067378287,0.0,508.0291720141802,1894.197393161808,3.728520914757503,0.0445351109262701,11.782126090633708,E190,short,342,173745.9768288496,508.0291720141802,7737796.351065984,647815.5084613382,openap_type,0.002178649237472767,EHAM,0.9978213507625272,EHAM
3c4ec7,D-ACVG,DHL,A333,A333,2025,129,518782.9784662222,3775043.542173028,45090.797864844506,11929137.593266768,0.0,4021.5734764823424,29263.903427697893,7.276729767298678,0.0869164944427342,22.994466064663825,A333,long,129,518782.9784662222,4021.5734764823424,45090797.86484451,3775043.542173028,openap_type,0.002840909090909091,EDDP,0.9971590909090909,EDDP
3c4ec7,D-ACVG,DHL,A333,A333,2026,223,856356.9969230732,6216935.31842337,74257.83852561247,19645515.60621785,0.0,3840.165905484633,27878.633714903004,7.259747209120823,0.0867136472200542,22.9408011808218,A333,medium,223,856356.9969230732,3840.165905484633,74257838.52561247,6216935.31842337,openap_type,0.002840909090909091,EDDP,0.9971590909090909,EDDP
3c5421,D-AEAA,DHL,A306,B763,2025,67,58154.7616476044,313696.58130746154,3746.931387839124,991281.1969315785,0.0,867.9815171284239,4682.038526977038,5.394168463940112,0.0644303455415069,17.045572346050754,A306,short,67,58154.7616476044,867.9815171284239,3746931.387839124,313696.58130746154,openap_type,0.1089588377723971,EDDP,0.8910411622276029,EDDP
3c5421,D-AEAA,DHL,A306,B763,2026,342,291255.2194988982,1570449.8583798525,18758.15108620379,4962621.5524803335,0.0,851.6234488271876,4591.958650233486,5.392005887763303,0.0644045147705061,17.03873860533204,A306,short,342,291255.2194988982,851.6234488271876,18758151.08620379,1570449.8583798525,openap_type,0.1089588377723971,EDDP,0.8910411622276029,EDDP
3c5422,D-AEAB,DHL,A306,B763,2025,213,220292.2394342052,1171976.225384412,13998.604914313812,3703444.872214743,0.0,1034.2358658882872,5502.235799926817,5.320097650259926,0.0635456108225491,16.81150857482137,A306,short,213,220292.2394342052,1034.2358658882872,13998604.914313812,1171976.225384412,openap_type,0.12141652613827993,EDDP,0.8785834738617201,EDDP
3c5422,D-AEAB,DHL,A306,B763,2026,380,371122.8176254699,1979606.6399357344,23645.301532565714,6255556.9821969215,0.0,976.6389937512364,5209.491157725616,5.3341011274966,0.0637128745784316,16.85575956288926,A306,short,380,371122.8176254699,976.6389937512364,23645301.532565717,1979606.6399357344,openap_type,0.12141652613827993,EDDP,0.8785834738617201,EDDP
3c5423,D-AEAC,DHL,A306,B763,2025,195,167095.03707469042,902139.434510524,10775.554356653482,2850760.613053256,0.0,856.8976260240535,4626.356074412944,5.398960078672315,0.0644875787174748,17.060713848604514,A306,short,195,167095.03707469042,856.8976260240535,10775554.356653482,902139.434510524,openap_type,0.06934306569343066,EDDP,0.9306569343065694,EDDP
3c5423,D-AEAC,DHL,A306,B763,2026,352,290975.5085298371,1568924.0739242248,18739.92643853935,4957800.073600551,0.0,826.63496741431,4457.170664557457,5.391945465964689,0.0644037930656893,17.038547672448416,A306,short,352,290975.5085298371,826.63496741431,18739926.438539352,1568924.0739242248,openap_type,0.06934306569343066,EDDP,0.9306569343065694,EDDP
3c5424,D-AEAD,DHL,A306,B763,2025,188,142960.4020258442,774201.7480852626,9247.409768796191,2446477.52394943,0.0,760.4276703502351,4118.094404708843,5.415497837962874,0.0646851130645565,17.112973167962682,A306,short,188,142960.4020258442,760.4276703502351,9247409.768796192,774201.7480852626,openap_type,0.07894736842105263,EDDP,0.9210526315789473,EDDP
3c5424,D-AEAD,DHL,A306,B763,2026,343,267926.924603428,1447160.9829910563,17285.533963504287,4573028.706251739,0.0,778.8573389634535,4206.86332264842,5.40132719073707,0.0645158525560261,17.06819392272914,A306,short,343,267926.924603428,778.8573389634535,17285533.96350429,1447160.9829910563,openap_type,0.07894736842105263,EDDP,0.9210526315789473,EDDP
3c5425,D-AEAE,DHL,A306,B763,2025,214,211417.339039803,1128601.685290548,13480.520129859324,3566381.325518132,0.0,987.9314908402008,5273.839650890412,5.338264545454662,0.0637626042929306,16.868915963636734,A306,short,214,211417.339039803,987.9314908402008,13480520.129859325,1128601.685290548,openap_type,0.10044642857142858,EDDP,0.8995535714285714,EDDP
3c5425,D-AEAE,DHL,A306,B763,2026,233,197571.7902207573,1060983.8617909993,12672.862793614717,3352709.003259558,0.0,847.9475975139799,4553.578805969954,5.370118176312046,0.0641430782170605,16.969573437146067,A306,short,233,197571.7902207573,847.9475975139799,12672862.793614715,1060983.8617909993,openap_type,0.10044642857142858,EDDP,0.8995535714285714,EDDP
3c5426,D-AEAF,DHL,A306,B763,2025,219,254407.132531067,1347782.7631570578,16098.516337709303,4258993.531576304,0.0,1161.6764042514476,6154.259192497981,5.297739688931374,0.0632785573955692,16.740857417023147,A306,short,219,254407.132531067,1161.6764042514476,16098516.337709304,1347782.7631570578,openap_type,0.06774193548387097,EDDP,0.932258064516129,EDDP
3c5426,D-AEAF,DHL,A306,B763,2026,399,413998.0125830054,2205179.280312294,26339.64140373018,6968366.525786851,0.0,1037.589003967432,5526.765113564647,5.326545570964938,0.0636226276531923,16.831884004249208,A306,short,399,413998.0125830054,1037.589003967432,26339641.40373018,2205179.280312294,openap_type,0.06774193548387097,EDDP,0.932258064516129,EDDP
3c5428,D-AEAH,DHL,A306,B763,2025,181,182143.84084500157,972728.557252452,11618.702211626513,3073822.240917749,0.0,1006.3195626795664,5374.190924046697,5.340441668188014,0.0637886088144679,16.875795671474123,A306,short,181,182143.84084500157,1006.3195626795664,11618702.211626513,972728.557252452,openap_type,0.08043875685557587,EDDP,0.9195612431444241,EDDP
3c5428,D-AEAH,DHL,A306,B763,2026,365,325528.99068059167,1746149.2848067316,20856.783124080408,5517831.739989272,0.0,891.8602484399772,4783.970643306114,5.364036183554691,0.0640704321924588,16.950354340032828,A306,short,365,325528.99068059167,891.8602484399772,20856783.12408041,1746149.2848067316,openap_type,0.08043875685557587,EDDP,0.9195612431444241,EDDP
3c5429,D-AEAI,DHL,A306,B763,2025,195,149206.38239722973,807965.8388419404,9650.703075056512,2553172.050740532,0.0,765.1609353704089,4143.414558163797,5.415088991909918,0.0646802296255907,17.111681214435343,A306,short,195,149206.38239722973,765.1609353704089,9650703.075056512,807965.8388419404,openap_type,0.08873720136518772,EDDP,0.9112627986348123,EDDP
3c5429,D-AEAI,DHL,A306,B763,2026,391,332344.3137778678,1791613.8377406828,21399.83195079149,5661499.727260558,0.0,849.9854572323985,4582.132577341899,5.390836441204049,0.0643905463810483,17.035043154204796,A306,short,391,332344.3137778678,849.9854572323985,21399831.95079149,1791613.8377406828,openap_type,0.08873720136518772,EDDP,0.9112627986348123,EDDP
3c542a,D-AEAJ,DHL,A306,B763,2025,215,182233.8294395156,983052.3156556182,11742.013770330996,3106445.317471754,0.0,847.5992066954213,4572.336351886596,5.394455676419282,0.0644337761350081,17.046479937484932,A306,short,215,182233.8294395156,847.5992066954213,11742013.770330995,983052.3156556182,openap_type,0.09710391822827939,EDDP,0.9028960817717206,EDDP
3c542a,D-AEAJ,DHL,A306,B763,2026,371,297109.6269293378,1603045.2038353274,19147.48437914419,5065622.844119635,0.0,800.8345739335251,4320.876560203039,5.395467055049626,0.0644458564908705,17.049675893956824,A306,short,371,297109.6269293378,800.8345739335251,19147484.379144188,1603045.2038353274,openap_type,0.09710391822827939,EDDP,0.9028960817717206,EDDP
3c542b,D-AEAK,DHL,A306,B763,2025,217,188068.89363026735,1013552.7829683163,12106.324907677114,3202826.79417988,0.0,866.6769291717391,4670.750151927726,5.389263282214563,0.0643717558708961,17.030071971798023,A306,short,217,188068.89363026735,866.6769291717391,12106324.907677114,1013552.7829683163,openap_type,0.07782101167315175,EDDP,0.9221789883268483,EDDP
3c542b,D-AEAK,DHL,A306,B763,2026,294,253813.86675425828,1367296.31098078,16331.59482560376,4320656.342699265,0.0,863.3124719532594,4650.667724424422,5.387003982349757,0.0643447697891776,17.022932584225234,A306,short,294,253813.86675425828,863.3124719532594,16331594.82560376,1367296.31098078,openap_type,0.07782101167315175,EDDP,0.9221789883268483,EDDP
3c542c,D-AEAL,DHL,A306,B763,2025,215,181863.0240486,980963.534569813,11717.06444069499,3099844.76924061,0.0,845.8745304586045,4562.621091022386,5.393969113301813,0.0644279644088827,17.044942398033733,A306,short,215,181863.0240486,845.8745304586045,11717064.44069499,980963.534569813,openap_type,0.10136452241715399,EDDP,0.898635477582846,EDDP
3c542c,D-AEAL,DHL,A306,B763,2026,296,250140.42586895716,1348035.426993387,16101.534266865458,4259791.949299104,0.0,845.0690063140444,4554.173739842524,5.389114623557857,0.0643699802258299,17.02960221044283,A306,short,296,250140.42586895716,845.0690063140444,16101534.266865458,1348035.426993387,openap_type,0.10136452241715399,EDDP,0.898635477582846,EDDP
3c542d,D-AEAM,DHL,A306,B763,2025,211,202065.9969163873,1081546.9802504028,12918.47781965759,3417688.4575912734,0.0,957.6587531582336,5125.815072276791,5.352444234830539,0.0639319728049203,16.913723782064505,A306,short,211,202065.9969163873,957.6587531582336,12918477.81965759,1081546.9802504028,openap_type,0.07820299500831947,EDDP,0.9217970049916805,EDDP
3c542d,D-AEAM,DHL,A306,B763,2026,387,342513.856954472,1837176.8616366915,21944.056958438257,5805478.882771945,0.0,885.0487259805477,4747.227032652949,5.363803023831806,0.0640676472291021,16.949617555308507,A306,short,387,342513.856954472,885.0487259805477,21944056.95843826,1837176.8616366915,openap_type,0.07820299500831947,EDDP,0.9217970049916805,EDDP
3c542e,D-AEAN,DHL,A306,B763,2025,195,127020.3364514802,692381.6933934435,8270.114671088353,2187926.1511232816,0.0,651.3863407768216,3550.6753507356075,5.450951499076862,0.0651085873500847,17.225006737082886,A306,short,195,127020.3364514802,651.3863407768216,8270114.671088353,692381.6933934435,openap_type,0.09645669291338582,EDDP,0.9035433070866141,EDDP
3c542e,D-AEAN,DHL,A306,B763,2026,312,262576.7477462214,1414969.4536651033,16901.024029888733,4471303.473581727,0.0,841.592140212248,4535.15850533687,5.388784291869825,0.064366034597334,17.028558362308647,A306,short,312,262576.7477462214,841.592140212248,16901024.029888734,1414969.4536651033,openap_type,0.09645669291338582,EDDP,0.9035433070866141,EDDP
3c542f,D-AEAO,DHL,A306,B763,2025,195,162114.1263001005,875467.9152742189,10456.977876886504,2766478.612266532,0.0,831.3544938466692,4489.579052688302,5.400318499410598,0.0645038042985154,17.06500645813749,A306,short,195,162114.1263001005,831.3544938466692,10456977.876886504,875467.9152742189,openap_type,0.08441558441558442,EDDP,0.9155844155844156,EDDP
3c542f,D-AEAO,DHL,A306,B763,2026,267,225278.37825903867,1215779.5119522505,14521.810837207437,3841863.257769112,0.0,843.7392444158752,4553.481318173223,5.396787394102571,0.0644616272073362,17.053848165364123,A306,short,267,225278.37825903867,843.7392444158752,14521810.837207437,1215779.5119522505,openap_type,0.08441558441558442,EDDP,0.9155844155844156,EDDP
3c5430,D-AEAP,DHL,A306,B763,2025,147,129075.74464759212,695668.6586156988,8309.375644576403,2198312.9612256084,0.0,878.0662901196744,4732.439854528563,5.389615690500502,0.0643759651920893,17.03118558198159,A306,short,147,129075.74464759212,878.0662901196744,8309375.644576403,695668.6586156988,openap_type,0.08061420345489444,EDDP,0.9193857965451055,EDDP
3c5430,D-AEAP,DHL,A306,B763,2026,372,316358.9034045678,1702851.7369872597,20339.61796957005,5381011.488879741,0.0,850.4271596896983,4577.558432761451,5.382657856825384,0.0642928577343032,17.009198827568216,A306,short,372,316358.9034045678,850.4271596896983,20339617.96957005,1702851.7369872597,openap_type,0.08061420345489444,EDDP,0.9193857965451055,EDDP
3c5431,D-AEAQ,DHL,A306,B763,2025,213,177180.09374583547,957156.1681047037,11432.69867458396,3024613.491210864,0.0,831.8314260367863,4493.690930069031,5.402165378000886,0.0645258642372328,17.0708425944828,A306,short,213,177180.09374583547,831.8314260367863,11432698.67458396,957156.1681047037,openap_type,0.09134615384615384,EDDP,0.9086538461538461,EDDP
3c5431,D-AEAQ,DHL,A306,B763,2026,203,169851.05779800785,915643.0340770142,10936.847351475448,2893431.987683365,0.0,836.7047182167875,4510.55681811337,5.390858590742044,0.0643908109449744,17.035113146744862,A306,short,203,169851.05779800785,836.7047182167875,10936847.351475447,915643.0340770142,openap_type,0.09134615384615384,EDDP,0.9086538461538461,EDDP
3c5432,D-AEAR,DHL,A306,B763,2025,201,170677.93901258768,921478.720877244,11006.551388255972,2911872.7579720914,0.0,849.1439751870034,4584.471248145493,5.398932786558221,0.0644872527283343,17.06062760552398,A306,short,201,170677.93901258768,849.1439751870034,11006551.388255972,921478.720877244,openap_type,0.06371681415929203,EDDP,0.9362831858407079,EDDP
3c5432,D-AEAR,DHL,A306,B763,2026,363,301278.4140434183,1623944.558967902,19397.115565449934,5131664.80633857,0.0,827.6879506687316,4461.386151010719,5.390178928430862,0.0643826927562575,17.032965413841524,A306,short,363,301278.4140434183,827.6879506687316,19397115.56544994,1623944.558967902,openap_type,0.06371681415929203,EDDP,0.9362831858407079,EDDP
3c5433,D-AEAS,DHL,A306,B763,2025,193,176133.4136108768,947714.0322493612,11319.917607422927,2994776.341907982,0.0,912.6083606781182,4910.4354002557575,5.380660107701659,0.0642689957308809,17.002885940337244,A306,short,193,176133.4136108768,912.6083606781182,11319917.607422927,947714.0322493612,openap_type,0.08024691358024691,EDDP,0.9197530864197531,EDDP
3c5433,D-AEAS,DHL,A306,B763,2026,290,263896.2799663174,1419926.7132221502,16960.235741264572,4486968.413781995,0.0,909.9871722976462,4896.299011110863,5.380624211161232,0.064268566966648,17.002772507269494,A306,short,290,263896.2799663174,909.9871722976462,16960235.741264574,1419926.7132221502,openap_type,0.08024691358024691,EDDP,0.9197530864197531,EDDP
3c5434,D-AEAT,DHL,A306,B763,2025,216,174058.5513413856,940601.5767590528,11234.963277955356,2972300.982558608,0.0,805.8266265804889,4354.63692944006,5.403937752614213,0.0645470342673364,17.076443298260916,A306,short,216,174058.5513413856,805.8266265804889,11234963.277955355,940601.5767590528,openap_type,0.07326007326007326,EDDP,0.9267399267399268,EDDP
3c5434,D-AEAT,DHL,A306,B763,2026,326,280165.3243525377,1509080.394730973,18025.1269370644,4768694.047349876,0.0,851.5663354180477,4586.870500702045,5.386392474580712,0.0643374656686029,17.021000219675052,A306,short,326,280165.3243525377,851.5663354180477,18025126.9370644,1509080.394730973,openap_type,0.07326007326007326,EDDP,0.9267399267399268,EDDP
3c54a1,D-AEEA,Eurowings,A21N,A21N,2025,275,418293.3084034052,1352293.7221274786,16152.39723652266,4273248.161922833,0.0,1521.0665760123825,4917.431716827195,3.2328839476038578,0.0386150027074905,10.215913274428193,A21N,medium,275,418293.3084034052,1521.0665760123825,16152397.23652266,1352293.7221274786,openap_type,0.07322175732217573,EDDL,0.9267782426778243,EDDL
3c54a1,D-AEEA,Eurowings,A21N,A21N,2026,664,1055840.2642495509,3410826.9779131715,40740.43334729622,10778213.250205625,0.0,1590.120879893902,5136.787617339114,3.2304384416874377,0.0385857924979332,10.208185475732304,A21N,medium,664,1055840.2642495509,1590.120879893902,40740433.347296216,3410826.9779131715,openap_type,0.07322175732217573,EDDL,0.9267782426778243,EDDL
3c54a2,D-AEEB,Eurowings,A21N,A21N,2025,271,391214.343490077,1268399.652266294,15150.329179847398,4008142.901161489,0.0,1443.5953634320183,4680.441521277838,3.2422115225907264,0.0387264154087225,10.245388411386696,A21N,short,271,391214.343490077,1443.5953634320183,15150329.1798474,1268399.652266294,openap_type,0.08352668213457076,EDDH,0.9164733178654292,EDDH
3c54a2,D-AEEB,Eurowings,A21N,A21N,2026,574,935800.8781070772,3021908.922182555,36095.02323718052,9549232.194096874,0.0,1630.3151186534449,5264.64969021351,3.2292221485143533,0.0385712645516992,10.20434198930536,A21N,medium,574,935800.8781070772,1630.3151186534449,36095023.23718052,3021908.922182555,openap_type,0.08352668213457076,EDDH,0.9164733178654292,EDDH
3c54a3,D-AEEC,Eurowings,A21N,A21N,2025,277,422052.5368204837,1365831.3772657018,16314.097006229216,4316027.152159618,0.0,1523.655367582974,4930.7991959050605,3.236164358956681,0.0386541853986492,10.226279374303113,A21N,medium,277,422052.5368204837,1523.655367582974,16314097.006229216,1365831.3772657018,openap_type,0.07208237986270023,EDDH,0.9279176201372997,EDDH
3c54a3,D-AEEC,Eurowings,A21N,A21N,2026,581,942238.9692906672,3041791.771285376,36332.51282368643,9612061.997261789,0.0,1621.753819777396,5235.441947134898,3.2282593592740985,0.0385597645691072,10.201299575306152,A21N,medium,581,942238.9692906672,1621.753819777396,36332512.82368644,3041791.771285376,openap_type,0.07208237986270023,EDDH,0.9279176201372997,EDDH
3c54a4,D-AEED,Eurowings,A21N,A21N,2025,286,424176.7585514789,1372460.061539427,16393.272957276487,4336973.794464589,0.0,1483.1355194107657,4798.81140398401,3.235585245703325,0.0386472682125674,10.224449376422507,A21N,short,286,424176.7585514789,1483.1355194107657,16393272.957276488,1372460.061539427,openap_type,0.09401709401709402,EDDL,0.905982905982906,EDDL
3c54a4,D-AEED,Eurowings,A21N,A21N,2026,516,860136.6840347784,2774479.290363113,33139.61374600385,8767354.557547439,0.0,1666.9315582069348,5376.8978495409165,3.2256260450937013,0.0385283110941747,10.1929783024961,A21N,medium,516,860136.6840347784,1666.9315582069348,33139613.74600385,2774479.290363113,openap_type,0.09401709401709402,EDDL,0.905982905982906,EDDL
3c54a5,D-AEEE,Eurowings,A21N,A21N,2025,235,333841.14182013675,1081199.3648671282,12914.325747024031,3416589.9929801254,0.0,1420.6006034899435,4600.848361136716,3.2386642310540767,0.0386840449820348,10.234178970130884,A21N,short,235,333841.14182013675,1420.6006034899435,12914325.747024031,1081199.3648671282,openap_type,0.08275058275058275,EDDL,0.9172494172494172,EDDL
3c54a5,D-AEEE,Eurowings,A21N,A21N,2026,609,972880.147666358,3137013.0306724957,37469.87786636591,9912961.176925084,0.0,1597.5043475638065,5151.088720316084,3.2244599072118287,0.0385143822250301,10.18929330678938,A21N,medium,609,972880.147666358,1597.5043475638065,37469877.86636591,3137013.0306724957,openap_type,0.08275058275058275,EDDL,0.9172494172494172,EDDL
3c55c1,D-AENA,Eurowings,A20N,A20N,2025,352,404017.7226286983,963744.5628486244,11511.39338958079,3045432.818601653,0.0,1147.7776211042565,2737.9106899108647,2.3854017011385613,0.0284922980969328,7.537869375597855,A20N,short,352,404017.7226286983,1147.7776211042565,11511393.38958079,963744.5628486244,openap_type,0.15221579961464354,EDDS,0.8477842003853564,EDDS
3c55c1,D-AENA,Eurowings,A20N,A20N,2026,675,843308.5279371866,1989878.901664203,23767.997992100205,6288017.3292588815,0.0,1249.345967314351,2947.968743206227,2.3596096040100973,0.0281842258256761,7.456366348671907,A20N,short,675,843308.5279371866,1249.345967314351,23767997.992100205,1989878.901664203,openap_type,0.15221579961464354,EDDS,0.8477842003853564,EDDS
3c55c2,D-AENB,Eurowings,A20N,A20N,2025,97,97848.04159818824,239614.80198776803,2862.065690409452,757182.774281347,0.0,1008.7426968885384,2470.255690595546,2.448846170797605,0.0292501070400825,7.738353899720433,A20N,short,97,97848.04159818824,1008.7426968885384,2862065.690409452,239614.80198776803,openap_type,0.1461836998706339,EDDL,0.8538163001293662,EDDL
3c55c2,D-AENB,Eurowings,A20N,A20N,2026,664,626980.9699511601,1569077.622461556,18741.76049051303,4958285.286978517,0.0,944.2484487216268,2363.06870852644,2.5025921003372438,0.0298920723095837,7.908191037065689,A20N,short,664,626980.9699511601,944.2484487216268,18741760.490513027,1569077.622461556,openap_type,0.1461836998706339,EDDL,0.8538163001293662,EDDL
3c55c3,D-AENC,Eurowings,A20N,A20N,2025,295,426694.37971580576,976030.840799791,11658.146153997504,3084257.45692734,0.0,1446.4216261552738,3308.579121355224,2.287423709329998,0.0273220054169971,7.228258921482794,A20N,short,295,426694.37971580576,1446.4216261552738,11658146.153997503,976030.840799791,openap_type,0.12374245472837023,EDDB,0.8762575452716298,EDDB
3c55c3,D-AENC,Eurowings,A20N,A20N,2026,687,697785.8332661282,1722903.102506617,20579.120391051263,5444373.803920912,0.0,1015.6999028619042,2507.8647780300107,2.469100145587966,0.0294920295167451,7.802356460057974,A20N,short,687,697785.8332661282,1015.6999028619042,20579120.391051263,1722903.102506617,openap_type,0.12374245472837023,EDDB,0.8762575452716298,EDDB
3c55c5,D-AENE,Eurowings,A20N,A20N,2025,321,476730.91240511584,1081488.3230690805,12917.777192214016,3417503.1008982942,0.0,1485.1430292994264,3369.1225017728366,2.268550863657976,0.0270965797603591,7.168620729159204,A20N,short,321,476730.91240511584,1485.1430292994264,12917777.192214016,1081488.3230690805,openap_type,0.1116751269035533,EDDS,0.8883248730964467,EDDS
3c55c5,D-AENE,Eurowings,A20N,A20N,2026,650,752502.5286753513,1798334.808827247,21480.110216547677,5682737.9958941005,0.0,1157.696197962079,2766.668936657303,2.389805668816688,0.0285449010441993,7.551785913460734,A20N,short,650,752502.5286753513,1157.696197962079,21480110.21654767,1798334.808827247,openap_type,0.1116751269035533,EDDS,0.8883248730964467,EDDS
3c55c6,D-AENF,Eurowings,A20N,A20N,2025,293,404863.0506808496,935353.3557556374,11172.276193747892,2955716.6041878145,0.0,1381.7851559073367,3192.3322722035405,2.3102956769768777,0.0275951983638904,7.300534339246933,A20N,short,293,404863.0506808496,1381.7851559073367,11172276.193747891,935353.3557556374,openap_type,0.126953125,EGLL,0.873046875,EGLL
3c55c6,D-AENF,Eurowings,A20N,A20N,2026,721,751260.5349060241,1838206.8875890884,21956.360046203,5808733.764781519,0.0,1041.97022871848,2549.5241159349357,2.446830097123405,0.0292260261600851,7.73198310690996,A20N,short,721,751260.5349060241,1041.97022871848,21956360.046203,1838206.8875890884,openap_type,0.126953125,EGLL,0.873046875,EGLL
3c55c7,D-AENG,Eurowings,A20N,A20N,2025,375,482831.1053838604,1127538.3861294668,13467.819612101965,3563021.300169115,0.0,1287.549614356961,3006.769029678578,2.33526459574938,0.0278934382270064,7.3794361225680385,A20N,short,375,482831.1053838604,1287.549614356961,13467819.612101965,1127538.3861294668,openap_type,0.11988582302568981,EDDS,0.8801141769743102,EDDS
3c55c7,D-AENG,Eurowings,A20N,A20N,2026,659,649241.0568432128,1615409.768981534,19295.172240612766,5104694.869981648,0.0,985.1912850428116,2451.3046570281244,2.4881509755961786,0.0297195810973988,7.862557082883924,A20N,short,659,649241.0568432128,985.1912850428116,19295172.240612768,1615409.768981534,openap_type,0.11988582302568981,EDDS,0.8801141769743102,EDDS
3c55c8,D-AENH,Eurowings,A20N,A20N,2025,362,535044.2856822402,1219441.3771860509,14565.549783055609,3853434.751907921,0.0,1478.022888624973,3368.6225889117427,2.279141016581701,0.0272230732536147,7.202085612398175,A20N,short,362,535044.2856822402,1478.022888624973,14565549.783055607,1219441.3771860509,openap_type,0.17899543378995433,EDDB,0.8210045662100457,EDDB
3c55c8,D-AENH,Eurowings,A20N,A20N,2026,724,931325.334786294,2176780.4926348464,26000.433662027328,6878626.356726115,0.0,1286.3609596495771,3006.602890379622,2.337293329547768,0.0279176703251538,7.385846921370947,A20N,short,724,931325.334786294,1286.3609596495771,26000433.66202733,2176780.4926348464,openap_type,0.17899543378995433,EDDB,0.8210045662100457,EDDB
3c55c9,D-AENI,Eurowings,A20N,A20N,2025,311,557756.6662490938,1230911.7963474777,14702.55756748376,3889681.2764580296,0.0,1793.4297950131634,3957.915743882565,2.2068975071608614,0.0263601646688658,6.973796122628322,A20N,medium,311,557756.6662490938,1793.4297950131634,14702557.56748376,1230911.7963474777,openap_type,0.17575757575757575,EDDB,0.8242424242424242,EDDB
3c55c9,D-AENI,Eurowings,A20N,A20N,2026,670,752705.8226974446,1810041.8153666784,21619.94390576866,5719732.136558705,0.0,1123.4415264140964,2701.554948308476,2.4047134495121845,0.0287229662025066,7.598894500458504,A20N,short,670,752705.8226974446,1123.4415264140964,21619943.905768663,1810041.8153666784,openap_type,0.17575757575757575,EDDB,0.8242424242424242,EDDB
3c5641,D-AERA,AeroLogic,B77L,B77W,2025,141,789347.5294356338,9938880.520800272,118714.40622066992,31406862.445728865,0.0,5598.209428621516,70488.51433191683,12.591260693380969,0.150395613837606,39.78838379108387,B77L,long,141,789347.5294356338,5598.209428621516,118714406.22066993,9938880.520800272,openap_type,0.042440318302387266,EDDP,0.9575596816976127,EDDP
3c5641,D-AERA,AeroLogic,B77L,B77W,2026,234,1414311.8797832087,17691700.597959414,211317.5349200708,55905773.88955176,0.0,6044.067862321404,75605.55811093767,12.509051822905755,0.1494136745513743,39.5286037603822,B77L,long,234,1414311.8797832087,6044.067862321404,211317534.92007083,17691700.597959414,openap_type,0.042440318302387266,EDDP,0.9575596816976127,EDDP
3c5642,D-AERB,AeroLogic,B77L,B77W,2025,105,601968.275733626,7612085.835107192,90922.13636378036,24054191.23893873,0.0,5733.031197463105,72496.05557244945,12.645327240592955,0.1510414087070825,39.95923408027375,B77L,long,105,601968.275733626,5733.031197463105,90922136.36378036,7612085.835107192,openap_type,0.016666666666666666,EDDP,0.9833333333333333,EDDP
3c5642,D-AERB,AeroLogic,B77L,B77W,2026,250,1522535.134772046,18797356.754259765,224523.98345365832,59399647.34346087,0.0,6090.140539088184,75189.42701703907,12.346090625405571,0.1474671935812332,39.01364637628161,B77L,long,250,1522535.134772046,6090.140539088184,224523983.4536583,18797356.754259765,openap_type,0.016666666666666666,EDDP,0.9833333333333333,EDDP
3c56ea,D-AEWJ,Eurowings,A320,A320,2025,396,429526.2290782251,1729590.4686064008,20658.997263909787,5465505.880796227,0.0,1084.6621946419823,4367.652698501012,4.026740048723331,0.0480971728041953,12.724498553965727,A320,short,396,429526.2290782251,1084.6621946419823,20658997.263909787,1729590.4686064008,openap_type,0.22666666666666666,EDDB,0.7733333333333333,EDDB
3c56ea,D-AEWJ,Eurowings,A320,A320,2026,642,658797.7186956852,2680163.672024691,32013.066082517144,8469317.203598024,0.0,1026.1646708655533,4174.709769508864,4.068264955942758,0.0485931647515385,12.855717260779116,A320,short,642,658797.7186956852,1026.1646708655533,32013066.082517143,2680163.672024691,openap_type,0.22666666666666666,EDDB,0.7733333333333333,EDDB
3c56eb,D-AEWK,Eurowings,A320,A320,2025,397,437775.4686329454,1756410.9159921848,20979.352607684432,5550258.494535305,0.0,1102.7089889998624,4424.208856403488,4.01212731603482,0.0479226318304159,12.678322318670034,A320,short,397,437775.4686329454,1102.7089889998624,20979352.607684437,1756410.9159921848,openap_type,0.2005420054200542,EDDS,0.7994579945799458,EDDS
3c56eb,D-AEWK,Eurowings,A320,A320,2026,698,802964.6898406524,3194657.936426599,38158.41424065104,10095119.079108054,0.0,1150.3792118060924,4576.873834422062,3.978578356989242,0.047521908152927,12.572307608086003,A320,short,698,802964.6898406524,1150.3792118060924,38158414.24065104,3194657.936426599,openap_type,0.2005420054200542,EDDS,0.7994579945799458,EDDS
3c56ec,D-AEWL,Eurowings,A320,A320,2025,350,418154.6577163456,1652777.1978737677,19741.50541904778,5222775.945281105,0.0,1194.7275934752731,4722.220565353621,3.952550013193744,0.0472110140464808,12.490058041692231,A320,short,350,418154.6577163456,1194.7275934752731,19741505.41904778,1652777.1978737677,openap_type,0.2552607502287283,EDDS,0.7447392497712717,EDDS
3c56ec,D-AEWL,Eurowings,A320,A320,2026,730,746159.9428786542,3035245.547121275,36254.32181283746,9591375.92890323,0.0,1022.136908052951,4157.870612494898,4.06782161933194,0.0485878693420204,12.85431631708893,A320,short,730,746159.9428786542,1022.136908052951,36254321.81283746,3035245.547121275,openap_type,0.2552607502287283,EDDS,0.7447392497712717,EDDS
3c56ed,D-AEWM,Eurowings,A320,A320,2025,377,392384.35853122384,1584630.1570971194,18927.526876437816,5007431.296426898,0.0,1040.8073170589491,4203.26301617273,4.038464129989073,0.0482372104415361,12.761546650765473,A320,short,377,392384.35853122384,1040.8073170589491,18927526.876437817,1584630.1570971194,openap_type,0.229147571035747,EDDL,0.770852428964253,EDDL
3c56ed,D-AEWM,Eurowings,A320,A320,2026,703,761334.9483778764,3063599.806384664,36592.99768737237,9680975.388175538,0.0,1082.9800119173206,4357.8944614291095,4.023984204208757,0.0480642557724934,12.715790085299671,A320,short,703,761334.9483778764,1082.9800119173206,36592997.68737237,3063599.806384664,openap_type,0.229147571035747,EDDL,0.770852428964253,EDDL
3c56ee,D-AEWN,Eurowings,A320,A320,2025,362,391528.9901712256,1576315.6869167087,18828.21514928291,4981157.5706568,0.0,1081.5717960531092,4354.46322352682,4.026051011516021,0.0480889426375524,12.722321196390626,A320,short,362,391528.9901712256,1081.5717960531092,18828215.14928291,1576315.6869167087,openap_type,0.23792160437556972,EDDB,0.7620783956244302,EDDB
3c56ee,D-AEWN,Eurowings,A320,A320,2026,730,748316.3326633471,3041676.5148274926,36331.136149328384,9611697.786854876,0.0,1025.0908666621194,4166.680157297935,4.064693475287119,0.0485505053992628,12.844431381907295,A320,short,730,748316.3326633471,1025.0908666621194,36331136.14932838,3041676.5148274926,openap_type,0.23792160437556972,EDDB,0.7620783956244302,EDDB
3c56ef,D-AEWO,Eurowings,A320,A320,2025,366,405995.0338097659,1625222.0603786204,19412.374610077964,5135701.710796441,0.0,1109.2760486605623,4440.497432728471,4.003058966332428,0.0478143154311928,12.649666333610472,A320,short,366,405995.0338097659,1109.2760486605623,19412374.61007797,1625222.0603786204,openap_type,0.20896946564885496,EDDL,0.791030534351145,EDDL
3c56ef,D-AEWO,Eurowings,A320,A320,2026,664,760049.9277364959,3026601.5195747777,36151.07370603207,9564060.801856298,0.0,1144.6535056272528,4558.134818636713,3.982108818282896,0.0475640775517123,12.58346386577395,A320,short,664,760049.9277364959,1144.6535056272528,36151073.70603207,3026601.5195747777,openap_type,0.20896946564885496,EDDL,0.791030534351145,EDDL
3c56f0,D-AEWP,Eurowings,A320,A320,2025,359,393848.2183349364,1582067.504444377,18896.917414196727,4999333.3140442325,0.0,1097.0702460583186,4406.873271432805,4.016947216704063,0.0479802028661874,12.693553204784845,A320,short,359,393848.2183349364,1097.0702460583186,18896917.41419673,1582067.504444377,openap_type,0.22873345935727787,EDDB,0.7712665406427222,EDDB
3c56f0,D-AEWP,Eurowings,A320,A320,2026,687,750137.9181149125,3012033.759215801,35977.0699017443,9518026.679121932,0.0,1091.9038109387373,4384.328616034645,4.015306634258678,0.047960607020312,12.688368964257425,A320,short,687,750137.9181149125,1091.9038109387373,35977069.9017443,3012033.759215801,openap_type,0.22873345935727787,EDDB,0.7712665406427222,EDDB
3c56f1,D-AEWQ,Eurowings,A320,A320,2025,386,423907.5419385046,1702618.637223053,20336.833722386466,5380274.893624848,0.0,1098.2060671981983,4410.929111976821,4.01648583423894,0.0479746919089651,12.69209523619505,A320,short,386,423907.5419385046,1098.2060671981983,20336833.722386464,1702618.637223053,openap_type,0.21758436944937834,EDDB,0.7824156305506217,EDDB
3c56f1,D-AEWQ,Eurowings,A320,A320,2026,719,841016.6932623843,3337379.099382201,39863.13924262074,10546117.954047756,0.0,1169.7033285985874,4641.695548514884,3.968267367483739,0.0473987491116113,12.539724881248617,A320,short,719,841016.6932623843,1169.7033285985874,39863139.24262074,3337379.099382201,openap_type,0.21758436944937834,EDDB,0.7824156305506217,EDDB
3c56f2,D-AEWR,Eurowings,A320,A320,2025,391,411736.1915304877,1667486.443604971,19917.19918750382,5269257.161791708,0.0,1053.033737929636,4264.671211265911,4.049890385896521,0.0483736907204306,12.797653619433008,A320,short,391,411736.1915304877,1053.033737929636,19917199.18750382,1667486.443604971,openap_type,0.21673003802281368,EDDB,0.7832699619771863,EDDB
3c56f2,D-AEWR,Eurowings,A320,A320,2026,645,778054.0061560898,3069595.700904773,36664.61531636257,9699922.414859084,0.0,1206.2852808621549,4759.063102177944,3.9452218954180975,0.0471234837508272,12.466901189521192,A320,short,645,778054.0061560898,1206.2852808621549,36664615.316362575,3069595.700904773,openap_type,0.21673003802281368,EDDB,0.7832699619771863,EDDB
3c56f3,D-AEWS,Eurowings,A320,A320,2025,325,374069.0463459647,1487705.212984654,17769.81226620559,4701148.473031507,0.0,1150.9816810645068,4577.554501491243,3.977087191568164,0.0475040970103975,12.567595525355395,A320,short,325,374069.0463459647,1150.9816810645068,17769812.26620559,1487705.212984654,openap_type,0.20772946859903382,EDDL,0.7922705314009661,EDDL
3c56f3,D-AEWS,Eurowings,A320,A320,2026,699,762815.8185801874,3066362.401332348,36625.99534924749,9689705.18821022,0.0,1091.2958777971207,4386.7845512623,4.019793935369224,0.0480142053391324,12.702548835766748,A320,short,699,762815.8185801874,1091.2958777971207,36625995.349247485,3066362.401332348,openap_type,0.20772946859903382,EDDL,0.7922705314009661,EDDL
3c56f4,D-AEWT,Eurowings,A320,A320,2025,355,420423.30697678815,1662964.1835742146,19863.18330380312,5254966.820094518,0.0,1184.2910055684174,4684.406150913281,3.955451936126909,0.047245675903738,12.499228118161032,A320,short,355,420423.30697678815,1184.2910055684174,19863183.30380312,1662964.1835742146,openap_type,0.19333333333333333,EDDL,0.8066666666666666,EDDL
3c56f4,D-AEWT,Eurowings,A320,A320,2026,683,802908.0990085904,3182131.404716758,38008.79177856127,10055535.238904957,0.0,1175.5609063083316,4659.050372938153,3.963257325023834,0.0473389069377846,12.523893147075318,A320,short,683,802908.0990085904,1175.5609063083316,38008791.77856127,3182131.404716758,openap_type,0.19333333333333333,EDDL,0.8066666666666666,EDDL
3c56f5,D-AEWU,Eurowings,A320,A320,2025,369,400745.7160484291,1612011.8907538874,19254.58647289365,5093957.574782284,0.0,1086.031750808751,4368.595909902134,4.022530562894601,0.0480468928345743,12.71119657874694,A320,short,369,400745.7160484291,1086.031750808751,19254586.47289365,1612011.8907538874,openap_type,0.1830708661417323,EDDL,0.8169291338582677,EDDL
3c56f5,D-AEWU,Eurowings,A320,A320,2026,625,753914.8639169042,2978464.0498600937,35576.098373328896,9411946.397557896,0.0,1206.2637822670467,4765.54247977615,3.9506636523727927,0.0471884825144528,12.484097141498024,A320,short,625,753914.8639169042,1206.2637822670467,35576098.373328894,2978464.0498600937,openap_type,0.1830708661417323,EDDL,0.8169291338582677,EDDL
3c56f6,D-AEWV,Eurowings,A320,A320,2025,385,410818.2012754044,1658314.476960797,19807.645141476187,5240273.747196119,0.0,1067.0602630529984,4307.310329768304,4.036613937290222,0.0482151109176332,12.755700041837104,A320,short,385,410818.2012754044,1067.0602630529984,19807645.141476188,1658314.476960797,openap_type,0.22103386809269163,EDDB,0.7789661319073083,EDDB
3c56f6,D-AEWV,Eurowings,A320,A320,2026,724,787794.4717683028,3166938.2117171087,37827.31752884325,10007524.749026064,0.0,1088.1139112821863,4374.224049333023,4.020005629905629,0.0480167339127616,12.703217790501787,A320,short,724,787794.4717683028,1088.1139112821863,37827317.52884325,3166938.2117171087,openap_type,0.22103386809269163,EDDB,0.7789661319073083,EDDB
3c56f7,D-AEWW,Eurowings,A320,A320,2025,345,374079.8031029184,1504891.6651642218,17975.094889461536,4755457.661918941,0.0,1084.2892843562854,4362.004826562962,4.022916106887999,0.0480514979433844,12.712414897766076,A320,short,345,374079.8031029184,1084.2892843562854,17975094.889461536,1504891.6651642218,openap_type,0.19186046511627908,EDDB,0.8081395348837209,EDDB
3c56f7,D-AEWW,Eurowings,A320,A320,2026,666,851563.1345532842,3325211.241428522,39717.80093928512,10507667.52291413,0.0,1278.6233251550814,4992.809671814597,3.904832309553739,0.0466410525863363,12.339270098189816,A320,short,666,851563.1345532842,1278.6233251550814,39717800.93928512,3325211.241428522,openap_type,0.19186046511627908,EDDB,0.8081395348837209,EDDB
3c5b31,D-AFYQ,Eurowings Discover,A333,A333,2025,97,679774.2391845548,4689671.691098162,56015.52297700582,14819362.543870192,0.0,7007.981847263452,48347.13083606352,6.898866448254658,0.0824031270208195,21.80041797648472,A333,long,97,679774.2391845548,7007.981847263452,56015522.977005824,4689671.691098162,openap_type,0.021505376344086023,EDDF,0.978494623655914,EDDF
3c5b31,D-AFYQ,Eurowings Discover,A333,A333,2026,175,1309536.6893915946,8972420.982726512,107170.58396034443,28352850.30541578,0.0,7483.066796523398,51270.9770441515,6.851599543114032,0.0818385500983065,21.651054556240343,A333,long,175,1309536.6893915946,7483.066796523398,107170583.96034443,8972420.982726512,openap_type,0.021505376344086023,EDDF,0.978494623655914,EDDF
3c5b32,D-AFYR,Eurowings Discover,A333,A333,2025,76,560484.0787894181,3846233.2761158887,45941.11968693978,12154097.15252621,0.0,7374.79051038708,50608.33258047222,6.8623417179366015,0.0819668594086871,21.68499982867966,A333,long,76,560484.0787894181,7374.79051038708,45941119.68693978,3846233.2761158887,openap_type,0.04326923076923077,EDDF,0.9567307692307693,EDDF
3c5b32,D-AFYR,Eurowings Discover,A333,A333,2026,125,934938.2566919044,6407903.018065005,76538.84160466533,20248973.53708541,0.0,7479.506053535235,51263.224144520034,6.853824808429716,0.0818651296562438,21.658086394637905,A333,long,125,934938.2566919044,7479.506053535235,76538841.60466532,6407903.018065005,openap_type,0.04326923076923077,EDDF,0.9567307692307693,EDDF
3c5db0,D-AGMP,German Airways,E190,E190,2025,859,429741.9612367954,1604356.609315386,19163.14838904489,5069766.885436621,0.0,500.281677807678,1867.702688376468,3.733302199994748,0.0445922207221594,11.797234951983404,E190,short,859,429741.9612367954,500.281677807678,19163148.38904489,1604356.609315386,openap_type,0.0,EHAM,1.0,EHAM
3c5db0,D-AGMP,German Airways,E190,E190,2026,762,397865.629921377,1482526.7989174202,17707.958987069185,4684784.684579048,0.0,522.1333726002323,1945.5732269257485,3.726199720268336,0.0445073855476495,11.774791116047943,E190,short,762,397865.629921377,522.1333726002323,17707958.987069186,1482526.7989174202,openap_type,0.0,EHAM,1.0,EHAM
3c5ee1,D-AGWA,Eurowings,A319,A319,2025,595,540822.9575607018,2109319.579823465,25194.65053678028,6665449.87224215,0.0,908.9461471608432,3545.0749240730506,3.900203477561723,0.046585763759765,12.324642989095045,A319,short,595,540822.9575607018,908.9461471608432,25194650.53678028,2109319.579823465,openap_type,0.18707271597265382,EDDL,0.8129272840273462,EDDL
3c5ee1,D-AGWA,Eurowings,A319,A319,2026,1007,888189.630218998,3488436.95322541,41667.44138574795,11023460.772192298,0.0,882.0155215680218,3464.18763974718,3.927581267037848,0.0469127762451743,12.411156803839605,A319,short,1007,888189.630218998,882.0155215680218,41667441.385747954,3488436.95322541,openap_type,0.18707271597265382,EDDL,0.8129272840273462,EDDL
3c5ee2,D-AGWB,Eurowings,A319,A319,2025,550,441341.54306186526,1766847.447460493,21104.01117800033,5583237.933975158,0.0,802.4391692033914,3212.449904473624,4.003356301341486,0.0478178669326899,12.650605912239095,A319,short,550,441341.54306186526,802.4391692033914,21104011.17800033,1766847.447460493,openap_type,0.19241773962804007,EDDL,0.8075822603719599,EDDL
3c5ee2,D-AGWB,Eurowings,A319,A319,2026,845,732145.5568137141,2881620.1225527786,34419.35146382485,9105919.58726678,0.0,866.4444459333895,3410.201328464827,3.9358568739985857,0.0470116237727608,12.43730772183553,A319,short,845,732145.5568137141,866.4444459333895,34419351.46382485,2881620.1225527786,openap_type,0.19241773962804007,EDDL,0.8075822603719599,EDDL
3c5ee3,D-AGWC,Eurowings,A319,A319,2025,627,540980.808954412,2136504.110411876,25519.35465214185,6751352.988901528,0.0,862.8083077422839,3407.5025684399934,3.949315900024685,0.0471723843614059,12.479838244078003,A319,short,627,540980.808954412,862.8083077422839,25519354.65214185,2136504.110411876,openap_type,0.21668742216687423,EDDK,0.7833125778331258,EDDK
3c5ee3,D-AGWC,Eurowings,A319,A319,2026,973,795101.0076632479,3166909.901235829,37826.9793758724,10007435.28790522,0.0,817.1644477525672,3254.789209903216,3.9830284086083343,0.0475750615472662,12.586369771202335,A319,short,973,795101.0076632479,817.1644477525672,37826979.3758724,3166909.901235829,openap_type,0.21668742216687423,EDDK,0.7833125778331258,EDDK
3c5ee4,D-AGWD,Eurowings,A319,A319,2025,477,442426.2378672836,1720076.1497633224,20545.354011061907,5435440.633252099,0.0,927.5183183800495,3606.029664074051,3.887825817146271,0.0464379194825804,12.285529582182216,A319,short,477,442426.2378672836,927.5183183800495,20545354.011061907,1720076.1497633224,openap_type,0.20477815699658702,EDDH,0.795221843003413,EDDH
3c5ee4,D-AGWD,Eurowings,A319,A319,2026,986,815562.1382081583,3248736.696490452,38804.354985858175,10266007.960909829,0.0,827.1421280001606,3294.864803742852,3.983432462458511,0.0475798877460322,12.587646581368892,A319,short,986,815562.1382081583,827.1421280001606,38804354.98585817,3248736.696490452,openap_type,0.20477815699658702,EDDH,0.795221843003413,EDDH
3c5ee5,D-AGWE,Eurowings,A319,A319,2025,460,410945.04002841713,1611411.4792028968,19247.414890479045,5092060.274281154,0.0,893.358782670472,3503.068433049776,3.921233552524364,0.0468369563218187,12.391098025976987,A319,short,460,410945.04002841713,893.358782670472,19247414.890479047,1611411.4792028968,openap_type,0.20810055865921787,EDDH,0.7918994413407822,EDDH
3c5ee5,D-AGWE,Eurowings,A319,A319,2026,963,892531.3211365239,3463816.906206672,41373.36860191303,10945661.423613084,0.0,926.823801803244,3596.9022909726605,3.880891151019717,0.046355088748291,12.263616037222304,A319,short,963,892531.3211365239,926.823801803244,41373368.60191303,3463816.906206672,openap_type,0.20810055865921787,EDDH,0.7918994413407822,EDDH
3c5ee6,D-AGWF,Eurowings,A319,A319,2025,508,415152.6774073376,1656439.8097867395,19785.253283563838,5234349.798926097,0.0,817.2296799357039,3260.708286981771,3.989953335075042,0.0476577759467296,12.608252538837132,A319,short,508,415152.6774073376,817.2296799357039,19785253.283563837,1656439.8097867395,openap_type,0.21239554317548748,EDDH,0.7876044568245125,EDDH
3c5ee6,D-AGWF,Eurowings,A319,A319,2026,924,850238.7044327472,3304204.146314526,39466.88285875684,10441285.102353904,0.0,920.1717580440989,3575.978513327409,3.88620763685298,0.0464185912179661,12.280416132455418,A319,short,924,850238.7044327472,920.1717580440989,39466882.85875683,3304204.146314526,openap_type,0.21239554317548748,EDDH,0.7876044568245125,EDDH
3c5ee7,D-AGWG,Eurowings,A319,A319,2025,470,397737.86249837495,1571809.395239432,18774.38999869321,4966917.688956604,0.0,846.2507712731382,3344.275309020068,3.951872686613671,0.0472029237567744,12.4879176896992,A319,short,470,397737.86249837495,846.2507712731382,18774389.998693213,1571809.395239432,openap_type,0.21326042378673957,EDDH,0.7867395762132604,EDDH
3c5ee7,D-AGWG,Eurowings,A319,A319,2026,991,920841.7562867736,3570200.424054401,42644.0606206498,11281833.34001191,0.0,929.2045976657656,3602.624040418165,3.877105267739998,0.0463098684757833,12.251652646058394,A319,short,991,920841.7562867736,929.2045976657656,42644060.6206498,3570200.424054401,openap_type,0.21326042378673957,EDDH,0.7867395762132604,EDDH
3c5ee8,D-AGWH,Eurowings,A319,A319,2025,541,488662.6796665608,1906225.1398210968,22768.800281196432,6023671.441834666,0.0,903.2581879234028,3523.521515380955,3.9009018268426185,0.0465941051539535,12.326849772822676,A319,short,541,488662.6796665608,903.2581879234028,22768800.281196438,1906225.1398210968,openap_type,0.19781631342324985,EDDH,0.8021836865767502,EDDH
3c5ee8,D-AGWH,Eurowings,A319,A319,2026,1007,932827.6353059337,3620180.507970156,43241.0449563102,11439770.405185694,0.0,926.3432326771932,3595.015400168973,3.8808675589707073,0.0463548069543723,12.263541486347435,A319,short,1007,932827.6353059337,926.3432326771932,43241044.9563102,3620180.507970156,openap_type,0.19781631342324985,EDDH,0.8021836865767502,EDDH
3c5ee9,D-AGWI,Eurowings,A319,A319,2025,379,344525.1758319465,1341351.3251270356,16021.696383461816,4238670.1874014335,0.0,909.0374032505184,3539.185554424896,3.893333257542038,0.0465037027984187,12.302933093832843,A319,short,379,344525.1758319465,909.0374032505184,16021696.383461814,1341351.3251270356,openap_type,0.17063492063492064,EDDL,0.8293650793650793,EDDL
3c5ee9,D-AGWI,Eurowings,A319,A319,2026,878,758282.5504698366,2989697.5754707474,35710.27659590059,9447444.338487562,0.0,863.6475517879687,3405.122523315202,3.942722371256351,0.0470936283233397,12.459002693170069,A319,short,878,758282.5504698366,863.6475517879687,35710276.595900595,2989697.5754707474,openap_type,0.17063492063492064,EDDL,0.8293650793650793,EDDL
3c5eea,D-AGWJ,Eurowings,A319,A319,2025,390,292185.69767076394,1184649.0595096736,14149.974877476658,3743491.028050569,0.0,749.1940965917024,3037.561691050445,4.0544389029080445,0.0484280202291794,12.81202693318942,A319,short,390,292185.69767076394,749.1940965917024,14149974.877476657,1184649.0595096736,openap_type,0.2223950233281493,EDDL,0.7776049766718507,EDDL
3c5eea,D-AGWJ,Eurowings,A319,A319,2026,891,811310.5794031605,3159558.792591682,37739.174467067314,9984205.784589715,0.0,910.5618175119646,3546.0816976337624,3.894388749270356,0.0465163100607292,12.306268447694327,A319,short,891,811310.5794031605,910.5618175119646,37739174.46706732,3159558.792591682,openap_type,0.2223950233281493,EDDL,0.7776049766718507,EDDL
3c5eeb,D-AGWK,Eurowings,A319,A319,2025,414,367074.16587647353,1438015.0135973294,17176.290440190325,4544127.442967561,0.0,886.652574580854,3473.46621641867,3.917505363429049,0.0467924251742914,12.379316948435797,A319,short,414,367074.16587647353,886.652574580854,17176290.440190326,1438015.0135973294,openap_type,0.18468146027201146,EDDS,0.8153185397279885,EDDS
3c5eeb,D-AGWK,Eurowings,A319,A319,2026,981,821700.1774351521,3264090.6034071124,38987.7488740294,10314526.306766476,0.0,837.6148597707972,3327.3094835954257,3.972362052537967,0.047447657849759,12.552664086019975,A319,short,981,821700.1774351521,837.6148597707972,38987748.8740294,3264090.6034071124,openap_type,0.18468146027201146,EDDS,0.8153185397279885,EDDS
3c5eec,D-AGWL,Eurowings,A319,A319,2025,596,521315.72042512713,2052106.278987352,24511.26944346003,6484655.841600031,0.0,874.690806082428,3443.131340582805,3.9363982296829296,0.0470180899656572,12.439018405798056,A319,short,596,521315.72042512713,874.690806082428,24511269.443460032,2052106.278987352,openap_type,0.2092020129403307,EDDL,0.7907979870596693,EDDL
3c5eec,D-AGWL,Eurowings,A319,A319,2026,793,732246.7664962152,2841484.122164884,33939.94923696945,8979089.826041035,0.0,923.3881040305364,3583.208224671985,3.880500743979142,0.0463504255530841,12.26238235097409,A319,short,793,732246.7664962152,923.3881040305364,33939949.23696945,2841484.122164884,openap_type,0.2092020129403307,EDDL,0.7907979870596693,EDDL
3c5eed,D-AGWM,Eurowings,A319,A319,2025,585,512557.3297627592,2016226.4976248164,24082.705388296417,6371275.732494419,0.0,876.1663756628362,3446.541021580883,3.933660452301094,0.0469853887358186,12.430367029271457,A319,short,585,512557.3297627592,876.1663756628362,24082705.388296414,2016226.4976248164,openap_type,0.19197896120973043,EDDS,0.8080210387902695,EDDS
3c5eed,D-AGWM,Eurowings,A319,A319,2026,933,805411.1333036171,3176274.805142999,37938.83795031915,10037028.384251878,0.0,863.2488031121298,3404.3674224469446,3.943668859051684,0.0471049335942284,12.46199359460332,A319,short,933,805411.1333036171,863.2488031121298,37938837.95031916,3176274.805142999,openap_type,0.19197896120973043,EDDS,0.8080210387902695,EDDS
3c5eee,D-AGWN,Eurowings,A319,A319,2025,590,516875.001177258,2029125.9437017215,24236.78210532612,6412037.98209744,0.0,876.0593240292509,3439.196514748681,3.925757560493528,0.0468909930836726,12.405393891159546,A319,short,590,516875.001177258,876.0593240292509,24236782.10532612,2029125.9437017215,openap_type,0.16763378465506126,EDDL,0.8323662153449387,EDDL
3c5eee,D-AGWN,Eurowings,A319,A319,2026,960,894159.9258139462,3465418.6032507475,41392.49998327282,10950722.786272364,0.0,931.4165893895272,3609.811045052862,3.8756138619120137,0.0462920544617268,12.246939803641965,A319,short,960,894159.9258139462,931.4165893895272,41392499.98327282,3465418.6032507475,openap_type,0.16763378465506126,EDDL,0.8323662153449387,EDDL
3c5eef,D-AGWO,Eurowings,A319,A319,2025,528,447705.44154806586,1770188.827315829,21143.92210405018,5593796.69431802,0.0,847.9269726289126,3352.630354764828,3.953914031500063,0.0472273064873618,12.4943683395402,A319,short,528,447705.44154806586,847.9269726289126,21143922.104050174,1770188.827315829,openap_type,0.18471337579617833,EDDH,0.8152866242038217,EDDH
3c5eef,D-AGWO,Eurowings,A319,A319,2026,880,820810.0967014942,3190942.70577308,38114.03787451179,10083378.950242933,0.0,932.738746251698,3626.0712565603194,3.8875529414126313,0.0464346601335397,12.284667294863915,A319,short,880,820810.0967014942,932.738746251698,38114037.87451179,3190942.70577308,openap_type,0.18471337579617833,EDDH,0.8152866242038217,EDDH
3c5ef0,D-AGWP,Eurowings,A319,A319,2025,586,503100.0236127868,1986884.6583755657,23732.233419485925,6278555.520466788,0.0,858.5324635030491,3390.5881542245147,3.949283572096949,0.0471719982222691,12.479736087826357,A319,short,586,503100.0236127868,858.5324635030491,23732233.419485927,1986884.6583755657,openap_type,0.213125,EDDH,0.786875,EDDH
3c5ef0,D-AGWP,Eurowings,A319,A319,2026,1005,904580.7166763428,3530175.2370892228,42165.98199856572,11155353.749201944,0.0,900.0803151008386,3512.612176208182,3.902554157974951,0.0466138413313674,12.332071139200846,A319,short,1005,904580.7166763428,900.0803151008386,42165981.99856572,3530175.2370892228,openap_type,0.213125,EDDH,0.786875,EDDH
3c5ef2,D-AGWR,Eurowings,A319,A319,2025,575,486596.171111542,1926594.1552683169,23012.096854593783,6088037.53064788,0.0,846.2542106287688,3350.5985309014204,3.9593286376819536,0.04729198095009,12.511478495074972,A319,short,575,486596.171111542,846.2542106287688,23012096.854593784,1926594.1552683169,openap_type,0.17002518891687657,EDDS,0.8299748110831234,EDDS
3c5ef2,D-AGWR,Eurowings,A319,A319,2026,1011,960156.2465609176,3707047.927038674,44278.62801740639,11714271.44944221,0.0,949.7094426913133,3666.7140722439904,3.8608798727462936,0.0461160651466918,12.200380397878286,A319,short,1011,960156.2465609176,949.7094426913133,44278628.01740639,3707047.927038674,openap_type,0.17002518891687657,EDDS,0.8299748110831234,EDDS
3c5ef5,D-AGWU,Eurowings,A319,A319,2025,614,520268.063095136,2060178.052822243,24607.68229759901,6510162.646918288,0.0,847.3421223047818,3355.338848244696,3.959839549954308,0.0472980835133431,12.513092977855614,A319,short,614,520268.063095136,847.3421223047818,24607682.29759901,2060178.052822243,openap_type,0.14853195164075994,EDDL,0.8514680483592401,EDDL
3c5ef5,D-AGWU,Eurowings,A319,A319,2026,1118,970415.4703993864,3821225.384306456,45642.414312549336,12075072.2144084,0.0,867.9923706613475,3417.911792760694,3.9377210080274,0.047033889818105,12.443198385366586,A319,short,1118,970415.4703993864,867.9923706613475,45642414.31254934,3821225.384306456,openap_type,0.14853195164075994,EDDL,0.8514680483592401,EDDL
3c5ef6,D-AGWV,Eurowings,A319,A319,2025,583,530571.1004656601,2065960.549378689,24676.751006467675,6528435.336036658,0.0,910.070498225832,3543.671611284201,3.893842969519979,0.0465097910248219,12.304543783683137,A319,short,583,530571.1004656601,910.070498225832,24676751.006467678,2065960.549378689,openap_type,0.2122905027932961,EDDL,0.7877094972067039,EDDL
3c5ef6,D-AGWV,Eurowings,A319,A319,2026,1024,965560.6117007416,3730207.7273963327,44555.25896612286,11787456.418572413,0.0,942.9302848640054,3642.780983785481,3.863255897344376,0.0461444454405022,12.207888635608226,A319,short,1024,965560.6117007416,942.9302848640054,44555258.96612287,3730207.7273963327,openap_type,0.2122905027932961,EDDL,0.7877094972067039,EDDL
3c5ef8,D-AGWX,Eurowings,A319,A319,2025,592,521752.1709509428,2048641.979901425,24469.890315489243,6473708.656488503,0.0,881.3381266063222,3460.5438849686234,3.926465655461636,0.0468994508846806,12.40763147125877,A319,short,592,521752.1709509428,881.3381266063222,24469890.315489244,2048641.979901425,openap_type,0.19815950920245398,EDDL,0.801840490797546,EDDL
3c5ef8,D-AGWX,Eurowings,A319,A319,2026,1036,888597.3720893197,3510201.5637379577,41927.407566870046,11092236.941411946,0.0,857.719471128687,3388.225447623511,3.950272276278036,0.047183807744432,12.482860393038592,A319,short,1036,888597.3720893197,857.719471128687,41927407.56687005,3510201.5637379577,openap_type,0.19815950920245398,EDDL,0.801840490797546,EDDL
3c618b,D-AHLK,TUIfly,B738,B738,2025,175,351350.3785529559,1271852.8522019195,15191.57573463404,4019055.012958066,0.0,2007.7164488740336,7267.730584010968,3.619898909573039,0.0432376814199001,11.438880554250805,B738,medium,175,351350.3785529559,2007.7164488740336,15191575.73463404,1271852.8522019195,openap_type,0.06837606837606838,EDDF,0.9316239316239316,EDDF
3c618b,D-AHLK,TUIfly,B738,B738,2026,273,494051.6062711855,1808416.6253783423,21600.53191424131,5714596.536195562,0.0,1809.712843484196,6624.236722997591,3.6603800137949567,0.0437212057203286,11.566800843592064,B738,medium,273,494051.6062711855,1809.712843484196,21600531.91424131,1808416.6253783423,openap_type,0.06837606837606838,EDDF,0.9316239316239316,EDDF
3c6421,D-AIAA,Condor,A321,A321,2025,202,232543.50484738595,1067274.068926917,12747.99582329373,3372586.057809057,0.0,1151.2054695415145,5283.534994687708,4.58956731398432,0.0548198318059238,14.503032712190452,A321,short,202,232543.50484738595,1151.2054695415145,12747995.82329373,1067274.068926917,openap_type,0.21153846153846154,EDDF,0.7884615384615384,EDDF
3c6421,D-AIAA,Condor,A321,A321,2026,359,443225.7206974877,2015497.7612727312,24074.00103742429,6368972.925621831,0.0,1234.6120353690465,5614.1998921246,4.547339351382899,0.054315442252629,14.36959235036996,A321,short,359,443225.7206974877,1234.6120353690465,24074001.03742429,2015497.7612727312,openap_type,0.21153846153846154,EDDF,0.7884615384615384,EDDF
3c6424,D-AIAD,Condor,A321,A321,2025,198,240280.70049604928,1102296.2879347682,13166.316772554175,3483256.269873868,0.0,1213.5388913941883,5567.152969367517,4.587535684968142,0.0547955651260083,14.496612764499329,A321,short,198,240280.70049604928,1213.5388913941883,13166316.772554176,1102296.2879347682,openap_type,0.12583668005354753,EDDF,0.8741633199464525,EDDF
3c6424,D-AIAD,Condor,A321,A321,2026,542,571768.671175058,2672474.446363924,31921.22255379131,8445019.25051,0.0,1054.9237475554576,4930.764661188051,4.674048406450192,0.0558289115214884,14.769992964382608,A321,short,542,571768.671175058,1054.9237475554576,31921222.55379131,2672474.446363924,openap_type,0.12583668005354753,EDDF,0.8741633199464525,EDDF
3c6426,D-AIAF,Condor,A321,A321,2025,231,234744.70091365644,1101341.8134571651,13154.916105182803,3480240.130524642,0.0,1016.2108264660452,4767.713478169546,4.691657827293232,0.0560392462704469,14.825638734246615,A321,short,231,234744.70091365644,1016.2108264660452,13154916.105182804,1101341.8134571651,openap_type,0.13908205841446453,EDDF,0.8609179415855355,EDDF
3c6426,D-AIAF,Condor,A321,A321,2026,479,532662.4275193369,2469408.905820548,29495.71748618987,7803332.14239293,0.0,1112.030120082123,5155.342183341436,4.635973513883522,0.0553741280824976,14.64967630387193,A321,short,479,532662.4275193369,1112.030120082123,29495717.486189872,2469408.905820548,openap_type,0.13908205841446453,EDDF,0.8609179415855355,EDDF
3c6427,D-AIAG,Condor,A321,A321,2025,194,183105.05203573065,870546.1879686482,10398.190578514408,2750925.9539809283,0.0,943.8404744109826,4487.351484374475,4.754353734591508,0.0567881140520652,15.023757801309165,A321,short,194,183105.05203573065,943.8404744109826,10398190.578514408,870546.1879686482,openap_type,0.11387434554973822,EDDF,0.8861256544502618,EDDF
3c6427,D-AIAG,Condor,A321,A321,2026,566,671163.5729751867,3075653.0732311117,36736.96726359383,9719063.711410312,0.0,1185.801365680542,5434.01603044366,4.582568537796403,0.0547362353125681,14.480916579436636,A321,short,566,671163.5729751867,1185.801365680542,36736967.26359383,3075653.0732311117,openap_type,0.11387434554973822,EDDF,0.8861256544502618,EDDF
3c6429,D-AIAI,Condor,A321,A321,2025,307,284192.4049899521,1364478.633606945,16297.93923474962,4311752.482197947,0.0,925.7081595763912,4444.555809794609,4.801249469193898,0.0573482575487049,15.171948322652725,A321,short,307,284192.4049899521,925.7081595763912,16297939.23474962,1364478.633606945,openap_type,0.26097560975609757,EDDF,0.7390243902439024,EDDF
3c6429,D-AIAI,Condor,A321,A321,2026,506,614878.1186596649,2805817.5437772847,33513.93177289535,8866383.43833622,0.0,1215.1741475487447,5545.09396003416,4.5632092907998,0.0545049998623309,14.419741358927368,A321,short,506,614878.1186596649,1215.1741475487447,33513931.772895347,2805817.5437772847,openap_type,0.26097560975609757,EDDF,0.7390243902439024,EDDF
3c6433,D-AIAS,Condor,A321,A321,2025,257,237153.51955746423,1132536.897166146,13527.52404948452,3578816.5950450213,0.0,922.7763406905224,4406.7583547320855,4.775543282172217,0.0570412114259459,15.090716771664209,A321,short,257,237153.51955746423,922.7763406905224,13527524.04948452,1132536.897166146,openap_type,0.1674074074074074,EDDF,0.8325925925925926,EDDF
3c6433,D-AIAS,Condor,A321,A321,2026,415,438125.3843300341,2054320.7427194968,24537.71998248288,6491653.5469936095,0.0,1055.723817662733,4950.1704643843295,4.688887738976574,0.0560061591044424,14.816885255165976,A321,short,415,438125.3843300341,1055.723817662733,24537719.98248288,2054320.7427194968,openap_type,0.1674074074074074,EDDF,0.8325925925925926,EDDF
3c6441,D-AIBA,Lufthansa,A319,A319,2025,755,425524.4651207352,1821609.2711928333,21758.11073924773,5756285.296969354,0.0,563.6085630738215,2412.7275115136863,4.280856732117583,0.0511324554114044,13.527507273491567,A319,short,755,425524.4651207352,563.6085630738215,21758110.73924773,1821609.2711928333,openap_type,0.38259526261585997,EDDF,0.61740473738414,EDDF
3c6441,D-AIBA,Lufthansa,A319,A319,2026,1185,639180.4492888526,2781054.864461429,33218.155325511514,8788133.371698117,0.0,539.3927842100022,2346.881742161544,4.3509698514020725,0.0519699176695247,13.74906473043055,A319,short,1185,639180.4492888526,539.3927842100022,33218155.325511515,2781054.864461429,openap_type,0.38259526261585997,EDDF,0.61740473738414,EDDF
3c6442,D-AIBB,Lufthansa,A319,A319,2025,743,407518.57716764126,1755380.2105309789,20967.041403564468,5547001.4652778935,0.0,548.4772236442009,2362.5574838909542,4.307485127994219,0.0514505168065976,13.61165300446173,A319,short,743,407518.57716764126,548.4772236442009,20967041.403564468,1755380.2105309789,openap_type,0.4035921817221342,EDDF,0.5964078182778658,EDDF
3c6442,D-AIBB,Lufthansa,A319,A319,2026,1148,665673.9838980528,2855105.0451282933,34102.64359458795,9022131.942605408,0.0,579.8553866707778,2487.025300634402,4.289044057887576,0.0512302484692127,13.55337922292474,A319,short,1148,665673.9838980528,579.8553866707778,34102643.59458795,2855105.0451282933,openap_type,0.4035921817221342,EDDF,0.5964078182778658,EDDF
3c6443,D-AIBC,Lufthansa,A319,A319,2025,776,444581.71763926913,1896591.9774415735,22653.73750832991,5993230.648715373,0.0,572.914584586687,2444.061826599966,4.266014328057585,0.0509551711406878,13.480605276661969,A319,short,776,444581.71763926913,572.914584586687,22653737.50832991,1896591.9774415735,openap_type,0.4102141680395387,EDDF,0.5897858319604613,EDDF
3c6443,D-AIBC,Lufthansa,A319,A319,2026,1040,589672.9764035067,2531868.8549882597,30241.76687902643,8000705.581762899,0.0,566.9932465418334,2434.489283642557,4.293683035011137,0.0512856584737441,13.568038390635191,A319,short,1040,589672.9764035067,566.9932465418334,30241766.879026428,2531868.8549882597,openap_type,0.4102141680395387,EDDF,0.5897858319604613,EDDF
3c6444,D-AIBD,Lufthansa,A319,A319,2025,730,401458.8439613027,1732963.7407026484,20699.28912505941,5476165.420620369,0.0,549.9436218647983,2373.922932469381,4.31666599645191,0.0515601771798422,13.640664548788031,A319,short,730,401458.8439613027,549.9436218647983,20699289.12505941,1732963.7407026484,openap_type,0.3993106843919252,EDDF,0.6006893156080748,EDDF
3c6444,D-AIBD,Lufthansa,A319,A319,2026,1296,715991.8095946615,3093606.1221934627,36951.40645953303,9775795.346131342,0.0,552.4628160452635,2387.041760951746,4.3207283669136105,0.0516086999381348,13.65350163944701,A319,short,1296,715991.8095946615,552.4628160452635,36951406.45953303,3093606.1221934627,openap_type,0.3993106843919252,EDDF,0.6006893156080748,EDDF
3c6445,D-AIBE,Lufthansa,A319,A319,2025,733,438419.6163566416,1853190.7749710476,22135.334256598624,5856082.84890851,0.0,598.116802669361,2528.22752383499,4.226979600893429,0.0504889230106715,13.357255538823235,A319,short,733,438419.6163566416,598.116802669361,22135334.256598625,1853190.7749710476,openap_type,0.3801229508196721,EDDF,0.6198770491803278,EDDF
3c6445,D-AIBE,Lufthansa,A319,A319,2026,1208,647543.7157460322,2809566.4649902754,33558.710554050514,8878230.029369272,0.0,536.046122306318,2325.800053799897,4.338805854603016,0.051824625485536,13.710626500545532,A319,short,1208,647543.7157460322,536.046122306318,33558710.55405051,2809566.4649902754,openap_type,0.3801229508196721,EDDF,0.6198770491803278,EDDF
3c6446,D-AIBF,Lufthansa,A319,A319,2025,778,428156.92870455165,1842164.4300689169,22003.63069248984,5821239.5990177775,0.0,550.3302425508376,2367.8206042016923,4.302544946878803,0.051391509087719,13.59604203213702,A319,short,778,428156.92870455165,550.3302425508376,22003630.69248984,1842164.4300689169,openap_type,0.4034034034034034,EDDF,0.5965965965965966,EDDF
3c6446,D-AIBF,Lufthansa,A319,A319,2026,1208,644127.3975796627,2793467.51327353,33366.41751965606,8827357.341944357,0.0,533.2180443540254,2312.473107014512,4.3368245532950604,0.0518009599421354,13.704365588412392,A319,short,1208,644127.3975796627,533.2180443540254,33366417.519656066,2793467.51327353,openap_type,0.4034034034034034,EDDF,0.5965965965965966,EDDF
3c6447,D-AIBG,Lufthansa,A319,A319,2025,688,383786.6332560727,1640208.361827835,19591.377655165805,5183058.423375959,0.0,557.8294088024312,2384.023781726504,4.273750620005163,0.0510475768500616,13.505051959216315,A319,short,688,383786.6332560727,557.8294088024312,19591377.655165806,1640208.361827835,openap_type,0.382172131147541,EDDF,0.617827868852459,EDDF
3c6447,D-AIBG,Lufthansa,A319,A319,2026,1262,689321.2245292783,2980474.414778211,35600.11106540641,9418299.150699148,0.0,546.2133316396818,2361.707143247394,4.323781582111459,0.0516451688974424,13.66314979947221,A319,short,1262,689321.2245292783,546.2133316396818,35600111.06540641,2980474.414778211,openap_type,0.382172131147541,EDDF,0.617827868852459,EDDF
3c6448,D-AIBH,Lufthansa,A319,A319,2025,827,441882.8568149456,1914761.257245629,22870.75946154501,6050645.572896188,0.0,534.32026217043,2315.30986365856,4.333187467481918,0.0517575169727006,13.69287239724286,A319,short,827,441882.8568149456,534.32026217043,22870759.461545013,1914761.257245629,openap_type,0.4032085561497326,EDDF,0.5967914438502674,EDDF
3c6448,D-AIBH,Lufthansa,A319,A319,2026,1043,568864.2970481444,2456203.1568821208,29337.98215164756,7761601.975747502,0.0,545.4115983203685,2354.9407065025125,4.317731257924676,0.0515729011363225,13.644030775041976,A319,short,1043,568864.2970481444,545.4115983203685,29337982.15164756,2456203.1568821208,openap_type,0.4032085561497326,EDDF,0.5967914438502674,EDDF
3c6449,D-AIBI,Lufthansa,A319,A319,2025,751,433831.2655025709,1846023.676927288,22049.72725218705,5833434.819090229,0.0,577.6714587251276,2458.087452632873,4.25516513842949,0.0508255835979078,13.44632183743719,A319,short,751,433831.2655025709,577.6714587251276,22049727.25218705,1846023.676927288,openap_type,0.38682432432432434,EDDF,0.6131756756756757,EDDF
3c6449,D-AIBI,Lufthansa,A319,A319,2026,1015,556601.5654730863,2397653.270572704,28638.63628739618,7576584.335009743,0.0,548.3759265744693,2362.2199710075893,4.3076653378342655,0.0514526693130203,13.61222246755628,A319,short,1015,556601.5654730863,548.3759265744693,28638636.28739618,2397653.270572704,openap_type,0.38682432432432434,EDDF,0.6131756756756757,EDDF
3c644a,D-AIBJ,Lufthansa,A319,A319,2025,789,434499.02309546433,1875171.105616772,22397.877094867003,5925540.693749,0.0,550.6958467623122,2376.6427194128923,4.315708450292133,0.0515487398229338,13.63763870292314,A319,short,789,434499.02309546433,550.6958467623122,22397877.094867,1875171.105616772,openap_type,0.38245273873000485,EDDF,0.6175472612699952,EDDF
3c644a,D-AIBJ,Lufthansa,A319,A319,2026,1271,663287.5515357768,2907696.733141112,34730.82209029662,9188321.676725917,0.0,521.8627470777159,2287.723629536674,4.383764969519822,0.0523616371359312,13.85269730368264,A319,short,1271,663287.5515357768,521.8627470777159,34730822.09029662,2907696.733141112,openap_type,0.38245273873000485,EDDF,0.6175472612699952,EDDF
3c644d,D-AIBM,Lufthansa CityLine,A319,A319,2025,505,312184.3405002485,1325855.19720063,15836.60374434086,4189702.423153991,0.0,618.1868128717791,2625.4558360408514,4.247026596773115,0.0507283732392344,13.420604045803048,A319,short,505,312184.3405002485,618.1868128717791,15836603.74434086,1325855.19720063,openap_type,0.3401015228426396,EDDM,0.6598984771573604,EDDM
3c644d,D-AIBM,Lufthansa CityLine,A319,A319,2026,479,264566.6104202645,1152083.4080938897,13760.99626334368,3640583.569576691,0.0,552.3311282260219,2405.184568045698,4.3546062228480125,0.0520133521062401,13.76055566419972,A319,short,479,264566.6104202645,552.3311282260219,13760996.26334368,1152083.4080938897,openap_type,0.3401015228426396,EDDM,0.6598984771573604,EDDM
3c6450,D-AIBP,Lufthansa CityLine,A319,A319,2025,532,309762.6841768548,1336796.2117132558,15967.288084352778,4224276.029013889,0.0,582.2606845429601,2512.774834047473,4.315549548085754,0.0515468418243576,13.637136571950984,A319,short,532,309762.6841768548,582.2606845429601,15967288.084352778,1336796.2117132558,openap_type,0.3437057991513437,EDDM,0.6562942008486563,EDDM
3c6450,D-AIBP,Lufthansa CityLine,A319,A319,2026,175,104971.15203088376,449995.5697505012,5374.947083130986,1421986.0004115838,0.0,599.8351544621928,2571.403255717149,4.286849872983267,0.0512040401495223,13.546445598627123,A319,short,175,104971.15203088376,599.8351544621928,5374947.083130986,449995.5697505012,openap_type,0.3437057991513437,EDDM,0.6562942008486563,EDDM
3c6461,D-AICA,Condor,A320,A320,2025,169,146745.9035225028,607558.498011317,7256.948726246285,1919884.8537157616,0.0,868.3189557544545,3595.0206982918166,4.140207552152559,0.0494524790951555,13.083055864802088,A320,short,169,146745.9035225028,868.3189557544545,7256948.726246285,607558.498011317,openap_type,0.11695906432748537,EDDF,0.8830409356725146,EDDF
3c6467,D-AICG,Condor,A320,A320,2025,341,246642.21109481185,1061752.7715951886,12682.046994053642,3355138.758240796,0.0,723.2909416270141,3113.6444914814915,4.304829927051862,0.0514188019064527,13.603262569483883,A320,short,341,246642.21109481185,723.2909416270141,12682046.994053643,1061752.7715951886,openap_type,0.388180764774044,EDDF,0.6118192352259559,EDDF
3c6467,D-AICG,Condor,A320,A320,2026,521,310929.3338189782,1412723.2446611028,16874.19431122984,4464205.453129086,0.0,596.7933470613785,2711.560930251637,4.543550868325548,0.0542701909272218,14.357620743908736,A320,short,521,310929.3338189782,596.7933470613785,16874194.31122984,1412723.2446611028,openap_type,0.388180764774044,EDDF,0.6118192352259559,EDDF
3c6468,D-AICH,Condor,A320,A320,2025,283,240314.0962419867,1001819.8828449867,11966.181933981788,3165750.8297901587,0.0,849.1664178162074,3539.9995860246886,4.1687936684171625,0.0497939243727605,13.173387992198236,A320,short,283,240314.0962419867,849.1664178162074,11966181.93398179,1001819.8828449867,openap_type,0.25667655786350146,EDDF,0.7433234421364985,EDDF
3c6468,D-AICH,Condor,A320,A320,2026,390,339966.2940922869,1411136.2259748557,16855.238254699667,4459190.474080544,0.0,871.7084463904793,3618.298015320143,4.150812155489127,0.0495791451905645,13.11656641134564,A320,short,390,339966.2940922869,871.7084463904793,16855238.254699666,1411136.2259748557,openap_type,0.25667655786350146,EDDF,0.7433234421364985,EDDF
3c6469,D-AICI,Condor,A320,A320,2025,348,250141.44950830884,1077852.5016385342,12874.349325126936,3406013.9051777683,0.0,718.797268702037,3097.2773035590067,4.308971998672022,0.0514682766508047,13.61635151580359,A320,short,348,250141.44950830884,718.797268702037,12874349.325126937,1077852.5016385342,openap_type,0.3814074717636838,EDDF,0.6185925282363163,EDDF
3c6469,D-AICI,Condor,A320,A320,2026,802,433920.4989584453,2017989.1561436565,24103.75936504923,6376845.733413955,0.0,541.0480036888346,2516.195955291342,4.650596505552301,0.0555487915940969,14.695884957545273,A320,short,802,433920.4989584453,541.0480036888346,24103759.36504923,2017989.1561436565,openap_type,0.3814074717636838,EDDF,0.6185925282363163,EDDF
3c6473,D-AICS,Condor,A320,A320,2025,355,285678.36807844427,1198910.1332644154,14320.315480658295,3788556.021115553,0.0,804.7277974040684,3377.211642998353,4.19671304246322,0.0501274057849773,13.261613214183775,A320,short,355,285678.36807844427,804.7277974040684,14320315.480658296,1198910.1332644154,openap_type,0.344106463878327,EDDF,0.655893536121673,EDDF
3c6473,D-AICS,Condor,A320,A320,2026,693,385992.8327457183,1791204.413927182,21394.941610796894,5660205.948009895,0.0,556.9882146402861,2584.7105540074776,4.640512107920872,0.0554283390668326,14.66401826102996,A320,short,693,385992.8327457183,556.9882146402861,21394941.61079689,1791204.413927182,openap_type,0.344106463878327,EDDF,0.655893536121673,EDDF
3c6475,D-AICU,Condor,A320,A320,2025,396,235824.4670520056,1069419.5980891767,12773.622977176276,3379365.9299617982,0.0,595.5163309394081,2700.554540629234,4.534811894023452,0.054165808734169,14.330005585114108,A320,short,396,235824.4670520056,595.5163309394081,12773622.977176275,1069419.5980891767,openap_type,0.3329519450800915,EDDF,0.6670480549199085,EDDF
3c6475,D-AICU,Condor,A320,A320,2026,471,269697.0846629545,1239950.992215135,14810.525740347444,3918245.1353998254,0.0,572.605275292897,2632.592340159522,4.597569134885996,0.0549154091111382,14.528318466239748,A320,short,471,269697.0846629545,572.605275292897,14810525.740347443,1239950.992215135,openap_type,0.3329519450800915,EDDF,0.6670480549199085,EDDF
3c6481,D-AIDA,Lufthansa,A321,A321,2025,433,452758.0077766376,2138521.9541352983,25543.45667439384,6757729.375067543,0.0,1045.630502948355,4938.84977860346,4.723322210548976,0.0564174597371127,14.925698185334769,A321,short,433,452758.0077766376,1045.630502948355,25543456.67439384,2138521.9541352983,openap_type,0.2435344827586207,EDDF,0.7564655172413793,EDDF
3c6481,D-AIDA,Lufthansa,A321,A321,2026,492,485092.3030849007,2320940.4739722293,27722.34455022385,7334171.897752245,0.0,985.9599656197169,4717.358686935426,4.784533704642226,0.057148597027671,15.119126506669437,A321,short,492,485092.3030849007,985.9599656197169,27722344.55022385,2320940.4739722293,openap_type,0.2435344827586207,EDDF,0.7564655172413793,EDDF
3c6482,D-AIDB,Lufthansa,A321,A321,2025,251,267551.12586374185,1256856.8512182385,15012.456833995626,3971667.6498496337,0.0,1065.9407404929957,5007.39781361848,4.69763245122104,0.056110609834029,14.844518545858485,A321,short,251,267551.12586374185,1065.9407404929957,15012456.833995624,1256856.8512182385,openap_type,0.21675977653631284,EDDF,0.7832402234636872,EDDF
3c6482,D-AIDB,Lufthansa,A321,A321,2026,643,666954.5218245632,3153751.1892968845,37669.80587215723,9965853.758178156,0.0,1037.2543107691497,4904.745239964051,4.728585062545617,0.0564803215804059,14.942328797644151,A321,short,643,666954.5218245632,1037.2543107691497,37669805.87215723,3153751.1892968845,openap_type,0.21675977653631284,EDDF,0.7832402234636872,EDDF
3c6483,D-AIDC,Lufthansa,A321,A321,2025,479,500708.3853794184,2365397.142487828,28253.354757493496,7474654.970261536,0.0,1045.3202199987857,4938.198627323231,4.7241013163688415,0.0564267657232945,14.92816015972554,A321,short,479,500708.3853794184,1045.3202199987857,28253354.757493496,2365397.142487828,openap_type,0.2928221859706362,EDDF,0.7071778140293639,EDDF
3c6483,D-AIDC,Lufthansa,A321,A321,2026,742,699008.5869362848,3367407.5938004246,40221.81292594952,10641007.996409344,0.0,942.0600902106264,4538.285166846934,4.817405188911315,0.0575412286453296,15.223000396959758,A321,short,742,699008.5869362848,942.0600902106264,40221812.92594952,3367407.5938004246,openap_type,0.2928221859706362,EDDF,0.7071778140293639,EDDF
3c6484,D-AIDD,Lufthansa,A321,A321,2025,327,363339.2362627079,1700662.412707928,20313.46770734469,5374093.224157053,0.0,1111.1291628828988,5200.802485345346,4.680646192249618,0.0559077184074259,14.790841967508792,A321,short,327,363339.2362627079,1111.1291628828988,20313467.707344696,1700662.412707928,openap_type,0.3143507972665148,EDDM,0.6856492027334852,EDDM
3c6484,D-AIDD,Lufthansa,A321,A321,2026,550,521154.5342816543,2522626.731801303,30131.37485207112,7971500.472492118,0.0,947.5536986939168,4586.594057820551,4.840458186319775,0.0578165838921528,15.295847868770489,A321,short,550,521154.5342816543,947.5536986939168,30131374.85207112,2522626.731801303,openap_type,0.3143507972665148,EDDM,0.6856492027334852,EDDM
3c6485,D-AIDE,Lufthansa,A321,A321,2025,422,500042.2753091861,2311958.88389952,27615.064446577595,7305790.073122483,0.0,1184.9343016805358,5478.575554264265,4.623526845745171,0.0552254595464006,14.61034483255474,A321,short,422,500042.2753091861,1184.9343016805358,27615064.446577597,2311958.88389952,openap_type,0.17903930131004367,EDDF,0.8209606986899564,EDDF
3c6485,D-AIDE,Lufthansa,A321,A321,2026,721,755239.4740319875,3560547.0473287106,42528.75639864849,11251328.669558726,0.0,1047.488868282923,4938.3454193186,4.714461001780088,0.0563116175212621,14.89769676562508,A321,short,721,755239.4740319875,1047.488868282923,42528756.398648486,3560547.0473287106,openap_type,0.17903930131004367,EDDF,0.8209606986899564,EDDF
3c6486,D-AIDF,Lufthansa,A321,A321,2025,501,513405.9977017371,2439803.3465832025,29142.095528632693,7709778.57520292,0.0,1024.7624704625491,4869.866959247909,4.752190970703472,0.0567622810389581,15.01692346742297,A321,short,501,513405.9977017371,1024.7624704625491,29142095.528632693,2439803.3465832025,openap_type,0.34936138241923365,EDDM,0.6506386175807664,EDDM
3c6486,D-AIDF,Lufthansa,A321,A321,2026,828,760603.5866357136,3699173.1933027776,44184.56869778317,11689387.290836778,0.0,918.6033655020696,4467.600475003354,4.863470615047827,0.0580914545686268,15.368567143551136,A321,short,828,760603.5866357136,918.6033655020696,44184568.69778317,3699173.1933027776,openap_type,0.34936138241923365,EDDM,0.6506386175807664,EDDM
3c6487,D-AIDG,Lufthansa,A321,A321,2025,431,494661.9507320242,2299604.806346523,27467.50185358347,7266751.188055014,0.0,1147.7075423016804,5335.509991523256,4.648841098336871,0.0555278242301348,14.690337870744516,A321,short,431,494661.9507320242,1147.7075423016804,27467501.85358347,2299604.806346523,openap_type,0.21404109589041095,EDDF,0.785958904109589,EDDF
3c6487,D-AIDG,Lufthansa,A321,A321,2026,731,754755.7514422099,3570911.360946669,42652.55236686299,11284079.900591474,0.0,1032.497607992079,4884.967662033747,4.731214507638086,0.0565117288412326,14.950637844136352,A321,short,731,754755.7514422099,1032.497607992079,42652552.36686299,3570911.360946669,openap_type,0.21404109589041095,EDDF,0.785958904109589,EDDF
3c6488,D-AIDH,Lufthansa,A321,A321,2025,397,444562.5678361014,2071180.8314465005,24739.104375610976,6544931.427370941,0.0,1119.8049567659984,5217.080179965996,4.658918634395891,0.0556481947997287,14.722182884691016,A321,short,397,444562.5678361014,1119.8049567659984,24739104.375610977,2071180.8314465005,openap_type,0.29734361610968296,EDDF,0.702656383890317,EDDF
3c6488,D-AIDH,Lufthansa,A321,A321,2026,768,746983.3860130726,3582698.3633944006,42793.34156276645,11321326.828326304,0.0,972.6346172045216,4664.971827336459,4.796222286169698,0.0572882106403602,15.156062424296245,A321,short,768,746983.3860130726,972.6346172045216,42793341.56276645,3582698.3633944006,openap_type,0.29734361610968296,EDDF,0.702656383890317,EDDF
3c6489,D-AIDI,Lufthansa,A321,A321,2025,421,478717.68874896073,2222866.693234445,26550.90772474476,7024258.750620847,0.0,1137.0966478597643,5279.968392480867,4.643376974524363,0.0554625583068187,14.673071239496988,A321,short,421,478717.68874896073,1137.0966478597643,26550907.72474476,2222866.693234445,openap_type,0.21758839528558477,EDDF,0.7824116047144152,EDDF
3c6489,D-AIDI,Lufthansa,A321,A321,2026,675,687272.1084053317,3258508.125613272,38921.06927815853,10296885.67693794,0.0,1018.1809013412322,4827.419445352995,4.741219796004736,0.0566312364522787,14.982254555374968,A321,short,675,687272.1084053317,1018.1809013412322,38921069.27815852,3258508.125613272,openap_type,0.21758839528558477,EDDF,0.7824116047144152,EDDF
3c648a,D-AIDJ,Lufthansa,A321,A321,2025,419,463683.2566620503,2168124.212214597,25897.03920145214,6851272.510598129,0.0,1106.6426173318623,5174.520792874934,4.675873413723039,0.0558507102194696,14.775759987364806,A321,short,419,463683.2566620503,1106.6426173318623,25897039.20145214,2168124.212214597,openap_type,0.19389763779527558,EDDF,0.8061023622047244,EDDF
3c648a,D-AIDJ,Lufthansa,A321,A321,2026,597,617761.58148454,2924028.715761522,34925.898549373735,9239930.74180641,0.0,1034.7765183995646,4897.870545664191,4.733264099613967,0.0565362100787223,14.95711455478014,A321,short,597,617761.58148454,1034.7765183995646,34925898.54937373,2924028.715761522,openap_type,0.19389763779527558,EDDF,0.8061023622047244,EDDF
3c648b,D-AIDK,Lufthansa,A321,A321,2025,308,371093.5394268834,1709738.9639271337,20421.88206912965,5402775.126009743,0.0,1204.8491539833876,5551.100532230953,4.607299190839197,0.0550316292239126,14.559065443051864,A321,short,308,371093.5394268834,1204.8491539833876,20421882.06912965,1709738.9639271337,openap_type,0.22145669291338582,EDDF,0.7785433070866141,EDDF
3c648b,D-AIDK,Lufthansa,A321,A321,2026,706,710047.0283029731,3374577.301944647,40307.45110656106,10663664.274145084,0.0,1005.7323347067608,4779.854535332362,4.752610978472729,0.0567672977984242,15.018250691973826,A321,short,706,710047.0283029731,1005.7323347067608,40307451.106561065,3374577.301944647,openap_type,0.22145669291338582,EDDF,0.7785433070866141,EDDF
3c648c,D-AIDL,Lufthansa,A321,A321,2025,347,389891.182942017,1814635.2379759557,21674.809786935024,5734247.35200402,0.0,1123.6057145303084,5229.496363043099,4.65420947527767,0.055591946510261,14.70730194187744,A321,short,347,389891.182942017,1123.6057145303084,21674809.786935024,1814635.2379759557,openap_type,0.1977401129943503,EDDF,0.8022598870056497,EDDF
3c648c,D-AIDL,Lufthansa,A321,A321,2026,712,742885.6948398479,3515315.459947773,41988.49021604284,11108396.853434963,0.0,1043.3787848874267,4937.240814533388,4.731973551739489,0.0565207952013327,14.953036423496783,A321,short,712,742885.6948398479,1043.3787848874267,41988490.21604284,3515315.459947773,openap_type,0.1977401129943503,EDDF,0.8022598870056497,EDDF
3c648d,D-AIDM,Lufthansa,A321,A321,2025,494,482817.0471078819,2318575.3522979594,27694.09448578118,7326698.113261552,0.0,977.3624435382224,4693.472373072792,4.802182040146339,0.0573593965906368,15.174895246862432,A321,short,494,482817.0471078819,977.3624435382224,27694094.48578118,2318575.3522979594,openap_type,0.4193290734824281,EDDM,0.5806709265175719,EDDM
3c648d,D-AIDM,Lufthansa,A321,A321,2026,757,731580.7126695362,3523138.690435309,42081.9343579773,11133118.261775576,0.0,966.4210206995194,4654.08017230556,4.815789467138061,0.0575219297463712,15.217894716156271,A321,short,757,731580.7126695362,966.4210206995194,42081934.3579773,3523138.690435309,openap_type,0.4193290734824281,EDDM,0.5806709265175719,EDDM
3c648e,D-AIDN,Lufthansa,A321,A321,2025,502,513974.5229148291,2443857.4659431484,29190.51973209872,7722589.592380349,0.0,1023.8536313044405,4868.241964030176,4.754822188624553,0.0567937094752377,15.02523811605359,A321,short,502,513974.5229148291,1023.8536313044405,29190519.73209872,2443857.4659431484,openap_type,0.4118673647469459,EDDM,0.588132635253054,EDDM
3c648e,D-AIDN,Lufthansa,A321,A321,2026,642,594307.4801096902,2888142.462960029,34497.25719646702,9126530.182953691,0.0,925.712585840639,4498.664272523411,4.859677119370886,0.0580461433702633,15.356579697212,A321,short,642,594307.4801096902,925.712585840639,34497257.19646702,2888142.462960029,openap_type,0.4118673647469459,EDDM,0.588132635253054,EDDM
3c648f,D-AIDO,Eurowings,A321,A321,2025,269,430201.1616985878,1898399.4274128596,22675.32649409804,5998942.190624636,0.0,1599.260824158319,7057.24694205524,4.4128179940688685,0.0527086593736003,13.944504861257624,A321,medium,269,430201.1616985878,1599.260824158319,22675326.49409804,1898399.4274128596,openap_type,0.034013605442176874,EDDL,0.9659863945578231,EDDL
3c648f,D-AIDO,Eurowings,A321,A321,2026,609,956594.8606954868,4238228.827989756,50623.28877876653,13392803.09644763,0.0,1570.7633180549865,6959.324840705675,4.430536899297553,0.0529203018527207,14.000496601780268,A321,medium,609,956594.8606954868,1570.7633180549865,50623288.77876653,4238228.827989756,openap_type,0.034013605442176874,EDDL,0.9659863945578231,EDDL
3c6490,D-AIDP,Eurowings,A321,A321,2025,267,400020.86620011646,1781476.2174334172,21278.743708232483,5629464.847089599,0.0,1498.205491386204,6672.195570911675,4.453458226707121,0.0531940843745572,14.072927996394505,A321,short,267,400020.86620011646,1498.205491386204,21278743.708232485,1781476.2174334172,openap_type,0.05088757396449704,EDDL,0.9491124260355029,EDDL
3c6490,D-AIDP,Eurowings,A321,A321,2026,568,913124.5589460756,4033500.847503379,48177.92678962369,12745862.678110678,0.0,1607.61366011633,7101.2338864496105,4.417251521696918,0.0527616153980465,13.95851480856226,A321,medium,568,913124.5589460756,1607.61366011633,48177926.78962369,4033500.847503379,openap_type,0.05088757396449704,EDDL,0.9491124260355029,EDDL
3c6491,D-AIDQ,Eurowings,A321,A321,2025,305,452764.42564612953,2022226.4056881596,24154.370956830797,6390235.441974584,0.0,1484.4735267086214,6630.250510452982,4.466398619552072,0.053348650177983,14.113819637784546,A321,short,305,452764.42564612953,1484.4735267086214,24154370.956830792,2022226.4056881596,openap_type,0.03333333333333333,EDDL,0.9666666666666667,EDDL
3c6491,D-AIDQ,Eurowings,A321,A321,2026,500,765927.116314336,3407062.6558650527,40695.47061172146,10766317.992533566,0.0,1531.854232628672,6814.125311730106,4.448285722354288,0.0531323016836762,14.05658288263955,A321,medium,500,765927.116314336,1531.854232628672,40695470.611721456,3407062.6558650527,openap_type,0.03333333333333333,EDDL,0.9666666666666667,EDDL
3c6494,D-AIDT,Eurowings,A321,A321,2025,287,465882.44986059016,2053857.2904704416,24532.184302841382,6490189.037886596,0.0,1623.283797423659,7156.297179339518,4.408531145753686,0.0526574553520579,13.930958420581648,A321,medium,287,465882.44986059016,1623.283797423659,24532184.302841388,2053857.2904704416,openap_type,0.03666245259165613,EDDL,0.9633375474083439,EDDL
3c6494,D-AIDT,Eurowings,A321,A321,2026,496,787300.0714607122,3483658.829926055,41610.3693574501,11008361.902566334,0.0,1587.2985311707907,7023.505705496079,4.424817113839035,0.0528519821930773,13.982422079731352,A321,medium,496,787300.0714607122,1587.2985311707907,41610369.3574501,3483658.829926055,openap_type,0.03666245259165613,EDDL,0.9633375474083439,EDDL
3c6495,D-AIDU,Eurowings,A321,A321,2025,264,367652.2494968733,1658935.2823165092,19815.060316558305,5242235.492120169,0.0,1392.6221571851258,6283.845766350413,4.512240261243439,0.0538962031204077,14.258679225529267,A321,short,264,367652.2494968733,1392.6221571851258,19815060.316558305,1658935.2823165092,openap_type,0.07151370679380215,EDDL,0.9284862932061979,EDDL
3c6495,D-AIDU,Eurowings,A321,A321,2026,564,846541.6234299748,3776085.879537425,45103.2480055859,11932431.37933826,0.0,1500.9603252304516,6695.187729676285,4.460602733552155,0.0532794215396507,14.095504638024808,A321,medium,564,846541.6234299748,1500.9603252304516,45103248.0055859,3776085.879537425,openap_type,0.07151370679380215,EDDL,0.9284862932061979,EDDL
3c6496,D-AIDV,Eurowings,A321,A321,2025,290,462104.411966045,2042135.8210443447,24392.17786247412,6453149.19450013,0.0,1593.4634895380862,7041.847658773602,4.419208664024612,0.0527849923758495,13.964699378317777,A321,medium,290,462104.411966045,1593.4634895380862,24392177.86247412,2042135.8210443447,openap_type,0.043617021276595745,EDDL,0.9563829787234043,EDDL
3c6496,D-AIDV,Eurowings,A321,A321,2026,642,968089.98932031,4319732.503107716,51596.80489823105,13650354.709820384,0.0,1507.9283322746262,6728.555300790836,4.462118760406327,0.0532975296381866,14.100295282883994,A321,medium,642,968089.98932031,1507.9283322746262,51596804.89823105,4319732.503107716,openap_type,0.043617021276595745,EDDL,0.9563829787234043,EDDL
3c6497,D-AIDW,Lufthansa,A321,A321,2025,411,428047.8546088839,2027321.418920701,24215.22805933059,6406335.683789414,0.0,1041.478964985119,4932.6555204883225,4.736202733157268,0.0565713104238229,14.966400636776966,A321,short,411,428047.8546088839,1041.478964985119,24215228.05933059,2027321.418920701,openap_type,0.3076923076923077,EDDM,0.6923076923076923,EDDM
3c6497,D-AIDW,Lufthansa,A321,A321,2026,707,671534.9212326156,3249877.674211668,38817.98333086159,10269613.45050887,0.0,949.8372294662172,4596.715239337578,4.83947680374753,0.0578048618225399,15.292746699842194,A321,short,707,671534.9212326156,949.8372294662172,38817983.33086158,3249877.674211668,openap_type,0.3076923076923077,EDDM,0.6923076923076923,EDDM
3c6498,D-AIDX,Lufthansa,A321,A321,2025,514,534154.5971249406,2522609.8455878934,30131.17315563317,7971447.112057744,0.0,1039.211278453192,4907.801256007575,4.722621239554448,0.0564090870280114,14.923483116992054,A321,short,514,534154.5971249406,1039.211278453192,30131173.15563317,2522609.8455878934,openap_type,0.295016077170418,EDDM,0.704983922829582,EDDM
3c6498,D-AIDX,Lufthansa,A321,A321,2026,728,693393.8595676442,3349574.717927337,40008.80913079875,10584656.108650386,0.0,952.464092812698,4601.064172977111,4.830695674195783,0.0576999761084496,15.264998330458676,A321,short,728,693393.8595676442,952.464092812698,40008809.13079875,3349574.717927337,openap_type,0.295016077170418,EDDM,0.704983922829582,EDDM
3c64a1,D-AIEA,Lufthansa,A21N,A21N,2025,198,331108.8084350341,1065412.9544180343,12725.765844437632,3366704.9359609885,0.0,1672.2667092678491,5380.873507161789,3.217712508023101,0.0384337882902759,10.167971525353002,A21N,medium,198,331108.8084350341,1672.2667092678491,12725765.844437633,1065412.9544180343,openap_type,0.08959537572254335,EDDM,0.9104046242774566,EDDM
3c64a1,D-AIEA,Lufthansa,A21N,A21N,2026,836,1141590.803009393,3705856.1938292496,44264.39342629381,11710505.572500428,0.0,1365.539238049513,4432.842337116327,3.246221136382752,0.038774308017905,10.258058790969494,A21N,short,836,1141590.803009393,1365.539238049513,44264393.42629381,3705856.1938292496,openap_type,0.08959537572254335,EDDM,0.9104046242774566,EDDM
3c64a2,D-AIEB,Lufthansa,A21N,A21N,2025,292,467273.6778119014,1503742.1108401164,17961.364101701387,4751825.070254767,0.0,1600.2523212736348,5149.801749452454,3.218118593543889,0.0384386387562186,10.169254755598688,A21N,medium,292,467273.6778119014,1600.2523212736348,17961364.101701386,1503742.1108401164,openap_type,0.08064516129032258,EDDF,0.9193548387096774,EDDF
3c64a2,D-AIEB,Lufthansa,A21N,A21N,2026,633,928568.9822265462,3007982.3242599377,35928.6777619937,9505224.144661404,0.0,1466.9336212109731,4751.946799778732,3.2393741141851646,0.0386925241416561,10.23642220082512,A21N,short,633,928568.9822265462,1466.9336212109731,35928677.7619937,3007982.3242599377,openap_type,0.08064516129032258,EDDF,0.9193548387096774,EDDF
3c64a3,D-AIEC,Lufthansa,A21N,A21N,2025,464,764902.1887725022,2462126.215184654,29408.72979248337,7780318.839983506,0.0,1648.4960964924617,5306.306498242789,3.2188771993656062,0.0384476998813114,10.171651949995312,A21N,medium,464,764902.1887725022,1648.4960964924617,29408729.792483367,2462126.215184654,openap_type,0.12783053323593865,EDDM,0.8721694667640614,EDDM
3c64a3,D-AIEC,Lufthansa,A21N,A21N,2026,897,1241303.3087091616,4027893.0320465863,48110.94454944535,12728141.981267216,0.0,1383.838694213112,4490.404718000654,3.2448902728175404,0.0387584115919872,10.253853262103428,A21N,short,897,1241303.3087091616,1383.838694213112,48110944.54944535,4027893.0320465863,openap_type,0.12783053323593865,EDDM,0.8721694667640614,EDDM
3c64a4,D-AIED,Lufthansa,A21N,A21N,2025,334,535554.5372122248,1722991.5533280603,20580.17688697405,5444653.308516671,0.0,1603.456698240194,5158.657345293594,3.217210262650223,0.0384277892483221,10.166384429974704,A21N,medium,334,535554.5372122248,1603.456698240194,20580176.88697405,1722991.5533280603,openap_type,0.08846918489065607,EDDF,0.911530815109344,EDDF
3c64a4,D-AIED,Lufthansa,A21N,A21N,2026,669,966646.9979865464,3132519.899227286,37416.20990743703,9898762.881558225,0.0,1444.9133004283203,4682.3914786656,3.240603763061481,0.0387072116143454,10.24030789127428,A21N,short,669,966646.9979865464,1444.9133004283203,37416209.90743703,3132519.899227286,openap_type,0.08846918489065607,EDDF,0.911530815109344,EDDF
3c64a5,D-AIEE,Lufthansa,A21N,A21N,2025,380,603329.7993631971,1944931.858968997,23231.13053768524,6145984.674342031,0.0,1587.7099983242028,5118.241734128939,3.223662847453971,0.0385048617890335,10.18677459795455,A21N,medium,380,603329.7993631971,1587.7099983242028,23231130.53768524,1944931.858968997,openap_type,0.12469437652811736,EDDM,0.8753056234718827,EDDM
3c64a5,D-AIEE,Lufthansa,A21N,A21N,2026,843,1194916.4923650734,3875272.286395375,46287.974531944754,12245860.425009385,0.0,1417.457286316813,4597.001525973161,3.243132311886606,0.0387374137253122,10.248298105561677,A21N,short,843,1194916.4923650734,1417.457286316813,46287974.53194475,3875272.286395375,openap_type,0.12469437652811736,EDDM,0.8753056234718827,EDDM
3c64a6,D-AIEF,Lufthansa,A21N,A21N,2025,409,659097.7288560128,2121578.203191517,25341.072982565343,6704187.122085194,0.0,1611.4858896235032,5187.232770639405,3.2189129324932013,0.0384481266936687,10.171764866678515,A21N,medium,409,659097.7288560128,1611.4858896235032,25341072.982565343,2121578.203191517,openap_type,0.07562277580071175,EDDF,0.9243772241992882,EDDF
3c64a6,D-AIEF,Lufthansa,A21N,A21N,2026,711,1016649.6267350096,3296444.416399272,39374.19719588019,10416764.3558217,0.0,1429.886957433206,4636.349390153688,3.242458689515156,0.0387293676803199,10.246169458867897,A21N,short,711,1016649.6267350096,1429.886957433206,39374197.19588019,3296444.416399272,openap_type,0.07562277580071175,EDDF,0.9243772241992882,EDDF
3c64a7,D-AIEG,Lufthansa,A21N,A21N,2025,465,745620.5672333658,2400746.871482349,28675.58763159472,7586360.113884223,0.0,1603.4850908244428,5162.896497811504,3.219797008001468,0.0384586864844619,10.17455854528464,A21N,medium,465,745620.5672333658,1603.4850908244428,28675587.63159472,2400746.871482349,openap_type,0.10128755364806867,EDDM,0.8987124463519314,EDDM
3c64a7,D-AIEG,Lufthansa,A21N,A21N,2026,696,990268.581594324,3209549.857882763,38336.28996915522,10142177.55090953,0.0,1422.7996861987413,4611.422209601671,3.241090263325749,0.0387130225897242,10.241845232109366,A21N,short,696,990268.581594324,1422.7996861987413,38336289.96915522,3209549.857882763,openap_type,0.10128755364806867,EDDM,0.8987124463519314,EDDM
3c64a8,D-AIEH,Lufthansa,A21N,A21N,2025,423,661919.0263000912,2136523.048815238,25519.58086084867,6751412.834256152,0.0,1564.8203931444236,5050.881912092761,3.227771017185737,0.0385539315941629,10.199756414306927,A21N,medium,423,661919.0263000912,1564.8203931444236,25519580.86084867,2136523.048815238,openap_type,0.15546875,EDDM,0.84453125,EDDM
3c64a8,D-AIEH,Lufthansa,A21N,A21N,2026,852,1129095.1687712462,3667330.198236701,43804.22181227171,11588763.426427975,0.0,1325.2290713277537,4304.378166944485,3.248025764052932,0.0387958632928544,10.263761414407266,A21N,short,852,1129095.1687712462,1325.2290713277537,43804221.81227171,3667330.198236701,openap_type,0.15546875,EDDM,0.84453125,EDDM
3c64a9,D-AIEI,Lufthansa,A21N,A21N,2026,445,574872.4098123136,1873660.9655912395,22379.83931122869,5920768.651268316,0.0,1291.8481119377834,4210.474079980313,3.2592640273047,0.0389300981039172,10.299274326282854,A21N,short,445,574872.4098123136,1291.8481119377834,22379839.311228693,1873660.9655912395,openap_type,0.10762331838565023,EDDM,0.8923766816143498,EDDM
3c64aa,D-AIEJ,Lufthansa,A21N,A21N,2025,465,712504.1530100217,2298513.408675109,27454.465714730468,7263302.371413344,0.0,1532.2669957204766,4943.039588548621,3.225964928014644,0.0385323588623971,10.194049172526274,A21N,medium,465,712504.1530100217,1532.2669957204766,27454465.714730468,2298513.408675109,openap_type,0.11935953420669577,EDDM,0.8806404657933042,EDDM
3c64aa,D-AIEJ,Lufthansa,A21N,A21N,2026,907,1274214.7189815212,4131987.788289876,49354.29858235129,13057081.410996009,0.0,1404.8673858671675,4555.664595688948,3.2427719808421065,0.0387331097711696,10.247159459461058,A21N,short,907,1274214.7189815212,1404.8673858671675,49354298.5823513,4131987.788289876,openap_type,0.11935953420669577,EDDM,0.8806404657933042,EDDM
3c64ab,D-AIEK,Lufthansa,A21N,A21N,2025,230,378526.2839256835,1218094.902934564,14549.466896162849,3849179.893273223,0.0,1645.766451850798,5296.06479536767,3.2179929232436444,0.038437137694299,10.168857637449918,A21N,medium,230,378526.2839256835,1645.766451850798,14549466.896162849,1218094.902934564,openap_type,0.06896551724137931,EDDF,0.9310344827586207,EDDF
3c64ab,D-AIEK,Lufthansa,A21N,A21N,2026,547,750790.0943936331,2437874.553930028,29119.057171942,7703683.590418888,0.0,1372.559587556916,4456.809056544841,3.247078740295513,0.0387845516201964,10.260768819333824,A21N,short,547,750790.0943936331,1372.559587556916,29119057.171942,2437874.553930028,openap_type,0.06896551724137931,EDDF,0.9310344827586207,EDDF
3c64ac,D-AIEL,Lufthansa,A21N,A21N,2025,446,712562.9908389801,2294791.1124466085,27410.004954223376,7251539.915331283,0.0,1597.6748673519733,5145.271552570871,3.2204747397064426,0.0384667816131602,10.176700177472355,A21N,medium,446,712562.9908389801,1597.6748673519733,27410004.954223376,2294791.1124466085,openap_type,0.12617554858934169,EDDM,0.8738244514106583,EDDM
3c64ac,D-AIEL,Lufthansa,A21N,A21N,2026,828,1157410.184639261,3752645.257048861,44823.26279252806,11858359.0122744,0.0,1397.838387245485,4532.180262136306,3.2422777221529944,0.0387272061257163,10.245597602003462,A21N,short,828,1157410.184639261,1397.838387245485,44823262.79252806,3752645.257048861,openap_type,0.12617554858934169,EDDM,0.8738244514106583,EDDM
3c64ad,D-AIEM,Lufthansa,A21N,A21N,2025,363,605886.073657252,1947082.0207495503,23256.81302561963,6152779.18556858,0.0,1669.1076409290688,5363.862316114463,3.213610784939429,0.0383847954867765,10.155010080408596,A21N,medium,363,605886.073657252,1669.1076409290688,23256813.02561963,1947082.0207495503,openap_type,0.06728778467908902,EDDF,0.932712215320911,EDDF
3c64ad,D-AIEM,Lufthansa,A21N,A21N,2026,598,878068.9618189184,2843715.388744129,33966.60047666598,8986140.628431447,0.0,1468.342745516586,4755.376904254396,3.2386014224365445,0.038683294767992,10.23398049489948,A21N,short,598,878068.9618189184,1468.342745516586,33966600.47666598,2843715.388744129,openap_type,0.06728778467908902,EDDF,0.932712215320911,EDDF
3c64ae,D-AIEN,Lufthansa,A21N,A21N,2025,308,500218.6317574879,1608708.3647565553,19215.127690147743,5083518.432630715,0.0,1624.0864667450903,5223.079106352452,3.2160104854640377,0.038413458576376,10.16259313406636,A21N,medium,308,500218.6317574879,1624.0864667450903,19215127.690147743,1608708.3647565553,openap_type,0.07930607187112763,EDDF,0.9206939281288724,EDDF
3c64ae,D-AIEN,Lufthansa,A21N,A21N,2026,492,716052.7286542126,2321316.486429736,27726.83581013296,7335360.097117966,0.0,1455.391724906936,4718.122939897838,3.2418233930796427,0.0387217794173401,10.24416192213167,A21N,short,492,716052.7286542126,1455.391724906936,27726835.81013296,2321316.486429736,openap_type,0.07930607187112763,EDDF,0.9206939281288724,EDDF
3c64af,D-AIEO,Lufthansa,A21N,A21N,2025,363,603541.0964030599,1941860.3774005396,23194.443396728664,6136278.7925857045,0.0,1662.647648493278,5349.477623692946,3.2174451565494,0.0384305949254511,10.167126694696105,A21N,medium,363,603541.0964030599,1662.647648493278,23194443.396728665,1941860.3774005396,openap_type,0.07732497387669801,EDDF,0.922675026123302,EDDF
3c64af,D-AIEO,Lufthansa,A21N,A21N,2026,591,820597.7610904672,2663439.388393681,31813.303805813408,8416468.467324032,0.0,1388.4902894931763,4506.665631799798,3.2457307522437278,0.0387684506518,10.25650917709018,A21N,short,591,820597.7610904672,1388.4902894931763,31813303.80581341,2663439.388393681,openap_type,0.07732497387669801,EDDF,0.922675026123302,EDDF
3c64b0,D-AIEP,Lufthansa,A21N,A21N,2025,379,602254.7387045266,1938451.0981088828,23153.72144963388,6125505.47002407,0.0,1589.0626351042918,5114.64669685721,3.218656448064762,0.0384450631296624,10.170954375884648,A21N,medium,379,602254.7387045266,1589.0626351042918,23153721.44963388,1938451.0981088828,openap_type,0.07984031936127745,EDDF,0.9201596806387226,EDDF
3c64b0,D-AIEP,Lufthansa,A21N,A21N,2026,615,914415.4053221704,2959230.5350469146,35346.36472417148,9351168.49074825,0.0,1486.8543175970249,4811.756967555959,3.236199344218514,0.0386546032781655,10.226389927730503,A21N,short,615,914415.4053221704,1486.8543175970249,35346364.72417148,2959230.5350469146,openap_type,0.07984031936127745,EDDF,0.9201596806387226,EDDF
3c64b1,D-AIEQ,Lufthansa,A21N,A21N,2025,402,643263.6368997447,2070439.1673078248,24730.24560951013,6542587.768692726,0.0,1600.1583007456336,5150.346187332897,3.2186479206044583,0.0384449612738865,10.170927429110089,A21N,medium,402,643263.6368997447,1600.1583007456336,24730245.609510127,2070439.1673078248,openap_type,0.06867356538099718,EDDF,0.9313264346190028,EDDF
3c64b1,D-AIEQ,Lufthansa,A21N,A21N,2026,659,997463.893109462,3226423.99339606,38537.84214334183,10195499.819131551,0.0,1513.6022657199726,4895.939291951533,3.2346273541171597,0.0386358267297327,10.221422439010224,A21N,medium,659,997463.893109462,1513.6022657199726,38537842.14334183,3226423.99339606,openap_type,0.06867356538099718,EDDF,0.9313264346190028,EDDF
3c64c5,D-AIFE,Lufthansa,A343,A343,2025,79,524266.3067072256,4905903.566995184,58598.2926057758,15502655.271704782,0.0,6636.282363382603,62100.045151837774,9.357655649869686,0.1117719980401101,29.570191853588213,A343,long,79,524266.3067072256,6636.282363382603,58598292.6057758,4905903.566995184,openap_type,0.09595959595959595,EDDF,0.9040404040404041,EDDF
3c64c5,D-AIFE,Lufthansa,A343,A343,2026,113,788420.4163315296,7307059.701339963,87278.768654894,23090308.656234283,0.0,6977.17182594274,64664.24514460144,9.267973723130169,0.1107007972484992,29.286796965091327,A343,long,113,788420.4163315296,6977.17182594274,87278768.654894,7307059.701339963,openap_type,0.09595959595959595,EDDF,0.9040404040404041,EDDF
3c64c6,D-AIFF,Lufthansa,A343,A343,2025,103,693148.7342672817,6464166.539187063,77210.87810695657,20426766.26383112,0.0,6729.599361818269,62758.898438709344,9.32580010554336,0.1113915012606567,29.469528333517022,A343,long,103,693148.7342672817,6729.599361818269,77210878.10695657,6464166.539187063,openap_type,0.07751937984496124,EDDF,0.9224806201550387,EDDF
3c64c6,D-AIFF,Lufthansa,A343,A343,2026,151,1062075.1689410608,9923203.4743272,118527.15261001932,31357322.97887395,0.0,7033.610390338151,65716.57930018012,9.343221425863014,0.1115995892533637,29.524579705727124,A343,long,151,1062075.1689410608,7033.610390338151,118527152.61001933,9923203.4743272,openap_type,0.07751937984496124,EDDF,0.9224806201550387,EDDF
3c64ee,D-AIGN,Lufthansa,A343,A343,2025,129,873314.46646848,8169858.768238322,97584.42417617996,25816753.707633097,0.0,6769.879585026976,63332.23851347536,9.355002215039102,0.1117403042351892,29.56180699952356,A343,long,129,873314.46646848,6769.879585026976,97584424.17617996,8169858.768238322,openap_type,0.06405693950177936,EDDF,0.9359430604982206,EDDF
3c64ee,D-AIGN,Lufthansa,A343,A343,2026,149,1009759.1506205284,9482052.23713232,113257.84616574716,29963285.06933813,0.0,6776.907051144485,63637.93447739812,9.390409813375106,0.1121632283264248,29.67369501026533,A343,long,149,1009759.1506205284,6776.907051144485,113257846.16574717,9482052.23713232,openap_type,0.06405693950177936,EDDF,0.9359430604982206,EDDF
3c64ef,D-AIGO,Lufthansa,A343,A343,2025,120,784439.6716858671,7398202.42953987,88367.41790839288,23378319.677345987,0.0,6536.997264048893,61651.68691283224,9.431193623392517,0.1126503682794106,29.80257184992035,A343,long,120,784439.6716858671,6536.997264048893,88367417.90839288,7398202.42953987,openap_type,0.06206896551724138,EDDF,0.9379310344827586,EDDF
3c64ef,D-AIGO,Lufthansa,A343,A343,2026,168,1173794.4948800425,10997150.329076605,131354.85115285942,34750995.03988207,0.0,6986.871993333586,65459.228149265495,9.368888998069863,0.1119061741436122,29.60568923390077,A343,long,168,1173794.4948800425,6986.871993333586,131354851.15285942,10997150.329076605,openap_type,0.06206896551724138,EDDF,0.9379310344827586,EDDF
3c64f0,D-AIGP,Lufthansa,A343,A343,2025,88,618717.1148610859,5799453.515842549,69271.25032811933,18326273.11006245,0.0,7030.8763052396125,65902.88086184714,9.373352339129392,0.1119594862729344,29.61979339164888,A343,long,88,618717.1148610859,7030.8763052396125,69271250.32811934,5799453.515842549,openap_type,0.1013215859030837,EDDF,0.8986784140969163,EDDF
3c64f0,D-AIGP,Lufthansa,A343,A343,2026,126,883257.5358811225,8205307.326351984,98007.83750920426,25928771.15127227,0.0,7009.980443500972,65121.48671707924,9.289824307206745,0.1109617903360805,29.355844810773316,A343,long,126,883257.5358811225,7009.980443500972,98007837.50920424,8205307.326351984,openap_type,0.1013215859030837,EDDF,0.8986784140969163,EDDF
3c64f3,D-AIGS,Lufthansa,A343,A343,2025,124,833866.2371525114,7837000.896029945,93608.62181369102,24764922.831454627,0.0,6724.727718971866,63201.62012927375,9.398390949118838,0.1122585585589194,29.69891539921553,A343,long,124,833866.2371525114,6724.727718971866,93608621.81369102,7837000.896029945,openap_type,0.054945054945054944,EDDF,0.945054945054945,EDDF
3c64f3,D-AIGS,Lufthansa,A343,A343,2026,144,1013604.7164367032,9490035.47115054,113353.20146096476,29988512.088835705,0.0,7038.921641921551,65903.02410521208,9.362659148343816,0.1118317620496622,29.586002908766456,A343,long,144,1013604.7164367032,7038.921641921551,113353201.46096475,9490035.47115054,openap_type,0.054945054945054944,EDDF,0.945054945054945,EDDF
3c64f4,D-AIGT,Lufthansa,A343,A343,2025,48,330174.8789532312,3035973.523557016,36263.017086931024,9593676.334440172,0.0,6878.6433115256505,63249.44840743783,9.195046979897755,0.1098297278154454,29.056348456476915,A343,long,48,330174.8789532312,6878.6433115256505,36263017.08693103,3035973.523557016,openap_type,0.11956521739130435,EDDF,0.8804347826086957,EDDF
3c64f4,D-AIGT,Lufthansa,A343,A343,2026,127,861461.4807688289,8021338.644120856,95810.43380477688,25347430.115421902,0.0,6783.16126589629,63160.14680410123,9.311314345665286,0.1112184769065575,29.423753332302304,A343,long,127,861461.4807688289,6783.16126589629,95810433.80477688,8021338.644120856,openap_type,0.11956521739130435,EDDF,0.8804347826086957,EDDF
3c64f5,D-AIGU,Lufthansa,A343,A343,2025,88,614840.7700382054,5769802.901250403,68917.09020937982,18232577.167951275,0.0,6986.826932252335,65565.94205966368,9.38422300930349,0.1120893303889028,29.65414470939903,A343,long,88,614840.7700382054,6986.826932252335,68917090.20937982,5769802.901250403,openap_type,0.1031390134529148,EDDF,0.8968609865470852,EDDF
3c64f5,D-AIGU,Lufthansa,A343,A343,2026,126,841445.2894455277,7888595.063836994,94224.88548471963,24927960.4017249,0.0,6678.137217821649,62607.89733203963,9.37505404425664,0.1119798121952876,29.625170779850983,A343,long,126,841445.2894455277,6678.137217821649,94224885.48471963,7888595.063836994,openap_type,0.1031390134529148,EDDF,0.8968609865470852,EDDF
3c64f6,D-AIGV,Lufthansa,A343,A343,2025,86,589266.2817641058,5523391.045466933,65973.8374875217,17453915.70367551,0.0,6851.933508884951,64225.47727287132,9.373336327562097,0.1119592950236583,29.61974279509621,A343,long,86,589266.2817641058,6851.933508884951,65973837.4875217,5523391.045466933,openap_type,0.13513513513513514,EDDF,0.8648648648648649,EDDF
3c64f6,D-AIGV,Lufthansa,A343,A343,2026,86,560975.8454516971,5242707.477456619,62621.22820295406,16566955.628762918,0.0,6522.974947112757,60961.71485414673,9.345692011454071,0.1116290990257014,29.532386756194864,A343,long,86,560975.8454516971,6522.974947112757,62621228.20295406,5242707.477456619,openap_type,0.13513513513513514,EDDF,0.8648648648648649,EDDF
3c64f7,D-AIGW,Lufthansa,A343,A343,2025,108,718054.7593700113,6747510.836413734,80595.2683238307,21322134.2430674,0.0,6648.655179351957,62476.95218901605,9.396930733157028,0.1122411170904867,29.69430111677621,A343,long,108,718054.7593700113,6648.655179351957,80595268.32383071,6747510.836413734,openap_type,0.08664259927797834,EDDF,0.9133574007220217,EDDF
3c64f7,D-AIGW,Lufthansa,A343,A343,2026,165,1111862.8646477477,10423071.003872529,124497.79254625518,32936904.372237187,0.0,6738.562816046954,63170.12729619713,9.37442137450529,0.1119722553065909,29.62317154343672,A343,long,165,1111862.8646477477,6738.562816046954,124497792.5462552,10423071.003872529,openap_type,0.08664259927797834,EDDF,0.9133574007220217,EDDF
3c64f8,D-AIGX,Lufthansa,A343,A343,2025,90,589790.5918992567,5558081.436430096,66388.19493513726,17563537.339119107,0.0,6553.22879888063,61756.46040477884,9.423821798397698,0.1125623159253058,29.77927688293673,A343,long,90,589790.5918992567,6553.22879888063,66388194.93513726,5558081.436430096,openap_type,0.1188118811881188,EDDF,0.8811881188118812,EDDF
3c64f8,D-AIGX,Lufthansa,A343,A343,2026,99,664137.1789682681,6202484.953679654,74085.2369467292,19599852.453627706,0.0,6708.4563532148295,62651.36316848135,9.339162375030964,0.1115511061462031,29.51175310509784,A343,long,99,664137.1789682681,6708.4563532148295,74085236.9467292,6202484.953679654,openap_type,0.1188118811881188,EDDF,0.8811881188118812,EDDF
3c64fa,D-AIGZ,Lufthansa,A343,A343,2025,96,660536.3293374557,6193779.258585806,73981.25225533046,19572342.457131147,0.0,6880.58676393183,64518.53394360215,9.37689417446337,0.1120017915283124,29.63098559130425,A343,long,96,660536.3293374557,6880.58676393183,73981252.25533046,6193779.258585806,openap_type,0.06302521008403361,EDDF,0.9369747899159664,EDDF
3c64fa,D-AIGZ,Lufthansa,A343,A343,2026,135,936294.5511384116,8769318.612778613,104744.63898596675,27711046.81638042,0.0,6935.5151936178645,64957.91565021195,9.365982747754185,0.1118714605981749,29.596505482903225,A343,long,135,936294.5511384116,6935.5151936178645,104744638.98596676,8769318.612778613,openap_type,0.06302521008403361,EDDF,0.9369747899159664,EDDF
3c6516,D-AIHV,Universal Sky Carrier,A346,A343,2026,1,11254.081074010632,82800.00000000051,989.000000000006,261648.00000000163,0.0,11254.081074010632,82800.00000000051,7.357331038889785,0.0878792318534057,23.249166082891723,A346,long,1,11254.081074010632,11254.081074010632,989000.000000006,82800.00000000051,openap_type,0.0,LEPA,1.0,LEPA
3c6517,D-AIHW,Lufthansa,A346,A343,2025,69,428716.3968353868,4016463.212451848,47974.42170428595,12692023.75134784,0.0,6213.28111355633,58209.61177466446,9.368578487083244,0.1119024652623831,29.604708019183057,A346,long,69,428716.3968353868,6213.28111355633,47974421.70428595,4016463.212451848,openap_type,0.013100436681222707,EDDF,0.9868995633187773,EDDF
3c6517,D-AIHW,Lufthansa,A346,A343,2026,158,1015250.7912280584,9668489.111054797,115484.73104871008,30552425.59093316,0.0,6425.637919164928,61192.96905730884,9.523251983246116,0.1137499542443286,30.093476267057728,A346,long,158,1015250.7912280584,6425.637919164928,115484731.04871008,9668489.111054797,openap_type,0.013100436681222707,EDDF,0.9868995633187773,EDDF
3c6518,D-AIHX,Lufthansa,A346,A343,2025,57,382058.2313027658,3595612.338327288,42947.59181890927,11362134.98911423,0.0,6702.775987767822,63080.91821626821,9.411163125753752,0.1124111151131698,29.73927547738186,A346,long,57,382058.2313027658,6702.775987767822,42947591.81890927,3595612.338327288,openap_type,0.026415094339622643,EDDF,0.9735849056603774,EDDF
3c6518,D-AIHX,Lufthansa,A346,A343,2026,201,1292499.8980559264,12321321.750191232,147171.34312728417,38935376.7306043,0.0,6430.347751522022,61300.10820990663,9.532938276222664,0.1138656516326596,30.124084952863623,A346,long,201,1292499.8980559264,6430.347751522022,147171343.12728417,12321321.750191232,openap_type,0.026415094339622643,EDDF,0.9735849056603774,EDDF
3c6519,D-AIHY,Lufthansa,A346,A343,2025,64,405514.156788012,3864476.287901005,46159.02232770644,12211745.069767175,0.0,6336.158699812687,60382.44199845321,9.529818437192596,0.1138283868886893,30.114226261528604,A346,long,64,405514.156788012,6336.158699812687,46159022.32770644,3864476.287901005,openap_type,0.013513513513513514,EDDF,0.9864864864864865,EDDF
3c6519,D-AIHY,Lufthansa,A346,A343,2026,228,1445611.0051341122,13789066.496409545,164702.73870711398,43573450.12865416,0.0,6340.399145325054,60478.36182635764,9.538573272780464,0.1139329585359888,30.141891541986265,A346,long,228,1445611.0051341122,6340.399145325054,164702738.70711398,13789066.496409545,openap_type,0.013513513513513514,EDDF,0.9864864864864865,EDDF
3c651a,D-AIHZ,Lufthansa,A346,A343,2025,70,425403.7214631805,4069515.959293279,48608.107291558605,12859670.43136676,0.0,6077.196020902577,58135.94227561827,9.56624437909508,0.1142634745280801,30.22933223794045,A346,long,70,425403.7214631805,6077.196020902577,48608107.2915586,4069515.959293279,openap_type,0.003424657534246575,EDDF,0.9965753424657534,EDDF
3c651a,D-AIHZ,Lufthansa,A346,A343,2026,221,1420471.538895479,13542094.841407042,161752.79949458412,42793019.69884626,0.0,6427.473026676375,61276.44724618571,9.53352071519646,0.1138726085426243,30.125925460020817,A346,long,221,1420471.538895479,6427.473026676375,161752799.4945841,13542094.841407042,openap_type,0.003424657534246575,EDDF,0.9965753424657534,EDDF
3c6521,D-AIIA,Lufthansa CityLine,A20N,A20N,2025,2,2480.0066466555404,5912.269311199016,70.61877232821047,18682.771023388887,0.0,1240.0033233277702,2956.134655599508,2.383973171673599,0.0284752351061013,7.533355222488572,A20N,short,2,2480.0066466555404,1240.0033233277702,70618.77232821047,5912.269311199016,openap_type,0.1104868913857678,EDDM,0.8895131086142322,EDDM
3c6521,D-AIIA,Lufthansa CityLine,A20N,A20N,2026,1066,1109525.2467419808,2736301.146856687,32683.59703189932,8646711.624067131,0.0,1040.8304378442597,2566.88662932147,2.466190972122162,0.0294572810559036,7.793163471906031,A20N,short,1066,1109525.2467419808,1040.8304378442597,32683597.03189932,2736301.146856687,openap_type,0.1104868913857678,EDDM,0.8895131086142322,EDDM
3c6522,D-AIIB,Lufthansa CityLine,A20N,A20N,2025,2,2110.7526100732503,5173.396839526075,61.79335113878368,16347.934012902397,0.0,1055.3763050366251,2586.6984197630377,2.4509726127243976,0.0292755062075414,7.745073456209094,A20N,short,2,2110.7526100732503,1055.3763050366251,61793.35113878368,5173.396839526075,openap_type,0.09760956175298804,EDDM,0.9023904382470119,EDDM
3c6522,D-AIIB,Lufthansa CityLine,A20N,A20N,2026,1000,1058784.7575320115,2601852.031375448,31077.677041428964,8221852.419146417,0.0,1058.7847575320118,2601.8520313754484,2.457394680898381,0.029352214244064,7.7653671916388864,A20N,short,1000,1058784.7575320115,1058.7847575320118,31077677.041428965,2601852.031375448,openap_type,0.09760956175298804,EDDM,0.9023904382470119,EDDM
3c6523,D-AIIC,Lufthansa CityLine,A20N,A20N,2025,134,153718.81105880986,372408.9974398488,4448.2185805315285,1176812.4319099225,0.0,1147.1553064090288,2779.171622685439,2.422663790298068,0.0289373730507824,7.655617577341895,A20N,short,134,153718.81105880986,1147.1553064090288,4448218.580531528,372408.9974398488,openap_type,0.0733652312599681,EDDM,0.9266347687400319,EDDM
3c6523,D-AIIC,Lufthansa CityLine,A20N,A20N,2026,1118,1164454.179699639,2873253.0586436107,34319.41153379869,9079479.66531381,0.0,1041.5511446329508,2569.993791273355,2.467467684632075,0.0294725306775497,7.797197883437358,A20N,short,1118,1164454.179699639,1041.5511446329508,34319411.53379869,2873253.0586436107,openap_type,0.0733652312599681,EDDM,0.9266347687400319,EDDM
3c6541,D-AIJA,Lufthansa CityLine,A20N,A20N,2025,365,382674.4132823363,937889.012245166,11202.563201817262,2963729.2786947247,0.0,1048.4230500885926,2569.558937657989,2.4508798594621317,0.0292743983213532,7.744780355900335,A20N,short,365,382674.4132823363,1048.4230500885926,11202563.20181726,937889.012245166,openap_type,0.105742935278031,EDDM,0.894257064721969,EDDM
3c6541,D-AIJA,Lufthansa CityLine,A20N,A20N,2026,730,769764.421895757,1892852.8816696657,22609.076086609897,5981415.106076144,0.0,1054.4718108161055,2592.949152972145,2.4590028167422884,0.0293714225333106,7.770448900905632,A20N,short,730,769764.421895757,1054.4718108161055,22609076.086609896,1892852.8816696657,openap_type,0.105742935278031,EDDM,0.894257064721969,EDDM
3c6542,D-AIJB,Lufthansa CityLine,A20N,A20N,2025,536,513808.9610119856,1284720.7162124768,15345.27522142681,4059717.463231428,0.0,958.598807858182,2396.8670078590985,2.5003859677381306,0.0298657212813165,7.901219658052494,A20N,short,536,513808.9610119856,958.598807858182,15345275.22142681,1284720.7162124768,openap_type,0.13497390007457122,EDDF,0.8650260999254288,EDDF
3c6542,D-AIJB,Lufthansa CityLine,A20N,A20N,2026,804,721012.6373645766,1826816.216192216,21820.30480451813,5772739.243167402,0.0,896.7818872693739,2272.15947287589,2.533681272036422,0.0302634151937683,8.006432819635094,A20N,short,804,721012.6373645766,896.7818872693739,21820304.804518133,1826816.216192216,openap_type,0.13497390007457122,EDDF,0.8650260999254288,EDDF
3c6543,D-AIJC,Lufthansa CityLine,A20N,A20N,2025,296,264713.97577861854,671654.4094046461,8022.53877899994,2122427.9337186823,0.0,894.3039722250626,2269.102734475156,2.537283524336296,0.030306442096239,8.017815936902696,A20N,short,296,264713.97577861854,894.3039722250626,8022538.77899994,671654.4094046461,openap_type,0.07894736842105263,EDDF,0.9210526315789473,EDDF
3c6543,D-AIJC,Lufthansa CityLine,A20N,A20N,2026,728,677709.8475592145,1705593.5284089707,20372.36714488493,5389675.549772348,0.0,930.9201202736464,2342.848253309025,2.516701704352829,0.030060603690881,7.952777385754939,A20N,short,728,677709.8475592145,930.9201202736464,20372367.14488493,1705593.5284089707,openap_type,0.07894736842105263,EDDF,0.9210526315789473,EDDF
3c6544,D-AIJD,Lufthansa,A20N,A20N,2025,149,131040.31473164965,333861.4101821784,3987.7890660649086,1055002.056175684,0.0,879.4651995412727,2240.6806052495194,2.547776314990353,0.0304317726512736,8.050973155369517,A20N,short,149,131040.31473164965,879.4651995412727,3987789.0660649086,333861.4101821784,openap_type,0.08919202518363065,EDDF,0.9108079748163693,EDDF
3c6544,D-AIJD,Lufthansa,A20N,A20N,2026,801,778810.6132856078,1938398.0735061057,23153.08810021182,6125337.912279295,0.0,972.2978942392108,2419.972626100007,2.488920978270298,0.0297287783515618,7.864990291334143,A20N,short,801,778810.6132856078,972.2978942392108,23153088.100211818,1938398.0735061057,openap_type,0.08919202518363065,EDDF,0.9108079748163693,EDDF
3c6545,D-AIJE,Lufthansa,A20N,A20N,2026,284,293545.7545960232,721461.3161588097,8617.45460967467,2279817.759061839,0.0,1033.6118119578282,2540.356747038062,2.457747403472698,0.0293564273192572,7.766481794973726,A20N,short,284,293545.7545960232,1033.6118119578282,8617454.609674672,721461.3161588097,openap_type,0.0880281690140845,EDDF,0.9119718309859155,EDDF
3c6548,D-AIJH,Lufthansa CityLine,A20N,A20N,2025,260,288263.9054909928,701927.2775082958,8384.131370237978,2218090.196926215,0.0,1108.7073288115107,2699.7202981088303,2.435016192237875,0.0290849156295079,7.694651167471686,A20N,short,260,288263.9054909928,1108.7073288115107,8384131.370237977,701927.2775082958,openap_type,0.11685214626391097,EDDM,0.8831478537360891,EDDM
3c6548,D-AIJH,Lufthansa CityLine,A20N,A20N,2026,997,1019388.9552639058,2522927.2525913576,30134.964405952327,7972450.11818869,0.0,1022.4563242366156,2530.518809018413,2.474940737353984,0.029561792140617,7.820812730038587,A20N,short,997,1019388.9552639058,1022.4563242366156,30134964.405952327,2522927.2525913576,openap_type,0.11685214626391097,EDDM,0.8831478537360891,EDDM
3c6549,D-AIJI,Lufthansa CityLine,A20N,A20N,2025,487,501726.2957086477,1240108.8474951668,14812.41123397005,3918743.958084728,0.0,1030.2388002230955,2546.424738183094,2.4716839800943937,0.0295228919844608,7.810521377098285,A20N,short,487,501726.2957086477,1030.2388002230955,14812411.23397005,1240108.8474951668,openap_type,0.14409448818897638,EDDM,0.8559055118110236,EDDM
3c6549,D-AIJI,Lufthansa CityLine,A20N,A20N,2026,782,785446.0130924725,1951707.521497911,23312.06206233616,6167395.767933399,0.0,1004.4066663586603,2495.7896694346687,2.4848398094397504,0.029680031057197,7.852093797829612,A20N,short,782,785446.0130924725,1004.4066663586603,23312062.06233616,1951707.521497911,openap_type,0.14409448818897638,EDDM,0.8559055118110236,EDDM
3c654a,D-AIJJ,Lufthansa CityLine,A20N,A20N,2025,502,511334.0692870436,1266279.579861178,15125.006092786294,4001443.472361323,0.0,1018.5937635200072,2522.4692825919883,2.4764232542274365,0.0295794999810499,7.8254974833587,A20N,short,502,511334.0692870436,1018.5937635200072,15125006.092786292,1266279.579861178,openap_type,0.1279220779220779,EDDM,0.8720779220779221,EDDM
3c654a,D-AIJJ,Lufthansa CityLine,A20N,A20N,2026,1038,1021900.3052643082,2547943.478785734,30433.769329940715,8051501.39296292,0.0,984.489696786424,2454.6661645334625,2.4933386022687647,0.029781544415988,7.878949983169297,A20N,short,1038,1021900.3052643082,984.489696786424,30433769.329940718,2547943.478785734,openap_type,0.1279220779220779,EDDM,0.8720779220779221,EDDM
3c654d,D-AIJM,Lufthansa CityLine,A20N,A20N,2025,513,544114.2858909669,1336565.1530310097,15964.52821675928,4223545.88357799,0.0,1060.6516294170897,2605.39016185382,2.456405184882132,0.0293403952638699,7.762240384227536,A20N,short,513,544114.2858909669,1060.6516294170897,15964528.21675928,1336565.1530310097,openap_type,0.16012558869701726,EDDM,0.8398744113029828,EDDM
3c654d,D-AIJM,Lufthansa CityLine,A20N,A20N,2026,761,660606.7373856015,1691633.4761854925,20205.62207666005,5345561.784746156,0.0,868.0771844751662,2222.908641505246,2.5607269506215653,0.0305864607990909,8.091897163964147,A20N,short,761,660606.7373856015,868.0771844751662,20205622.07666005,1691633.4761854925,openap_type,0.16012558869701726,EDDM,0.8398744113029828,EDDM
3c654e,D-AIJN,Lufthansa CityLine,A20N,A20N,2025,477,498429.5503517997,1228065.9446815294,14668.565450362714,3880688.3851936334,0.0,1044.9256820792446,2574.5617288920957,2.4638706589822785,0.0294295662045105,7.7858312823840015,A20N,short,477,498429.5503517997,1044.9256820792446,14668565.450362714,1228065.9446815294,openap_type,0.2054380664652568,EDDF,0.7945619335347431,EDDF
3c654e,D-AIJN,Lufthansa CityLine,A20N,A20N,2026,842,614029.5910644596,1638036.785914617,19565.43938731348,5176196.24349019,0.0,729.251295801021,1945.4118597560769,2.667683788781213,0.0318640008104422,8.429880772548636,A20N,short,842,614029.5910644596,729.251295801021,19565439.38731348,1638036.785914617,openap_type,0.2054380664652568,EDDF,0.7945619335347431,EDDF
3c6550,D-AIJP,Lufthansa CityLine,A20N,A20N,2025,513,543020.9572103308,1334439.8384218952,15939.142514483749,4216829.889413189,0.0,1058.520384425596,2601.2472483857605,2.457437085443869,0.0293527207428017,7.765501190002627,A20N,short,513,543020.9572103308,1058.520384425596,15939142.514483748,1334439.8384218952,openap_type,0.23136746597537264,EDDF,0.7686325340246274,EDDF
3c6550,D-AIJP,Lufthansa CityLine,A20N,A20N,2026,1028,750350.2258368232,1995693.5506686133,23837.45074409733,6306391.62011282,0.0,729.9126710474934,1941.336138782698,2.659682748069982,0.0317684328241692,8.404597483901144,A20N,short,1028,750350.2258368232,729.9126710474934,23837450.74409733,1995693.5506686133,openap_type,0.23136746597537264,EDDF,0.7686325340246274,EDDF
3c6551,D-AIJQ,Lufthansa CityLine,A20N,A20N,2025,500,511185.04898605664,1264902.190563009,15108.553942835935,3997090.922179108,0.0,1022.3700979721132,2529.804381126017,2.474450677053176,0.0295559386425796,7.819264139488036,A20N,short,500,511185.04898605664,1022.3700979721132,15108553.942835936,1264902.190563009,openap_type,0.21221864951768488,EDDM,0.7877813504823151,EDDM
3c6551,D-AIJQ,Lufthansa CityLine,A20N,A20N,2026,1051,823461.1537085006,2155721.9683110137,25748.901288159333,6812081.419862805,0.0,783.5025249367275,2051.1150982978247,2.617879372454434,0.031269114726539,8.272498816956013,A20N,short,1051,823461.1537085006,783.5025249367275,25748901.288159333,2155721.9683110137,openap_type,0.21221864951768488,EDDM,0.7877813504823151,EDDM
3c6552,D-AIJR,Lufthansa CityLine,A20N,A20N,2025,446,462067.5156719665,1141220.0738507293,13631.23977099482,3606255.433368304,0.0,1036.0258198923016,2558.789403252756,2.469812387029844,0.0295005368450786,7.804607143014306,A20N,short,446,462067.5156719665,1036.0258198923016,13631239.77099482,1141220.0738507293,openap_type,0.09814323607427056,EDDM,0.9018567639257294,EDDM
3c6552,D-AIJR,Lufthansa CityLine,A20N,A20N,2026,1061,1125027.8031883475,2764864.5050687958,33024.77047721061,8736971.836017394,0.0,1060.3466571049455,2605.904340309892,2.457596600931216,0.0293546260666784,7.766005258942642,A20N,short,1061,1125027.8031883475,1060.3466571049455,33024770.477210607,2764864.5050687958,openap_type,0.09814323607427056,EDDM,0.9018567639257294,EDDM
3c6561,D-AIKA,Eurowings Discover,A333,A333,2025,95,704994.0976304717,4848067.943788391,57907.478217472446,15319894.702371314,0.0,7420.990501373386,51032.29414514096,6.87674969206557,0.0821389546552276,21.7305290269272,A333,long,95,704994.0976304717,7420.990501373386,57907478.21747245,4848067.943788391,openap_type,0.035856573705179286,EDDF,0.9641434262948207,EDDF
3c6561,D-AIKA,Eurowings Discover,A333,A333,2026,148,1096235.0526497364,7526446.112161591,89899.217450819,23783569.714430623,0.0,7406.993598984705,50854.36562271345,6.865722906751827,0.0820072458306468,21.69568438533577,A333,long,148,1096235.0526497364,7406.993598984705,89899217.45081899,7526446.112161591,openap_type,0.035856573705179286,EDDF,0.9641434262948207,EDDF
3c6562,D-AIKB,Eurowings Discover,A333,A333,2025,73,485920.0467829843,3351801.550184328,40035.407404979465,10591692.898582475,0.0,6656.438997027182,45915.08972855243,6.897845792481307,0.0823909358546378,21.797192704240928,A333,long,73,485920.0467829843,6656.438997027182,40035407.40497947,3351801.550184328,openap_type,0.08450704225352113,EDDF,0.9154929577464789,EDDF
3c6562,D-AIKB,Eurowings Discover,A333,A333,2026,131,971272.9782222972,6668246.453457008,79648.49930518093,21071658.792924143,0.0,7414.297543681659,50902.64468287792,6.865470988044756,0.0820042368016457,21.694888322221427,A333,long,131,971272.9782222972,7414.297543681659,79648499.30518092,6668246.453457008,openap_type,0.08450704225352113,EDDF,0.9154929577464789,EDDF
3c6563,D-AIKC,Eurowings Discover,A333,A333,2025,100,695473.9477531055,4788465.84129557,57195.564215474864,15131552.058494002,0.0,6954.739477531056,47884.6584129557,6.885183631631136,0.0822396933778163,21.75718027595439,A333,long,100,695473.9477531055,6954.739477531056,57195564.21547487,4788465.84129557,openap_type,0.11467889908256881,EDDM,0.8853211009174312,EDDM
3c6563,D-AIKC,Eurowings Discover,A333,A333,2026,108,763880.4979289719,5238602.6810912285,62572.19869081189,16553984.472248282,0.0,7072.967573416407,48505.58038047434,6.857882476767107,0.0819135962502737,21.67090862658406,A333,long,108,763880.4979289719,7072.967573416407,62572198.690811895,5238602.6810912285,openap_type,0.11467889908256881,EDDM,0.8853211009174312,EDDM
3c6564,D-AIKD,Eurowings Discover,A333,A333,2025,76,562341.6624540451,3861152.502075011,46119.32155256263,12201241.906557037,0.0,7399.23240071112,50804.63818519751,6.86620387546076,0.0820129907346701,21.697204246456,A333,long,76,562341.6624540451,7399.23240071112,46119321.55256263,3861152.502075011,openap_type,0.05555555555555555,EDDF,0.9444444444444444,EDDF
3c6564,D-AIKD,Eurowings Discover,A333,A333,2026,165,1253261.3566959314,8580460.630873326,102488.83531320916,27114255.59355971,0.0,7595.523373914736,52002.79170226258,6.846505387746615,0.081777703242529,21.634957025279306,A333,long,165,1253261.3566959314,7595.523373914736,102488835.31320918,8580460.630873326,openap_type,0.05555555555555555,EDDF,0.9444444444444444,EDDF
3c6565,D-AIKE,Eurowings Discover,A333,A333,2025,76,559259.0496834824,3831529.8672125256,45765.49563614961,12107634.38039158,0.0,7358.671706361611,50414.86667384902,6.851082462377701,0.081832373856178,21.64942058111353,A333,long,76,559259.0496834824,7358.671706361611,45765495.63614961,3831529.8672125256,openap_type,0.05042016806722689,EDDF,0.9495798319327731,EDDF
3c6565,D-AIKE,Eurowings Discover,A333,A333,2026,153,1122567.4419727083,7706338.550060111,92047.93268127357,24352029.818189956,0.0,7337.042104396786,50368.225817386345,6.864922553354675,0.0819976860539586,21.693155268600776,A333,long,153,1122567.4419727083,7337.042104396786,92047932.68127356,7706338.550060111,openap_type,0.05042016806722689,EDDF,0.9495798319327731,EDDF
3c6566,D-AIKF,Eurowings Discover,A333,A333,2025,71,519708.5870781791,3561303.970962247,42537.79743093795,11253720.5482407,0.0,7319.839254622241,50159.2108586232,6.852501689425663,0.0818493257348065,21.653905338585098,A333,long,71,519708.5870781791,7319.839254622241,42537797.43093795,3561303.970962247,openap_type,0.06829268292682927,EDDF,0.9317073170731707,EDDF
3c6566,D-AIKF,Eurowings Discover,A333,A333,2026,127,925222.0218595417,6348022.673029428,75823.60415007373,20059751.646773,0.0,7285.212770547571,49984.43049629471,6.861080392651014,0.0819517935788871,21.681014040777207,A333,long,127,925222.0218595417,7285.212770547571,75823604.15007374,6348022.673029428,openap_type,0.06829268292682927,EDDF,0.9317073170731707,EDDF
3c6568,D-AIKH,Eurowings Discover,A333,A333,2025,64,460478.53463018464,3158819.444282708,37730.34336226568,9981869.443933357,0.0,7194.977103596635,49356.55381691731,6.859862527185095,0.0819372468524886,21.677165585904905,A333,long,64,460478.53463018464,7194.977103596635,37730343.36226568,3158819.444282708,openap_type,0.07511737089201878,EDDF,0.9248826291079812,EDDF
3c6568,D-AIKH,Eurowings Discover,A333,A333,2026,137,1036359.2496549148,7106258.44340961,84880.30918517034,22455776.681174368,0.0,7564.66605587529,51870.49958693146,6.856945065888919,0.0819023993981176,21.667946408208984,A333,long,137,1036359.2496549148,7564.66605587529,84880309.18517034,7106258.44340961,openap_type,0.07511737089201878,EDDF,0.9248826291079812,EDDF
3c6569,D-AIKI,Eurowings Discover,A333,A333,2025,77,545499.336337001,3759218.405368792,44901.77539746057,11879130.160965385,0.0,7084.4069654155965,48821.01825154276,6.891334516759899,0.082313162283521,21.776617072961283,A333,long,77,545499.336337001,7084.4069654155965,44901775.39746057,3759218.405368792,openap_type,0.07389162561576355,EDDF,0.9261083743842364,EDDF
3c6569,D-AIKI,Eurowings Discover,A333,A333,2026,119,798407.8861453519,5526025.211155873,66005.3011332507,17462239.66725256,0.0,6709.309967607999,46437.18664836868,6.921305897709843,0.0826711537782008,21.871326636763104,A333,long,119,798407.8861453519,6709.309967607999,66005301.1332507,5526025.211155873,openap_type,0.07389162561576355,EDDF,0.9261083743842364,EDDF
3c656b,D-AIKK,Eurowings Discover,A333,A333,2025,62,440862.1648376567,3033440.036735764,36232.75599434385,9585670.516085014,0.0,7110.68007802672,48926.452205415546,6.880699408289662,0.0821861318212376,21.743010130195334,A333,long,62,440862.1648376567,7110.68007802672,36232755.99434385,3033440.036735764,openap_type,0.09433962264150944,EDDM,0.9056603773584906,EDDM
3c656b,D-AIKK,Eurowings Discover,A333,A333,2026,142,1039412.0299321696,7121422.211940616,85061.43197595736,22503694.189732347,0.0,7319.803027691336,50150.860647469126,6.851394833678564,0.0818361049578272,21.65040767442426,A333,long,142,1039412.0299321696,7319.803027691336,85061431.97595735,7121422.211940616,openap_type,0.09433962264150944,EDDM,0.9056603773584906,EDDM
3c656c,D-AIKL,Lufthansa,A333,A333,2025,116,789657.3081049228,5460934.658710279,65227.8306457061,17256553.52152448,0.0,6807.390587111403,47077.02291991619,6.915575405508281,0.08260270623246,21.853218281406168,A333,long,116,789657.3081049228,6807.390587111403,65227830.6457061,5460934.658710279,openap_type,0.0625,EDDF,0.9375,EDDF
3c656c,D-AIKL,Lufthansa,A333,A333,2026,182,1172911.187504216,8163289.349657812,97505.95612091276,25795994.344918687,0.0,6444.56696430888,44853.23818493304,6.959852916935766,0.0831315765078438,21.993135217517025,A333,long,182,1172911.187504216,6444.56696430888,97505956.12091276,8163289.349657812,openap_type,0.0625,EDDF,0.9375,EDDF
3c656e,D-AIKN,Lufthansa,A333,A333,2025,117,793389.5724095815,5476015.484026221,65407.96272586874,17304208.929522857,0.0,6781.10745649215,46803.551145523255,6.902051242487553,0.0824411676186013,21.810481926260668,A333,long,117,793389.5724095815,6781.10745649215,65407962.72586874,5476015.484026221,openap_type,0.05405405405405406,EDDF,0.9459459459459459,EDDF
3c656e,D-AIKN,Lufthansa,A333,A333,2026,138,942070.9666305224,6535975.449084846,78068.59564184678,20653682.419108115,0.0,6826.601207467554,47362.14093539744,6.937880139180892,0.0828691238846606,21.92370123981162,A333,long,138,942070.9666305224,6826.601207467554,78068595.64184678,6535975.449084846,openap_type,0.05405405405405406,EDDF,0.9459459459459459,EDDF
3c656f,D-AIKO,Eurowings Discover,A333,A333,2025,111,798951.300955464,5491612.6619492695,65594.26235106072,17353496.01175969,0.0,7197.759468067244,49473.98794548892,6.87352615282291,0.0821004512698292,21.720342642920397,A333,long,111,798951.300955464,7197.759468067244,65594262.351060726,5491612.6619492695,openap_type,0.07220216606498195,EDDF,0.927797833935018,EDDF
3c656f,D-AIKO,Eurowings Discover,A333,A333,2026,155,1150967.944023946,7886487.704762701,94199.71425133226,24921301.14705013,0.0,7425.599638864168,50880.56583717872,6.852048091965472,0.0818439077651431,21.65247197061089,A333,long,155,1150967.944023946,7425.599638864168,94199714.25133228,7886487.704762701,openap_type,0.07220216606498195,EDDF,0.927797833935018,EDDF
3c6570,D-AIKP,Eurowings Discover,A333,A333,2025,96,661132.0517455539,4562253.334308641,54493.58149313099,14416720.536415309,0.0,6886.792205682853,47523.47223238168,6.900668818374713,0.0824246553305868,21.806113466064097,A333,long,96,661132.0517455539,6886.792205682853,54493581.49313099,4562253.334308641,openap_type,0.06043956043956044,EDDF,0.9395604395604396,EDDF
3c6570,D-AIKP,Eurowings Discover,A333,A333,2026,81,539636.7089961991,3739408.5569357434,44665.15776339915,11816531.039916947,0.0,6662.181592545668,46165.53773994744,6.929492554151057,0.0827689388412487,21.897196471117343,A333,long,81,539636.7089961991,6662.181592545668,44665157.76339915,3739408.5569357434,openap_type,0.06043956043956044,EDDF,0.9395604395604396,EDDF
3c6571,D-AIKQ,Eurowings Discover,A333,A333,2025,108,765650.0817707505,5265272.979300396,62890.76058608806,16638262.614589252,0.0,7089.35260898843,48752.527586114775,6.876865953077654,0.0821403433284275,21.73089641172539,A333,long,108,765650.0817707505,7089.35260898843,62890760.58608806,5265272.979300396,openap_type,0.03787878787878788,EDDF,0.9621212121212122,EDDF
3c6571,D-AIKQ,Eurowings Discover,A333,A333,2026,151,967315.32008189,6748582.87231163,80608.07319705558,21325521.876504757,0.0,6406.061722396622,44692.60180338828,6.9766111754958215,0.0833317445962,22.0460913145668,A333,long,151,967315.32008189,6406.061722396622,80608073.19705558,6748582.87231163,openap_type,0.03787878787878788,EDDF,0.9621212121212122,EDDF
3c6573,D-AIKS,Lufthansa,A333,A333,2025,102,688911.3719239666,4755148.303349773,56797.60473445563,15026268.638585284,0.0,6754.033058078104,46619.10101323307,6.902409362280911,0.0824454451605775,21.81161358480768,A333,long,102,688911.3719239666,6754.033058078104,56797604.73445563,4755148.303349773,openap_type,0.03333333333333333,EDDF,0.9666666666666667,EDDF
3c6573,D-AIKS,Lufthansa,A333,A333,2026,134,926575.8619841284,6422228.963255169,76709.95706110341,20294243.52388633,0.0,6914.745238687525,47927.08181533708,6.931142097208202,0.0827886417166535,21.90240902717792,A333,long,134,926575.8619841284,6914.745238687525,76709957.06110342,6422228.963255169,openap_type,0.03333333333333333,EDDF,0.9666666666666667,EDDF
3c6581,D-AILA,Lufthansa,A319,A319,2025,697,392622.4442982247,1676658.929632509,20026.75943727719,5298242.217638728,0.0,563.303363412087,2405.5364844081905,4.270410298701536,0.0510076785678239,13.494496543896854,A319,short,697,392622.4442982247,563.303363412087,20026759.43727719,1676658.929632509,openap_type,0.36220898754737413,EDDF,0.6377910124526258,EDDF
3c6581,D-AILA,Lufthansa,A319,A319,2026,1147,648707.1224487682,2794665.9494250417,33380.732173688,8831144.400183132,0.0,565.5685461628319,2436.50039182654,4.3080549799971575,0.0514573233721882,13.613453736791016,A319,short,1147,648707.1224487682,565.5685461628319,33380732.173688,2794665.9494250417,openap_type,0.36220898754737413,EDDF,0.6377910124526258,EDDF
3c6583,D-AILC,Lufthansa,A319,A319,2025,825,443322.8200266286,1923328.4357687652,22973.089649460253,6077717.857029299,0.0,537.3609939716711,2331.307194871231,4.338437700214121,0.0518202280858908,13.709463132676625,A319,short,825,443322.8200266286,537.3609939716711,22973089.64946025,1923328.4357687652,openap_type,0.3791895947973987,EDDF,0.6208104052026013,EDDF
3c6583,D-AILC,Lufthansa,A319,A319,2026,1171,653465.5540200584,2810620.7186743817,33571.30302861067,8881561.471011048,0.0,558.0406097523983,2400.1884873393524,4.30110003715377,0.0513742504437811,13.591476117405914,A319,short,1171,653465.5540200584,558.0406097523983,33571303.02861068,2810620.7186743817,openap_type,0.3791895947973987,EDDF,0.6208104052026013,EDDF
3c6584,D-AILD,Lufthansa,A319,A319,2025,713,379389.532549608,1649632.0511357,19703.938388565304,5212837.281588812,0.0,532.1031312056213,2313.649440583029,4.348122205822846,0.0519359041251062,13.740066170400196,A319,short,713,379389.532549608,532.1031312056213,19703938.388565306,1649632.0511357,openap_type,0.3972250770811922,EDDF,0.6027749229188077,EDDF
3c6584,D-AILD,Lufthansa,A319,A319,2026,1229,706245.9477313367,3024946.0377632533,36131.29989550553,9558829.479331885,0.0,574.6508931906726,2461.306784184909,4.283134009448468,0.0511596562239678,13.534703469857162,A319,short,1229,706245.9477313367,574.6508931906726,36131299.89550553,3024946.0377632533,openap_type,0.3972250770811922,EDDF,0.6027749229188077,EDDF
3c6585,D-AILE,Lufthansa,A319,A319,2025,518,294437.9212748548,1263050.6860179205,15086.438749658497,3991240.1678166287,0.0,568.4129754340827,2438.3217876793838,4.289701138186191,0.051238096928335,13.55545559666836,A319,short,518,294437.9212748548,568.4129754340827,15086438.749658495,1263050.6860179205,openap_type,0.40193842645381983,EDDF,0.5980615735461802,EDDF
3c6585,D-AILE,Lufthansa,A319,A319,2026,1233,677981.2160463014,2929671.818419237,34993.30227556311,9257762.94620479,0.0,549.8631111486629,2376.0517586530714,4.321169597446724,0.0516139701917247,13.654895927931651,A319,short,1233,677981.2160463014,549.8631111486629,34993302.27556311,2929671.818419237,openap_type,0.40193842645381983,EDDF,0.5980615735461802,EDDF
3c6586,D-AILF,Lufthansa,A319,A319,2025,702,383784.17839047086,1651021.905267885,19720.53942403307,5217229.220646517,0.0,546.7011088183345,2351.883055937158,4.30195406228575,0.0513844512995242,13.59417483682297,A319,short,702,383784.17839047086,546.7011088183345,19720539.42403307,1651021.905267885,openap_type,0.37108708025042686,EDDF,0.6289129197495731,EDDF
3c6586,D-AILF,Lufthansa,A319,A319,2026,1048,569439.5159674524,2462614.474935778,29414.561783955123,7781861.740797058,0.0,543.3583167628362,2349.822972266964,4.3246287022282,0.0516552872766146,13.66582669904111,A319,short,1048,569439.5159674524,543.3583167628362,29414561.783955123,2462614.474935778,openap_type,0.37108708025042686,EDDF,0.6289129197495731,EDDF
3c6588,D-AILH,Lufthansa,A319,A319,2025,706,402313.0817819225,1719218.5133253036,20535.11002027446,5432730.50210796,0.0,569.8485577647627,2435.1537015939143,4.27333485083446,0.0510426107183004,13.503738128636895,A319,short,706,402313.0817819225,569.8485577647627,20535110.02027446,1719218.5133253036,openap_type,0.38935721812434143,EDDF,0.6106427818756586,EDDF
3c6588,D-AILH,Lufthansa,A319,A319,2026,1189,647695.2815922241,2800897.142448388,33455.160312577966,8850834.970136907,0.0,544.7395135342507,2355.674636205541,4.3244056611976,0.0516526231754157,13.665121889384418,A319,short,1189,647695.2815922241,544.7395135342507,33455160.312577967,2800897.142448388,openap_type,0.38935721812434143,EDDF,0.6106427818756586,EDDF
3c6589,D-AILI,Lufthansa,A319,A319,2025,678,364097.0355432585,1572842.1942032566,18786.7262085389,4970181.333682291,0.0,537.0162766124756,2319.8262451375467,4.319843450129895,0.0515981300987737,13.650705302410469,A319,short,678,364097.0355432585,537.0162766124756,18786726.2085389,1572842.1942032566,openap_type,0.39579967689822293,EDDF,0.6042003231017771,EDDF
3c6589,D-AILI,Lufthansa,A319,A319,2026,1179,664346.9496596276,2853863.181115972,34087.81021888522,9018207.652326472,0.0,563.4834178622796,2420.579458113632,4.295742130791936,0.0513102532289036,13.57454513330252,A319,short,1179,664346.9496596276,563.4834178622796,34087810.21888522,2853863.181115972,openap_type,0.39579967689822293,EDDF,0.6042003231017771,EDDF
3c658b,D-AILK,Lufthansa,A319,A319,2025,557,294399.8556842733,1281061.643682327,15301.569632872235,4048154.794036153,0.0,528.5455218748175,2299.931137670246,4.351434346680491,0.0519754658075725,13.75053253551035,A319,short,557,294399.8556842733,528.5455218748175,15301569.632872237,1281061.643682327,openap_type,0.394907908992416,EDDF,0.605092091007584,EDDF
3c658b,D-AILK,Lufthansa,A319,A319,2026,1287,707944.7378825377,3059283.1725961254,36541.43789489817,9667334.825403756,0.0,550.0736114083431,2377.065402172592,4.321358728855644,0.0516162292613313,13.65549358318384,A319,short,1287,707944.7378825377,550.0736114083431,36541437.89489817,3059283.1725961254,openap_type,0.394907908992416,EDDF,0.605092091007584,EDDF
3c658c,D-AILL,Lufthansa,A319,A319,2025,746,419320.2573920256,1796030.2041644305,21452.58299418625,5675455.445159599,0.0,562.0914978445384,2407.547190568941,4.283194461757922,0.0511603782932196,13.534894499155032,A319,short,746,419320.2573920256,562.0914978445384,21452582.99418625,1796030.2041644305,openap_type,0.4091644204851752,EDDF,0.5908355795148248,EDDF
3c658c,D-AILL,Lufthansa,A319,A319,2026,1107,591835.0317058522,2579901.8428087,30815.49423354836,8152489.823275491,0.0,534.6296582708692,2330.534636683559,4.359157036332611,0.0520677090450839,13.77493623481105,A319,short,1107,591835.0317058522,534.6296582708692,30815494.23354836,2579901.8428087,openap_type,0.4091644204851752,EDDF,0.5908355795148248,EDDF
3c658d,D-AILM,Lufthansa,A319,A319,2025,778,420709.7399975804,1819316.1629604967,21730.720835361488,5749039.07495517,0.0,540.7580205624427,2338.452651620176,4.32439753586632,0.0516525261228477,13.66509621333757,A319,short,778,420709.7399975804,540.7580205624427,21730720.83536149,1819316.1629604967,openap_type,0.39793408755533693,EDDF,0.602065912444663,EDDF
3c658d,D-AILM,Lufthansa,A319,A319,2026,1250,655138.2023631755,2855961.4090744765,34112.87238616736,9024838.052675346,0.0,524.1105618905403,2284.769127259581,4.359326625699162,0.0520697346958511,13.775472137209352,A319,short,1250,655138.2023631755,524.1105618905403,34112872.386167355,2855961.4090744765,openap_type,0.39793408755533693,EDDF,0.602065912444663,EDDF
3c658e,D-AILN,Lufthansa,A319,A319,2025,796,443619.8038747278,1908087.6572791303,22791.047017500725,6029556.997002053,0.0,557.3113114004118,2397.0950468330784,4.3011778117505965,0.0513751794181321,13.591721885131886,A319,short,796,443619.8038747278,557.3113114004118,22791047.017500725,1908087.6572791303,openap_type,0.38395989974937345,EDDF,0.6160401002506266,EDDF
3c658e,D-AILN,Lufthansa,A319,A319,2026,1196,627389.713542878,2735832.5805370584,32678.00026752598,8645230.954497105,0.0,524.5733390826739,2287.4854352316543,4.360658967594122,0.0520856487795964,13.779682337597423,A319,short,1196,627389.713542878,524.5733390826739,32678000.26752598,2735832.5805370584,openap_type,0.38395989974937345,EDDF,0.6160401002506266,EDDF
3c6595,D-AILU,Lufthansa,A319,A319,2025,262,146353.8184166365,628961.0155240344,7512.589907648188,1987516.8090559489,0.0,558.6023603688416,2400.6145630688334,4.297537449508311,0.0513316973135714,13.58021834044626,A319,short,262,146353.8184166365,558.6023603688416,7512589.907648188,628961.0155240344,openap_type,0.34810951760104303,EDDF,0.651890482398957,EDDF
3c6595,D-AILU,Lufthansa,A319,A319,2026,1271,715723.0318032065,3074837.6232023286,36727.22716602781,9716486.889319358,0.0,563.1180423313978,2419.227083558087,4.296127812815417,0.0513148599864063,13.575763888496716,A319,short,1271,715723.0318032065,563.1180423313978,36727227.16602781,3074837.6232023286,openap_type,0.34810951760104303,EDDF,0.651890482398957,EDDF
3c65a1,D-AIMA,Lufthansa,A388,A388,2025,129,1032249.1609390356,16691720.81876061,199373.33200186284,52745837.787283525,0.0,8001.931480147563,129393.18464155513,16.17024401703187,0.1931445813145473,51.09797109382071,A388,long,129,1032249.1609390356,8001.931480147563,199373332.00186285,16691720.81876061,openap_type,0.00847457627118644,EDDM,0.9915254237288136,EDDM
3c65a1,D-AIMA,Lufthansa,A388,A388,2026,224,1680371.3917092711,27347216.328686114,326647.3061481953,86417203.59864812,0.0,7501.657998702103,122085.78718163444,16.274507209307206,0.1943899472222805,51.42744278141077,A388,long,224,1680371.3917092711,7501.657998702103,326647306.14819527,27347216.328686114,openap_type,0.00847457627118644,EDDM,0.9915254237288136,EDDM
3c65a2,D-AIMB,Lufthansa,A388,A388,2025,134,1009056.9674175092,16444485.296811815,196420.24104525225,51964573.53792533,0.0,7530.275876250068,122720.0395284464,16.296884940895232,0.1946572367940263,51.49815641322893,A388,long,134,1009056.9674175092,7530.275876250068,196420241.0452522,16444485.296811815,openap_type,0.010169491525423728,EDDM,0.9898305084745763,EDDM
3c65a2,D-AIMB,Lufthansa,A388,A388,2026,161,1213533.4582889257,19733972.215471957,235711.334795915,62359352.20089137,0.0,7537.474896204508,122571.2559967202,16.26158065991582,0.1942355467712167,51.386594885333984,A388,long,161,1213533.4582889257,7537.474896204508,235711334.795915,19733972.215471957,openap_type,0.010169491525423728,EDDM,0.9898305084745763,EDDM
3c65a3,D-AIMC,Lufthansa,A388,A388,2025,122,962155.9073888052,15584210.678190336,186144.73865616237,49246105.743081465,0.0,7886.52383105578,127739.4317884454,16.197178189639065,0.193466295042911,51.18308307925944,A388,long,122,962155.9073888052,7886.52383105578,186144738.65616235,15584210.678190336,openap_type,0.006557377049180328,EDDM,0.9934426229508196,EDDM
3c65a3,D-AIMC,Lufthansa,A388,A388,2026,183,1324579.1331094685,21682292.965902388,258982.9437593897,68516045.77225155,0.0,7238.137339396003,118482.47522351032,16.36919412659242,0.1955209298454094,51.72665344003204,A388,long,183,1324579.1331094685,7238.137339396003,258982943.75938967,21682292.965902388,openap_type,0.006557377049180328,EDDM,0.9934426229508196,EDDM
3c65a8,D-AIMH,Lufthansa,A388,A388,2025,125,956558.178379586,15559354.578419888,185847.84635334864,49167560.46780684,0.0,7652.465427036687,124474.8366273591,16.265978306492038,0.1942880742164326,51.40049144851484,A388,long,125,956558.178379586,7652.465427036687,185847846.35334864,15559354.578419888,openap_type,0.007220216606498195,EDDM,0.9927797833935018,EDDM
3c65a8,D-AIMH,Lufthansa,A388,A388,2026,152,1100708.017244402,17993354.67656651,214920.6253034333,56859000.77795017,0.0,7241.500113450013,118377.33339846387,16.34707333340996,0.1952567092601745,51.65675173357546,A388,long,152,1100708.017244402,7241.500113450013,214920625.3034333,17993354.67656651,openap_type,0.007220216606498195,EDDM,0.9927797833935018,EDDM
3c65ab,D-AIMK,Lufthansa,A388,A388,2025,90,692803.2115018595,11264175.439313782,134544.31774735908,35594794.38823155,0.0,7697.813461131772,125157.50488126423,16.258838371859294,0.1942027916638749,51.377929255075365,A388,long,90,692803.2115018595,7697.813461131772,134544317.74735907,11264175.439313782,openap_type,0.0034482758620689655,EDDM,0.996551724137931,EDDM
3c65ab,D-AIMK,Lufthansa,A388,A388,2026,199,1495867.1490096534,24372643.50537689,291117.68631422403,77017553.47699098,0.0,7516.920346782178,122475.5955044065,16.293320915238315,0.1946146664875687,51.48689409215307,A388,long,199,1495867.1490096534,7516.920346782178,291117686.314224,24372643.50537689,openap_type,0.0034482758620689655,EDDM,0.996551724137931,EDDM
3c65ac,D-AIML,Lufthansa,A388,A388,2025,140,1094781.779600999,17757511.585769996,212103.6106078083,56113736.6110332,0.0,7819.869854292852,126839.36846978568,16.220138037227695,0.1937405376668863,51.255636197639525,A388,long,140,1094781.779600999,7819.869854292852,212103610.60780832,17757511.585769996,openap_type,0.004347826086956522,EDDM,0.9956521739130435,EDDM
3c65ac,D-AIML,Lufthansa,A388,A388,2026,89,668745.9712264626,10900086.913693791,130195.48258023144,34444274.647272386,0.0,7513.999676701827,122472.88667071678,16.299293577355417,0.1946860066184119,51.50576770444312,A388,long,89,668745.9712264626,7513.999676701827,130195482.58023144,10900086.913693791,openap_type,0.004347826086956522,EDDM,0.9956521739130435,EDDM
3c65ad,D-AIMM,Lufthansa,A388,A388,2025,129,1029056.2566998412,16646501.95463675,198833.2177914945,52602946.17665213,0.0,7977.1802844948925,129042.6508111376,16.176474168692863,0.1932189970149425,51.117658373069446,A388,long,129,1029056.2566998412,7977.1802844948925,198833217.79149452,16646501.95463675,openap_type,0.0,EDDM,1.0,EDDM
3c65ad,D-AIMM,Lufthansa,A388,A388,2026,224,1651782.914446061,26993393.730459653,322421.0917804903,85299124.18825251,0.0,7374.030868062772,120506.2220109806,16.341974174924864,0.1951958026449358,51.64063839276257,A388,long,224,1651782.914446061,7374.030868062772,322421091.7804903,26993393.730459653,openap_type,0.0,EDDM,1.0,EDDM
3c65ae,D-AIMN,Lufthansa,A388,A388,2025,97,742401.0433757085,12049332.977489846,143922.58834223985,38075892.20886792,0.0,7653.619003873284,124219.9276029881,16.230220963458443,0.193860972619087,51.287498244528685,A388,long,97,742401.0433757085,7653.619003873284,143922588.34223986,12049332.977489846,openap_type,0.006349206349206349,EDDM,0.9936507936507937,EDDM
3c65ae,D-AIMN,Lufthansa,A388,A388,2026,218,1634598.3134310422,26655217.40026055,318381.76339200104,84230486.98482333,0.0,7498.157401059827,122271.63945073646,16.30689153490616,0.194776760000268,51.52977725030346,A388,long,218,1634598.3134310422,7498.157401059827,318381763.39200103,26655217.40026055,openap_type,0.006349206349206349,EDDM,0.9936507936507937,EDDM
3c65c1,D-AINA,Lufthansa,A20N,A20N,2025,443,383591.19569457753,983571.841823979,11748.219221786418,3108087.0201637745,0.0,865.8943469403556,2220.252464613948,2.5641147473236514,0.030626926148588,8.10260260154274,A20N,short,443,383591.19569457753,865.8943469403556,11748219.221786415,983571.841823979,openap_type,0.08309037900874636,EDDF,0.9169096209912536,EDDF
3c65c1,D-AINA,Lufthansa,A20N,A20N,2026,925,879915.1270072167,2200057.8080432857,26278.468262739247,6952182.673416783,0.0,951.2595967645584,2378.440873560309,2.500306837008431,0.0298647761087118,7.900969604946642,A20N,short,925,879915.1270072167,951.2595967645584,26278468.26273925,2200057.8080432857,openap_type,0.08309037900874636,EDDF,0.9169096209912536,EDDF
3c65c2,D-AINB,Lufthansa,A20N,A20N,2025,537,499892.0057287548,1259217.9949414856,15040.659384023302,3979128.864015096,0.0,930.8975898114614,2344.9124673025804,2.518980060714848,0.0300878173918717,7.95997699185892,A20N,short,537,499892.0057287548,930.8975898114614,15040659.3840233,1259217.9949414856,openap_type,0.07036247334754797,EDDF,0.929637526652452,EDDF
3c65c2,D-AINB,Lufthansa,A20N,A20N,2026,863,796093.9402060058,2010273.6993478443,24011.60251998814,6352464.889939189,0.0,922.472700122834,2329.401737367143,2.525171462588504,0.0301617702475849,7.979541821779672,A20N,short,863,796093.9402060058,922.472700122834,24011602.519988146,2010273.6993478443,openap_type,0.07036247334754797,EDDF,0.929637526652452,EDDF
3c65c3,D-AINC,Lufthansa,A20N,A20N,2025,574,488009.35903579695,1256427.9078685415,15007.33334398536,3970312.188864593,0.0,850.1905209682874,2188.8987941960654,2.574597975643288,0.0307521424868503,8.135729603032793,A20N,short,574,488009.35903579695,850.1905209682874,15007333.34398536,1256427.9078685415,openap_type,0.06734006734006734,EDDF,0.9326599326599326,EDDF
3c65c3,D-AINC,Lufthansa,A20N,A20N,2026,904,861961.6464007004,2161531.4462470403,25818.29227461743,6830439.370140648,0.0,953.4973964609518,2391.0746086803542,2.5076886602471964,0.0299529478862859,7.924296166381143,A20N,short,904,861961.6464007004,953.4973964609518,25818292.27461743,2161531.4462470403,openap_type,0.06734006734006734,EDDF,0.9326599326599326,EDDF
3c65c4,D-AIND,Lufthansa,A20N,A20N,2025,581,624078.3537003187,1526418.5200886177,18232.2212121696,4823482.523480032,0.0,1074.1451870917706,2627.2263684829904,2.4458764048425894,0.0292146348356198,7.728969439302583,A20N,short,581,624078.3537003187,1074.1451870917706,18232221.2121696,1526418.5200886177,openap_type,0.12123287671232877,EDDM,0.8787671232876713,EDDM
3c65c4,D-AIND,Lufthansa,A20N,A20N,2026,876,902970.7195698996,2229198.0261746827,26626.53197930871,7044265.762711998,0.0,1030.7884926597028,2544.7466052222403,2.4687378869123107,0.0294877025381192,7.801211722642903,A20N,short,876,902970.7195698996,1030.7884926597028,26626531.97930871,2229198.0261746827,openap_type,0.12123287671232877,EDDM,0.8787671232876713,EDDM
3c65c5,D-AINE,Lufthansa,A20N,A20N,2025,410,354926.1548551264,909475.4666706529,10863.1791852328,2873942.474679264,0.0,865.6735484271376,2218.2328455381776,2.5624357467876155,0.0306068714199631,8.097296959848867,A20N,short,410,354926.1548551264,865.6735484271376,10863179.1852328,909475.4666706529,openap_type,0.08825910931174089,EDDF,0.9117408906882591,EDDF
3c65c5,D-AINE,Lufthansa,A20N,A20N,2026,822,779117.4294484917,1948430.985695073,23272.92566246893,6157041.914796431,0.0,947.8314226867296,2370.353997195952,2.5008181206705835,0.0298708831080097,7.902585261319045,A20N,short,822,779117.4294484917,947.8314226867296,23272925.662468925,1948430.985695073,openap_type,0.08825910931174089,EDDF,0.9117408906882591,EDDF
3c65c6,D-AINF,Lufthansa,A20N,A20N,2025,467,417048.07199145446,1060190.6404503598,12663.3882053793,3350202.4238231373,0.0,893.0365567268832,2270.2155041763594,2.5421305399826517,0.0303643370053483,8.03313250634518,A20N,short,467,417048.07199145446,893.0365567268832,12663388.205379298,1060190.6404503598,openap_type,0.08216432865731463,EDDF,0.9178356713426854,EDDF
3c65c6,D-AINF,Lufthansa,A20N,A20N,2026,526,508634.7147411082,1269469.2911064604,15163.105421549388,4011522.959896415,0.0,966.9861496979242,2413.4397169324343,2.495836902820548,0.0298113852281343,7.886844612912932,A20N,short,526,508634.7147411082,966.9861496979242,15163105.421549387,1269469.2911064604,openap_type,0.08216432865731463,EDDF,0.9178356713426854,EDDF
3c65c7,D-AING,Lufthansa,A20N,A20N,2025,508,476588.9278824684,1199640.2633388725,14329.036478769867,3790863.232150838,0.0,938.1671808710008,2361.496581375733,2.5171383411465147,0.0300658190748055,7.954157158022989,A20N,short,508,476588.9278824684,938.1671808710008,14329036.478769869,1199640.2633388725,openap_type,0.0925141242937853,EDDF,0.9074858757062148,EDDF
3c65c7,D-AING,Lufthansa,A20N,A20N,2026,901,844231.3713609088,2120346.029690497,25326.355354636493,6700293.453821972,0.0,936.99375289779,2353.3252271814617,2.511569815597446,0.0299993061307472,7.936560617287932,A20N,short,901,844231.3713609088,936.99375289779,25326355.35463649,2120346.029690497,openap_type,0.0925141242937853,EDDF,0.9074858757062148,EDDF
3c65c8,D-AINH,Lufthansa,A20N,A20N,2025,501,519918.84344371216,1280479.6539640587,15294.618089015146,4046315.7065264257,0.0,1037.7621625622996,2555.847612702712,2.4628452500061906,0.0294173182639628,7.782590990019562,A20N,short,501,519918.84344371216,1037.7621625622996,15294618.089015149,1280479.6539640587,openap_type,0.16432865731462926,EDDM,0.8356713426853708,EDDM
3c65c8,D-AINH,Lufthansa,A20N,A20N,2026,993,1009888.6121111872,2498838.471650359,29847.237300268174,7896329.570415135,0.0,1017.0076657715882,2516.453647180624,2.4743703827162684,0.0295549795713332,7.819010409383408,A20N,short,993,1009888.6121111872,1017.0076657715882,29847237.300268177,2498838.471650359,openap_type,0.16432865731462926,EDDM,0.8356713426853708,EDDM
3c65c9,D-AINI,Lufthansa,A20N,A20N,2025,373,365744.0493606053,911469.0587855432,10886.991535493988,2880242.2257623165,0.0,980.5470492241428,2443.6167795859064,2.4920953885072787,0.0297666949182813,7.875021427683002,A20N,short,373,365744.0493606053,980.5470492241428,10886991.535493989,911469.0587855432,openap_type,0.0932009167303285,EDDF,0.9067990832696715,EDDF
3c65c9,D-AINI,Lufthansa,A20N,A20N,2026,930,938080.3331477948,2321445.4337626407,27728.376014387097,7335767.5706899455,0.0,1008.688530266446,2496.1778857662803,2.474676583371988,0.0295586369680542,7.819978003455481,A20N,short,930,938080.3331477948,1008.688530266446,27728376.014387097,2321445.4337626407,openap_type,0.0932009167303285,EDDF,0.9067990832696715,EDDF
3c65ca,D-AINJ,Lufthansa,A20N,A20N,2025,570,511793.1346740945,1299688.4512521408,15524.05650106724,4107015.5059567657,0.0,897.8826924106921,2280.155177635335,2.539480042224035,0.0303326782821204,8.024756933427952,A20N,short,570,511793.1346740945,897.8826924106921,15524056.50106724,1299688.4512521408,openap_type,0.09084967320261438,EDDF,0.9091503267973856,EDDF
3c65ca,D-AINJ,Lufthansa,A20N,A20N,2026,955,889574.9567639678,2236161.315933604,26709.704606984717,7066269.758350189,0.0,931.4921013235264,2341.5301737524646,2.5137413086224365,0.0300252434085457,7.943422535246901,A20N,short,955,889574.9567639678,931.4921013235264,26709704.606984712,2236161.315933604,openap_type,0.09084967320261438,EDDF,0.9091503267973856,EDDF
3c65cb,D-AINK,Lufthansa,A20N,A20N,2025,621,677143.8588196479,1650882.363088918,19718.872670228742,5216788.267360981,0.0,1090.4087903698037,2658.425705457195,2.43800832214092,0.0291206549589054,7.704106297965308,A20N,short,621,677143.8588196479,1090.4087903698037,19718872.670228746,1650882.363088918,openap_type,0.12773722627737227,EDDM,0.8722627737226277,EDDM
3c65cb,D-AINK,Lufthansa,A20N,A20N,2026,1022,1055561.6263273389,2603080.437761298,31092.34967325995,8225734.183325702,0.0,1032.839164703854,2547.045438122601,2.4660620212372706,0.0294557408092229,7.792755987109777,A20N,short,1022,1055561.6263273389,1032.839164703854,31092349.673259947,2603080.437761298,openap_type,0.12773722627737227,EDDM,0.8722627737226277,EDDM
3c65cc,D-AINL,Lufthansa,A20N,A20N,2025,546,599751.3601746579,1460452.1106642256,17444.28909960047,4615028.669698953,0.0,1098.4457146056006,2674.8207155022446,2.4350959541615995,0.0290858683413746,7.694903215150654,A20N,short,546,599751.3601746579,1098.4457146056006,17444289.09960047,1460452.1106642256,openap_type,0.12780421481985044,EDDM,0.8721957851801496,EDDM
3c65cc,D-AINL,Lufthansa,A20N,A20N,2026,923,973932.8170327038,2392028.503668233,28571.45157159278,7558810.071591616,0.0,1055.1818169368405,2591.580177322029,2.456050830031648,0.0293361626920446,7.761120622900006,A20N,short,923,973932.8170327038,1055.1818169368405,28571451.57159278,2392028.503668233,openap_type,0.12780421481985044,EDDM,0.8721957851801496,EDDM
3c65cd,D-AINM,Lufthansa,A20N,A20N,2025,623,540478.0560704523,1385554.4359826664,16549.677985348517,4378352.017705226,0.0,867.5410209798592,2224.003910084537,2.563572045933456,0.0306204438819829,8.10088766514972,A20N,short,623,540478.0560704523,867.5410209798592,16549677.985348515,1385554.4359826664,openap_type,0.08037508372404555,EDDF,0.9196249162759544,EDDF
3c65cd,D-AINM,Lufthansa,A20N,A20N,2026,866,815612.6944665218,2044052.5141415545,24415.071696690797,6459205.944687313,0.0,941.8160444186165,2360.337776144982,2.506155835986018,0.0299346391520552,7.919452441715817,A20N,short,866,815612.6944665218,941.8160444186165,24415071.696690798,2044052.5141415545,openap_type,0.08037508372404555,EDDF,0.9196249162759544,EDDF
3c65ce,D-AINN,Lufthansa,A20N,A20N,2025,592,599548.0508439689,1483156.8339218106,17715.484405177183,4686775.595192922,0.0,1012.7500858850824,2505.3324897327884,2.47379143645619,0.0295480643798933,7.817180939201561,A20N,short,592,599548.0508439689,1012.7500858850824,17715484.405177183,1483156.8339218106,openap_type,0.20056338028169013,EDDM,0.7994366197183098,EDDM
3c65ce,D-AINN,Lufthansa,A20N,A20N,2026,1180,873179.2986232579,2322997.9760919875,27746.92026998763,7340673.604450681,0.0,739.982456460388,1968.6423526203284,2.660390574713188,0.0317768874201853,8.406834216093674,A20N,short,1180,873179.2986232579,739.982456460388,27746920.269987628,2322997.9760919875,openap_type,0.20056338028169013,EDDM,0.7994366197183098,EDDM
3c65cf,D-AINO,Lufthansa,A20N,A20N,2025,409,428547.6517280291,1054955.946365196,12600.862692695397,3333660.79051402,0.0,1047.7937695061837,2579.354392090944,2.4617004482729192,0.0294036442432598,7.778973416542424,A20N,short,409,428547.6517280291,1047.7937695061837,12600862.692695396,1054955.946365196,openap_type,0.1444141689373297,EDDM,0.8555858310626703,EDDM
3c65cf,D-AINO,Lufthansa,A20N,A20N,2026,692,677848.2651860664,1692077.6525460707,20210.92751652251,5346965.382045584,0.0,979.5495161648358,2445.198919864264,2.496248407571867,0.029816300423775,7.8881449679271,A20N,short,692,677848.2651860664,979.5495161648358,20210927.51652251,1692077.6525460707,openap_type,0.1444141689373297,EDDM,0.8555858310626703,EDDM
3c65d0,D-AINP,Lufthansa,A20N,A20N,2025,293,293111.0955535608,728314.5927057267,8699.313190651736,2301474.1129500964,0.0,1000.3791657118117,2485.715333466644,2.484773192670356,0.0296792353568959,7.851883288838322,A20N,short,293,293111.0955535608,1000.3791657118117,8699313.190651735,728314.5927057267,openap_type,0.1134020618556701,EDDM,0.8865979381443299,EDDM
3c65d0,D-AINP,Lufthansa,A20N,A20N,2026,191,192617.09634026344,478155.7580849546,5711.304888236958,1510972.1955484564,0.0,1008.4664729856725,2503.433288402904,2.4824159805642547,0.0296510797678508,7.844434498583045,A20N,short,191,192617.09634026344,1008.4664729856725,5711304.888236958,478155.7580849546,openap_type,0.1134020618556701,EDDM,0.8865979381443299,EDDM
3c65d1,D-AINQ,Lufthansa,A20N,A20N,2026,1000,1000162.8626542196,2484037.4899858474,29670.447797053177,7849558.468355278,0.0,1000.1628626542196,2484.0374899858475,2.4836329989235355,0.0296656163760311,7.848280276598373,A20N,short,1000,1000162.8626542196,1000.1628626542196,29670447.797053177,2484037.4899858474,openap_type,0.12987012987012986,EDDM,0.8701298701298701,EDDM
3c65d2,D-AINR,Lufthansa,A20N,A20N,2025,587,631645.7461773579,1544739.966558067,18451.0607116658,4881378.294323491,0.0,1076.057489228889,2631.584270115957,2.445579624190684,0.0292110899556109,7.72803161244256,A20N,short,587,631645.7461773579,1076.057489228889,18451060.7116658,1544739.966558067,openap_type,0.1483790523690773,EDDM,0.8516209476309227,EDDM
3c65d2,D-AINR,Lufthansa,A20N,A20N,2026,1015,1008316.1944318227,2506878.621955858,29943.2724289172,7921736.445380513,0.0,993.4149698835693,2469.8311546363134,2.4862028754466867,0.0296963121233909,7.856401086411531,A20N,short,1015,1008316.1944318227,993.4149698835693,29943272.4289172,2506878.621955858,openap_type,0.1483790523690773,EDDM,0.8516209476309227,EDDM
3c65d4,D-AINT,Lufthansa,A20N,A20N,2025,620,680417.1816806896,1656347.0612400784,19784.145453700938,5234056.713518648,0.0,1097.4470672269188,2671.5275181291586,2.4343110459802872,0.0290764930492089,7.692422905297708,A20N,short,620,680417.1816806896,1097.4470672269188,19784145.453700937,1656347.0612400784,openap_type,0.13164400494437578,EDDM,0.8683559950556242,EDDM
3c65d4,D-AINT,Lufthansa,A20N,A20N,2026,997,1038212.0763085972,2555465.4528351347,30523.61513108633,8075270.830959027,0.0,1041.336084562284,2563.1549175878986,2.461409871017095,0.0294001734593708,7.778055192414021,A20N,short,997,1038212.0763085972,1041.336084562284,30523615.13108633,2555465.4528351347,openap_type,0.13164400494437578,EDDM,0.8683559950556242,EDDM
3c65d5,D-AINU,Lufthansa,A20N,A20N,2025,552,602384.5230326443,1468209.353982858,17536.945061461916,4639541.558585832,0.0,1091.276309841747,2659.799554316772,2.437329144167426,0.0291125425553331,7.701960095569067,A20N,short,552,602384.5230326443,1091.276309841747,17536945.061461918,1468209.353982858,openap_type,0.14967320261437908,EDDM,0.8503267973856209,EDDM
3c65d5,D-AINU,Lufthansa,A20N,A20N,2026,975,991248.6098182146,2448043.709992726,29240.522091579784,7735818.123577015,0.0,1016.6652408391944,2510.814061531001,2.469656638854377,0.0294986765196495,7.804114978779833,A20N,short,975,991248.6098182146,1016.6652408391944,29240522.091579784,2448043.709992726,openap_type,0.14967320261437908,EDDM,0.8503267973856209,EDDM
3c65d6,D-AINV,Lufthansa,A20N,A20N,2025,564,505136.2381600264,1284329.001200987,15340.596403234013,4058479.64379512,0.0,895.6316279433091,2277.179080143594,2.5425398222847626,0.030369225655068,8.034425838419851,A20N,short,564,505136.2381600264,895.6316279433091,15340596.403234012,1284329.001200987,openap_type,0.09942004971002485,EDDF,0.9005799502899752,EDDF
3c65d6,D-AINV,Lufthansa,A20N,A20N,2026,636,623336.4810041579,1549376.744831173,18506.444452150125,4896030.513666507,0.0,980.0888066103112,2436.1269572817187,2.48561858971453,0.0296893331549235,7.854554743497915,A20N,short,636,623336.4810041579,980.0888066103112,18506444.452150125,1549376.744831173,openap_type,0.09942004971002485,EDDF,0.9005799502899752,EDDF
3c65d7,D-AINW,Lufthansa,A20N,A20N,2025,625,678849.4803669775,1656891.2146531225,19790.645063912296,5235776.238303867,0.0,1086.159168587164,2651.025943444996,2.440734304985293,0.0291532153095465,7.712720403753527,A20N,short,625,678849.4803669775,1086.159168587164,19790645.06391229,1656891.2146531225,openap_type,0.139349701393497,EDDM,0.860650298606503,EDDM
3c65d7,D-AINW,Lufthansa,A20N,A20N,2026,881,886429.2575435467,2197401.4821241223,26246.73992537146,6943788.683512227,0.0,1006.1626078814378,2494.2128060432715,2.4789360949270933,0.0296095144671847,7.833438059969615,A20N,short,881,886429.2575435467,1006.1626078814378,26246739.92537146,2197401.4821241223,openap_type,0.139349701393497,EDDM,0.860650298606503,EDDM
3c65d8,D-AINX,Lufthansa,A20N,A20N,2025,257,219281.773709178,564476.8843565747,6742.362785370199,1783746.9545667768,0.0,853.236473576568,2196.4081103368667,2.5742079462801644,0.0307474838027908,8.134497110245322,A20N,short,257,219281.773709178,853.236473576568,6742362.785370199,564476.8843565747,openap_type,0.06690140845070422,EDDF,0.9330985915492958,EDDF
3c65d8,D-AINX,Lufthansa,A20N,A20N,2026,873,852835.405121388,2124164.1028822027,25371.960117759645,6712358.565107761,0.0,976.9019531745568,2433.177666531733,2.490708160245599,0.0297501252473779,7.870637786376094,A20N,short,873,852835.405121388,976.9019531745568,25371960.117759645,2124164.1028822027,openap_type,0.06690140845070422,EDDF,0.9330985915492958,EDDF
3c65d9,D-AINY,Lufthansa,A20N,A20N,2025,591,521108.55529085855,1332625.7363743277,15917.474073360028,4211097.326942876,0.0,881.7403642823326,2254.8658821900635,2.557290074868408,0.0305454092275948,8.081036636584171,A20N,short,591,521108.55529085855,881.7403642823326,15917474.073360026,1332625.7363743277,openap_type,0.05964214711729622,EDDF,0.9403578528827038,EDDF
3c65d9,D-AINY,Lufthansa,A20N,A20N,2026,912,868931.3944217251,2179231.631833625,26029.711158012746,6886371.956594256,0.0,952.7756517782074,2389.508368238624,2.5079444082969364,0.0299560026546578,7.925104330218319,A20N,short,912,868931.3944217251,952.7756517782074,26029711.158012744,2179231.631833625,openap_type,0.05964214711729622,EDDF,0.9403578528827038,EDDF
3c65da,D-AINZ,Lufthansa,A20N,A20N,2025,616,608034.998292006,1514104.739880307,18085.139948570333,4784570.978021771,0.0,987.0698024220876,2457.962240065433,2.490160507427181,0.0297435838387135,7.868907203469894,A20N,short,616,608034.998292006,987.0698024220876,18085139.948570333,1514104.739880307,openap_type,0.06462585034013606,EDDF,0.935374149659864,EDDF
3c65da,D-AINZ,Lufthansa,A20N,A20N,2026,848,823151.6677343138,2052393.679767553,24514.70228611244,6485564.028065468,0.0,970.697721384804,2420.275565763624,2.49333599167292,0.0297815132338709,7.878941733686427,A20N,short,848,823151.6677343138,970.697721384804,24514702.28611244,2052393.679767553,openap_type,0.06462585034013606,EDDF,0.935374149659864,EDDF
3c65e1,D-AIOA,Lufthansa,A21N,A21N,2025,1,277.2802112759847,939.740064372103,11.22467299111123,2969.578603415845,0.0,277.2802112759847,939.740064372103,3.389134983876486,0.0404813345296358,10.709666549049691,A21N,short,1,277.2802112759847,277.2802112759847,11224.67299111123,939.740064372103,openap_type,0.19107142857142856,EDDF,0.8089285714285714,EDDF
3c65e1,D-AIOA,Lufthansa,A21N,A21N,2026,556,748623.9089576456,2429031.1366401943,29013.427465424546,7675738.391783014,0.0,1346.445879420226,4368.761037122652,3.244661448259489,0.0387556784097661,10.253130176499983,A21N,short,556,748623.9089576456,1346.445879420226,29013427.46542454,2429031.1366401943,openap_type,0.19107142857142856,EDDF,0.8089285714285714,EDDF
3c65e2,D-AIOB,Lufthansa,A21N,A21N,2026,367,546288.6923372807,1766982.4337482774,21105.62351421553,5583664.4906445565,0.0,1488.5250472405469,4814.666032011655,3.2345213410665576,0.0386345604627394,10.221087437770322,A21N,short,367,546288.6923372807,1488.5250472405469,21105623.514215536,1766982.4337482774,openap_type,0.09115281501340483,EDDF,0.9088471849865951,EDDF
3c6634,D-AIQT,Lufthansa,A320,A320,2025,620,442552.4654285376,1933412.9902622704,23093.5440503549,6109585.049228775,0.0,713.7942990782865,3118.408048810113,4.3687769051068,0.0521826130332201,13.805335020137488,A320,short,620,442552.4654285376,713.7942990782865,23093544.050354894,1933412.9902622704,openap_type,0.2696335078534031,EDDF,0.7303664921465969,EDDF
3c6634,D-AIQT,Lufthansa,A320,A320,2026,905,592593.5942571989,2634928.8446096727,31472.76119950442,8326375.148966566,0.0,654.7995516654131,2911.5235852040582,4.446434909429775,0.0531101947515223,14.050734313798088,A320,short,905,592593.5942571989,654.7995516654131,31472761.19950442,2634928.8446096727,openap_type,0.2696335078534031,EDDF,0.7303664921465969,EDDF
3c6635,D-AIQU,Lufthansa,A320,A320,2025,647,436741.3132136912,1933971.0080295785,23100.20926257552,6111348.3853734685,0.0,675.0252136223975,2989.1360247752373,4.42818425808807,0.0528922008604964,13.993062255558302,A320,short,647,436741.3132136912,675.0252136223975,23100209.26257552,1933971.0080295785,openap_type,0.3197604790419162,EDDF,0.6802395209580838,EDDF
3c6635,D-AIQU,Lufthansa,A320,A320,2026,1022,635746.3564167786,2858033.112525035,34137.61773293792,9031384.635579113,0.0,622.061014106437,2796.509894838586,4.495555631075271,0.0536969144822879,14.205955794197855,A320,short,1022,635746.3564167786,622.061014106437,34137617.73293792,2858033.112525035,openap_type,0.3197604790419162,EDDF,0.6802395209580838,EDDF
3c6637,D-AIQW,Lufthansa,A320,A320,2025,632,438091.12322528905,1927370.3143320945,23021.36764341113,6090490.19328942,0.0,693.1821570020396,3049.636573310276,4.39947356189854,0.0525492675448992,13.902336455599388,A320,short,632,438091.12322528905,693.1821570020396,23021367.64341113,1927370.3143320945,openap_type,0.29484902309058614,EDDF,0.7051509769094139,EDDF
3c6637,D-AIQW,Lufthansa,A320,A320,2026,1052,687239.6747999764,3061834.7896851622,36571.91554346166,9675397.935405113,0.0,653.2696528516886,2910.489343807189,4.455264883501262,0.053215663886265,14.07863703186399,A320,short,1052,687239.6747999764,653.2696528516886,36571915.54346167,3061834.7896851622,openap_type,0.29484902309058614,EDDF,0.7051509769094139,EDDF
3c6641,D-AIRA,Lufthansa,A321,A321,2025,495,463161.2153041581,2229401.7215477224,26628.965007375573,7044909.440090803,0.0,935.6792228366828,4503.841861712571,4.8134464801498416,0.0574939440684564,15.2104908772735,A321,short,495,463161.2153041581,935.6792228366828,26628965.00737557,2229401.7215477224,openap_type,0.26788553259141495,EDDF,0.7321144674085851,EDDF
3c6641,D-AIRA,Lufthansa,A321,A321,2026,763,674045.901408593,3294305.555197351,39348.64968707947,10410005.55442363,0.0,883.4153360532019,4317.569534989975,4.887360858233911,0.0583768102511272,15.444060312019158,A321,short,763,674045.901408593,883.4153360532019,39348649.687079474,3294305.555197351,openap_type,0.26788553259141495,EDDF,0.7321144674085851,EDDF
3c6643,D-AIRC,Lufthansa,A321,A321,2025,501,487416.62873125466,2332700.409755253,27862.81044985441,7371333.2948266,0.0,972.8874824975144,4656.088642226054,4.785844947119,0.057164259090588,15.123270032896045,A321,short,501,487416.62873125466,972.8874824975144,27862810.449854407,2332700.409755253,openap_type,0.3345780433159074,EDDM,0.6654219566840927,EDDM
3c6643,D-AIRC,Lufthansa,A321,A321,2026,838,682603.5529843209,3402032.284224365,40635.38561712436,10750422.018148994,0.0,814.562712391791,4059.704396449122,4.983906499388684,0.0595299942982537,15.749144538068244,A321,short,838,682603.5529843209,814.562712391791,40635385.61712437,3402032.284224365,openap_type,0.3345780433159074,EDDM,0.6654219566840927,EDDM
3c6648,D-AIRH,Lufthansa,A321,A321,2025,288,299824.55837938964,1421445.2306956658,16978.3735888649,4491766.9289983045,0.0,1041.057494372881,4935.573717693284,4.740923286534149,0.0566276948113801,14.981317585447911,A321,short,288,299824.55837938964,1041.057494372881,16978373.5888649,1421445.2306956658,openap_type,0.3263473053892216,EDDM,0.6736526946107784,EDDM
3c6648,D-AIRH,Lufthansa,A321,A321,2026,713,584254.8244322806,2918240.2244887203,34856.758236948604,9221639.109384356,0.0,819.4317313215716,4092.903540657392,4.994807235566038,0.0596601975359276,15.78359086438868,A321,short,713,584254.8244322806,819.4317313215716,34856758.2369486,2918240.2244887203,openap_type,0.3263473053892216,EDDM,0.6736526946107784,EDDM
3c664c,D-AIRL,Lufthansa,A321,A321,2025,295,259476.28232854363,1267635.7633318964,15141.204950908765,4005729.012128793,0.0,879.5806180628598,4297.07038417592,4.885362746668466,0.05835294391854,15.437746279472355,A321,short,295,259476.28232854363,879.5806180628598,15141204.950908763,1267635.7633318964,openap_type,0.28056872037914693,EDDF,0.7194312796208531,EDDF
3c664c,D-AIRL,Lufthansa,A321,A321,2026,758,698741.0440842572,3378326.9039345006,40352.23801921764,10675513.016433025,0.0,921.8219578947984,4456.895651628629,4.834876858224357,0.0577499180287909,15.27821087198897,A321,short,758,698741.0440842572,921.8219578947984,40352238.01921764,3378326.9039345006,openap_type,0.28056872037914693,EDDF,0.7194312796208531,EDDF
3c664d,D-AIRM,Lufthansa,A321,A321,2025,488,458476.07983230375,2210363.818913824,26401.567837026232,6984749.667767685,0.0,939.5001635907864,4529.434055151279,4.821110448602479,0.0575854859138629,15.234709017583835,A321,short,488,458476.07983230375,939.5001635907864,26401567.83702623,2210363.818913824,openap_type,0.24514563106796117,EDDF,0.7548543689320388,EDDF
3c664d,D-AIRM,Lufthansa,A321,A321,2026,747,681626.8705107273,3300669.1815119875,39424.65966805985,10430114.61357788,0.0,912.4857704293538,4418.566508048176,4.842340178049131,0.057839063237809,15.301794962635254,A321,short,747,681626.8705107273,912.4857704293538,39424659.668059856,3300669.1815119875,openap_type,0.24514563106796117,EDDF,0.7548543689320388,EDDF
3c664e,D-AIRN,Lufthansa,A321,A321,2025,466,453728.6178384585,2175816.431561496,25988.91848809564,6875579.923734327,0.0,973.666561885104,4669.13397330793,4.795413703299081,0.0572785525671834,15.153507302425098,A321,short,466,453728.6178384585,973.666561885104,25988918.48809564,2175816.431561496,openap_type,0.22937293729372937,EDDF,0.7706270627062706,EDDF
3c664e,D-AIRN,Lufthansa,A321,A321,2026,745,689566.7799867253,3335950.8814856834,39846.07997330122,10541604.785494762,0.0,925.5929932707722,4477.786418101588,4.837748827676854,0.0577842221083624,15.28728629545886,A321,short,745,689566.7799867253,925.5929932707722,39846079.97330122,3335950.8814856834,openap_type,0.22937293729372937,EDDF,0.7706270627062706,EDDF
3c664f,D-AIRO,Lufthansa,A321,A321,2025,453,446328.67605812673,2133573.0311057013,25484.34453820699,6742090.778294018,0.0,985.2730155808536,4709.874240851438,4.780273250531273,0.0570977082702346,15.105663471678827,A321,short,453,446328.67605812673,985.2730155808536,25484344.53820699,2133573.0311057013,openap_type,0.25380304243394713,EDDF,0.7461969575660529,EDDF
3c664f,D-AIRO,Lufthansa,A321,A321,2026,796,701117.0968012916,3413167.505474808,40768.38964872687,10785609.317300394,0.0,880.8003728659442,4287.898876224634,4.868184674210216,0.0581477613863998,15.383463570504285,A321,short,796,701117.0968012916,880.8003728659442,40768389.64872687,3413167.505474808,openap_type,0.25380304243394713,EDDF,0.7461969575660529,EDDF
3c6650,D-AIRP,Lufthansa,A321,A321,2025,392,356503.85053766647,1727404.914720652,20632.89203694112,5458599.530517261,0.0,909.4485983103737,4406.645190613908,4.845403246319615,0.0578756498865954,15.311474258369984,A321,short,392,356503.85053766647,909.4485983103737,20632892.03694112,1727404.914720652,openap_type,0.2857142857142857,EDDF,0.7142857142857143,EDDF
3c6650,D-AIRP,Lufthansa,A321,A321,2026,749,677451.7895795596,3281500.969375413,39195.70602309521,10369543.063226303,0.0,904.4750194653666,4381.176194092674,4.843888553917585,0.0578575577273489,15.306687830379568,A321,short,749,677451.7895795596,904.4750194653666,39195706.02309521,3281500.969375413,openap_type,0.2857142857142857,EDDF,0.7142857142857143,EDDF
3c6652,D-AIRR,Lufthansa,A321,A321,2025,506,453680.8872271277,2215933.6466036346,26468.096334432303,7002350.323267486,0.0,896.6025439271298,4379.315507121807,4.884344280287622,0.0583407789034354,15.434527925708888,A321,short,506,453680.8872271277,896.6025439271298,26468096.334432304,2215933.6466036346,openap_type,0.3712374581939799,EDDM,0.6287625418060201,EDDM
3c6652,D-AIRR,Lufthansa,A321,A321,2026,689,595736.6859564948,2939418.641521056,35109.722662612614,9288562.90720654,0.0,864.6396022590635,4266.209929638689,4.934090363768054,0.0589349682338962,15.591725549507052,A321,short,689,595736.6859564948,864.6396022590635,35109722.66261262,2939418.641521056,openap_type,0.3712374581939799,EDDM,0.6287625418060201,EDDM
3c6653,D-AIRS,Lufthansa,A321,A321,2025,505,457207.504655616,2221949.441417765,26539.95166137886,7021360.234880138,0.0,905.3613953576554,4399.899883995574,4.8598271436760685,0.0580479353272419,15.35705377401638,A321,short,505,457207.504655616,905.3613953576554,26539951.661378857,2221949.441417765,openap_type,0.3998287671232877,EDDM,0.6001712328767124,EDDM
3c6653,D-AIRS,Lufthansa,A321,A321,2026,661,558234.8481745139,2763740.27625881,33011.34218864689,8733419.27297784,0.0,844.5307839251345,4181.150191011815,4.950855872392289,0.0591352229202412,15.644704556759637,A321,short,661,558234.8481745139,844.5307839251345,33011342.18864689,2763740.27625881,openap_type,0.3998287671232877,EDDM,0.6001712328767124,EDDM
3c6654,D-AIRT,Lufthansa,A321,A321,2025,511,438526.326855498,2157610.4822989088,25771.4585385703,6818049.124064553,0.0,858.1728509892329,4222.329710956768,4.920138997743409,0.0587683269174907,15.547639232869177,A321,short,511,438526.326855498,858.1728509892329,25771458.5385703,2157610.4822989088,openap_type,0.2933088909257562,EDDF,0.7066911090742438,EDDF
3c6654,D-AIRT,Lufthansa,A321,A321,2026,579,537621.4451915566,2604528.6575892274,31109.647854537998,8230310.557981959,0.0,928.5344476538112,4498.322379256006,4.844540114394476,0.0578653402552673,15.308746761486546,A321,short,579,537621.4451915566,928.5344476538112,31109647.854537997,2604528.6575892274,openap_type,0.2933088909257562,EDDF,0.7066911090742438,EDDF
3c6655,D-AIRU,Lufthansa,A321,A321,2025,510,475677.8036705624,2300003.90620754,27472.268879701176,7268012.343615827,0.0,932.7015758246322,4509.811580799098,4.835213853704306,0.0577539432525792,15.279275777705609,A321,short,510,475677.8036705624,932.7015758246322,27472268.87970117,2300003.90620754,openap_type,0.33584905660377357,EDDF,0.6641509433962265,EDDF
3c6655,D-AIRU,Lufthansa,A321,A321,2026,815,714164.1779961777,3491973.4709390625,41709.68312510547,11034636.168167438,0.0,876.2750650259849,4284.630025692101,4.8895948278124814,0.058403493776649,15.45111965588744,A321,short,815,714164.1779961777,876.2750650259849,41709683.12510547,3491973.4709390625,openap_type,0.33584905660377357,EDDF,0.6641509433962265,EDDF
3c6657,D-AIRW,Lufthansa,A321,A321,2025,495,481030.7654699093,2306819.4186168374,27553.676389034445,7289549.3628292065,0.0,971.7793241816348,4660.241249730984,4.795575635091348,0.0572804867524799,15.15401900688866,A321,short,495,481030.7654699093,971.7793241816348,27553676.389034446,2306819.4186168374,openap_type,0.25203252032520324,EDDF,0.7479674796747968,EDDF
3c6657,D-AIRW,Lufthansa,A321,A321,2026,735,630789.1047069258,3093059.3559799413,36944.87564087152,9774067.564896615,0.0,858.2164689890147,4208.244021741417,4.903476190218954,0.0585692989387263,15.494984761091896,A321,short,735,630789.1047069258,858.2164689890147,36944875.64087152,3093059.3559799413,openap_type,0.25203252032520324,EDDF,0.7479674796747968,EDDF
3c6658,D-AIRX,Lufthansa,A321,A321,2025,409,347895.83760570345,1706168.6981801956,20379.23722826345,5391493.086249419,0.0,850.6010699405953,4171.5616092425325,4.904251542422664,0.0585785600900484,15.497434874055616,A321,short,409,347895.83760570345,850.6010699405953,20379237.22826345,1706168.6981801956,openap_type,0.32395566922421143,EDDF,0.6760443307757886,EDDF
3c6658,D-AIRX,Lufthansa,A321,A321,2026,764,686400.0649772683,3334200.080983018,39825.16763396383,10536072.255906338,0.0,898.4294044205083,4364.136231653165,4.857517140668449,0.0580203436246509,15.3497541645123,A321,short,764,686400.0649772683,898.4294044205083,39825167.63396383,3334200.080983018,openap_type,0.32395566922421143,EDDF,0.6760443307757886,EDDF
3c6659,D-AIRY,Lufthansa,A321,A321,2025,1,1304.8983952460103,5987.954706950799,71.52279233302343,18921.936873964525,0.0,1304.8983952460103,5987.954706950799,4.588828317029158,0.0548110048978482,14.50069748181214,A321,short,1,1304.8983952460103,1304.8983952460103,71522.79233302343,5987.954706950799,openap_type,0.19405940594059407,EDDF,0.805940594059406,EDDF
3c6659,D-AIRY,Lufthansa,A321,A321,2026,504,492324.7943678792,2360108.818737945,28190.18866825879,7457943.867211907,0.0,976.8349094600776,4682.755592734018,4.793804508197091,0.0572593316256874,15.14842224590281,A321,short,504,492324.7943678792,976.8349094600776,28190188.66825879,2360108.818737945,openap_type,0.19405940594059407,EDDF,0.805940594059406,EDDF
3c6662,D-AISB,Lufthansa,A321,A321,2025,269,258609.78448818185,1247999.6388349826,14906.66235275118,3943678.858718545,0.0,961.3746635248395,4639.403861840085,4.825802091382257,0.0576415249803991,15.24953460876793,A321,short,269,258609.78448818185,961.3746635248395,14906662.35275118,1247999.6388349826,openap_type,0.3189873417721519,EDDF,0.6810126582278482,EDDF
3c6662,D-AISB,Lufthansa,A321,A321,2026,519,479211.8292849198,2313979.1116215377,27639.19494436837,7312173.99272406,0.0,923.3368579670902,4458.533933760188,4.828718679742232,0.0576763620080322,15.258751027985456,A321,short,519,479211.8292849198,923.3368579670902,27639194.94436837,2313979.1116215377,openap_type,0.3189873417721519,EDDF,0.6810126582278482,EDDF
3c6663,D-AISC,Lufthansa,A321,A321,2025,381,367863.6019316673,1758064.8390507656,20999.10779977303,5555484.891400419,0.0,965.5212649125124,4614.343409582062,4.77912147279343,0.0570839509250326,15.102023854027236,A321,short,381,367863.6019316673,965.5212649125124,20999107.79977303,1758064.8390507656,openap_type,0.23933209647495363,EDDF,0.7606679035250463,EDDF
3c6663,D-AISC,Lufthansa,A321,A321,2026,695,652033.3109968409,3147722.4417486954,37597.79583199831,9946802.91592588,0.0,938.1774258947352,4529.097038487332,4.82754851425673,0.0576623850313998,15.255053305051266,A321,short,695,652033.3109968409,938.1774258947352,37597795.83199831,3147722.4417486954,openap_type,0.23933209647495363,EDDF,0.7606679035250463,EDDF
3c6664,D-AISD,Lufthansa,A321,A321,2025,380,331119.8566643776,1626764.313547481,19430.79596737269,5140575.230810041,0.0,871.3680438536252,4280.958719861792,4.912916820921333,0.0586820620276714,15.524817154111412,A321,short,380,331119.8566643776,871.3680438536252,19430795.96737269,1626764.313547481,openap_type,0.4100856327307326,EDDM,0.5899143672692674,EDDM
3c6664,D-AISD,Lufthansa,A321,A321,2026,670,591974.1146489673,2903672.8043902493,34682.75849688353,9175606.061873188,0.0,883.5434546999512,4333.840006552611,4.905067185432742,0.0585883024926688,15.500012305967466,A321,short,670,591974.1146489673,883.5434546999512,34682758.49688353,2903672.8043902493,openap_type,0.4100856327307326,EDDM,0.5899143672692674,EDDM
3c6666,D-AISF,Lufthansa,A321,A321,2025,364,370579.9541494408,1761711.2485593546,21042.66213557007,5567007.545447561,0.0,1018.0767971138482,4839.866067470754,4.753930235117153,0.0567830555861215,15.022419542970203,A321,short,364,370579.9541494408,1018.0767971138482,21042662.13557007,1761711.2485593546,openap_type,0.24500907441016334,EDDF,0.7549909255898366,EDDF
3c6666,D-AISF,Lufthansa,A321,A321,2026,736,693138.8182493644,3334464.350221404,39828.3241832001,10536907.346699636,0.0,941.7646987083756,4530.522214974733,4.810673219317221,0.0574608190085112,15.201727373042418,A321,short,736,693138.8182493644,941.7646987083756,39828324.1832001,3334464.350221404,openap_type,0.24500907441016334,EDDF,0.7549909255898366,EDDF
3c6667,D-AISG,Lufthansa,A321,A321,2025,367,380536.6458789254,1799759.2918532295,21497.12487491357,5687239.362256206,0.0,1036.884593675546,4903.976272079644,4.729529498259822,0.0564916023403256,14.945313214501038,A321,short,367,380536.6458789254,1036.884593675546,21497124.874913573,1799759.2918532295,openap_type,0.2967798085291558,EDDF,0.7032201914708442,EDDF
3c6667,D-AISG,Lufthansa,A321,A321,2026,781,682709.9944083465,3347957.2866821364,39989.48981314774,10579545.025915552,0.0,874.1485203692016,4286.757089221685,4.903923062652042,0.0585746365816771,15.496396877980452,A321,short,781,682709.9944083465,874.1485203692016,39989489.81314774,3347957.2866821364,openap_type,0.2967798085291558,EDDF,0.7032201914708442,EDDF
3c6668,D-AISH,Lufthansa,A321,A321,2025,389,431651.3650473561,2012894.194900599,24042.90288353493,6360745.655885894,0.0,1109.6436119469308,5174.535205399998,4.663240656449137,0.0556998189520313,14.735840474379277,A321,short,389,431651.3650473561,1109.6436119469308,24042902.88353493,2012894.194900599,openap_type,0.22897196261682243,EDDF,0.7710280373831776,EDDF
3c6668,D-AISH,Lufthansa,A321,A321,2026,675,706056.1035989376,3326458.732800637,39732.70153067428,10511609.595650014,0.0,1046.0090423687964,4928.087011556499,4.711323527754916,0.0562741421370726,14.887782347705537,A321,short,675,706056.1035989376,1046.0090423687964,39732701.53067428,3326458.732800637,openap_type,0.22897196261682243,EDDF,0.7710280373831776,EDDF
3c6669,D-AISI,Lufthansa,A321,A321,2025,148,170965.04611792282,794609.3648529836,9491.167413521747,2510965.5929354285,0.0,1155.1692305265055,5368.982194952592,4.647788439193023,0.0555152508014722,14.687011467849953,A321,short,148,170965.04611792282,1155.1692305265055,9491167.41352175,794609.3648529836,openap_type,0.189873417721519,EDDF,0.810126582278481,EDDF
3c6669,D-AISI,Lufthansa,A321,A321,2026,560,577678.2948404414,2737429.29553139,32697.07214106938,8650276.573879192,0.0,1031.5683836436451,4888.266599163196,4.738674310564994,0.0566008320428596,14.97421082138538,A321,short,560,577678.2948404414,1031.5683836436451,32697072.14106938,2737429.29553139,openap_type,0.189873417721519,EDDF,0.810126582278481,EDDF
3c666a,D-AISJ,Lufthansa,A321,A321,2025,320,324901.3841194199,1547635.514592063,18485.64642429408,4890528.226110918,0.0,1015.3168253731872,4836.360983100196,4.7634008047907175,0.0568961762794446,15.052346543138666,A321,short,320,324901.3841194199,1015.3168253731872,18485646.42429408,1547635.514592063,openap_type,0.3931095406360424,EDDM,0.6068904593639576,EDDM
3c666a,D-AISJ,Lufthansa,A321,A321,2026,809,725713.9423359177,3554504.288753265,42456.579004552885,11232233.552460318,0.0,897.0506085734459,4393.701222191922,4.897941298071355,0.0585031877269634,15.47749450190548,A321,short,809,725713.9423359177,897.0506085734459,42456579.004552886,3554504.288753265,openap_type,0.3931095406360424,EDDM,0.6068904593639576,EDDM
3c666b,D-AISK,Lufthansa,A321,A321,2025,315,349896.049837467,1637975.9383301197,19564.712596720878,5176003.965123178,0.0,1110.7811105951334,5199.923613746411,4.68132160706298,0.0559157858621411,14.792976278319015,A321,short,315,349896.049837467,1110.7811105951334,19564712.596720874,1637975.9383301197,openap_type,0.37830188679245286,EDDM,0.6216981132075472,EDDM
3c666b,D-AISK,Lufthansa,A321,A321,2026,743,674635.5366950852,3291870.2625969555,39319.56146990808,10402310.02980638,0.0,907.9886092800608,4430.511793535607,4.879479487136446,0.0582826716519075,15.419155179351172,A321,short,743,674635.5366950852,907.9886092800608,39319561.46990808,3291870.2625969555,openap_type,0.37830188679245286,EDDM,0.6216981132075472,EDDM
3c666c,D-AISL,Lufthansa,A321,A321,2025,538,527332.2612714942,2532426.6813388625,30248.429804880856,8002468.313030805,0.0,980.1714893522196,4707.112790592681,4.802335960316026,0.0573612350815525,15.175381634598642,A321,short,538,527332.2612714942,980.1714893522196,30248429.804880857,2532426.6813388625,openap_type,0.3091703056768559,EDDM,0.6908296943231441,EDDM
3c666c,D-AISL,Lufthansa,A321,A321,2026,602,609173.7683632353,2895281.60698272,34582.53030562693,9149089.878065396,0.0,1011.9165587429158,4809.437885353355,4.75280085477406,0.0567695657653568,15.018850701086032,A321,short,602,609173.7683632353,1011.9165587429158,34582530.305626936,2895281.60698272,openap_type,0.3091703056768559,EDDM,0.6908296943231441,EDDM
3c666e,D-AISN,Lufthansa,A321,A321,2025,483,468109.95694272,2252128.221269393,26900.420420717743,7116725.179211282,0.0,969.1717535045964,4662.7913483838365,4.811109415356814,0.057466029127873,15.203105752527533,A321,short,483,468109.95694272,969.1717535045964,26900420.420717742,2252128.221269393,openap_type,0.3870682019486271,EDDM,0.6129317980513729,EDDM
3c666e,D-AISN,Lufthansa,A321,A321,2026,644,592977.2701063158,2886542.9966483857,34478.15245996683,9121475.869408898,0.0,920.77215855018,4482.209622124822,4.867881354256383,0.0581441383980623,15.38250507945017,A321,short,644,592977.2701063158,920.77215855018,34478152.45996682,2886542.9966483857,openap_type,0.3870682019486271,EDDM,0.6129317980513729,EDDM
3c666f,D-AISO,Lufthansa,A321,A321,2025,393,455554.4784228778,2109577.5364550576,25197.73168543541,6666265.015197982,0.0,1159.171700821572,5367.881772150274,4.630790907288148,0.0553122247259417,14.633299267030548,A321,short,393,455554.4784228778,1159.171700821572,25197731.68543541,2109577.5364550576,openap_type,0.19888475836431227,EDDF,0.8011152416356877,EDDF
3c666f,D-AISO,Lufthansa,A321,A321,2026,673,710357.3492734297,3347077.6743173245,39978.9833321236,10576765.450842747,0.0,1055.5086913423918,4973.36950121445,4.711822405639633,0.0562801009562511,14.889358801821242,A321,short,673,710357.3492734297,1055.5086913423918,39978983.3321236,3347077.6743173245,openap_type,0.19888475836431227,EDDF,0.8011152416356877,EDDF
3c6670,D-AISP,Lufthansa,A321,A321,2025,511,487476.0452023247,2350337.854523879,28073.47992903522,7427067.620295458,0.0,953.9648634096374,4599.486995154362,4.821442771712777,0.0575894553287914,15.235759158612376,A321,short,511,487476.0452023247,953.9648634096374,28073479.92903522,2350337.854523879,openap_type,0.3865979381443299,EDDM,0.6134020618556701,EDDM
3c6670,D-AISP,Lufthansa,A321,A321,2026,652,613101.1278424785,2962219.1268483712,35382.0617929111,9360612.440840852,0.0,940.3391531326356,4543.280869399342,4.831534297241485,0.0577099929948288,15.267648379283097,A321,short,652,613101.1278424785,940.3391531326356,35382061.792911105,2962219.1268483712,openap_type,0.3865979381443299,EDDM,0.6134020618556701,EDDM
3c6671,D-AISQ,Lufthansa,A321,A321,2025,212,232458.2977836083,1091555.3711069035,13038.022488221348,3449314.9726978154,0.0,1096.5014046396618,5148.846090126904,4.6957040532191066,0.0560875761912282,14.83842480817238,A321,short,212,232458.2977836083,1096.5014046396618,13038022.488221347,1091555.3711069035,openap_type,0.2391304347826087,EDDF,0.7608695652173914,EDDF
3c6671,D-AISQ,Lufthansa,A321,A321,2026,708,663901.9406326781,3197842.4416116127,38196.45138591649,10105182.115492696,0.0,937.7146054133872,4516.726612445781,4.816739108435453,0.0575332726840901,15.22089558265603,A321,short,708,663901.9406326781,937.7146054133872,38196451.38591649,3197842.4416116127,openap_type,0.2391304347826087,EDDF,0.7608695652173914,EDDF
3c6672,D-AISR,Lufthansa,A321,A321,2025,378,414621.8854898793,1948803.819109892,23277.378950479266,6158220.068387259,0.0,1096.8832949467703,5155.565659020878,4.700195255750582,0.0561412211103541,14.852617008171842,A321,short,378,414621.8854898793,1096.8832949467703,23277378.950479265,1948803.819109892,openap_type,0.1863186318631863,EDDF,0.8136813681368137,EDDF
3c6672,D-AISR,Lufthansa,A321,A321,2026,733,743299.3745136866,3529625.689466,42159.41795751055,11153617.17871256,0.0,1014.050988422492,4815.314719598909,4.748592304110715,0.0567192969657668,15.005551680989855,A321,short,733,743299.3745136866,1014.050988422492,42159417.95751055,3529625.689466,openap_type,0.1863186318631863,EDDF,0.8136813681368137,EDDF
3c6674,D-AIST,Lufthansa,A321,A321,2025,407,421997.2137360078,2000002.2922965772,23888.91626909801,6320007.243657185,0.0,1036.848190997562,4914.010546183237,4.739373216686059,0.0566091800881945,14.976419364727946,A321,short,407,421997.2137360078,1036.848190997562,23888916.26909801,2000002.2922965772,openap_type,0.2322695035460993,EDDF,0.7677304964539007,EDDF
3c6674,D-AIST,Lufthansa,A321,A321,2026,719,696540.4928898845,3333058.9288919023,39811.53720620884,10532466.215298412,0.0,968.7628552015084,4635.686966469962,4.785161757162656,0.0571560987661095,15.121111152633995,A321,short,719,696540.4928898845,968.7628552015084,39811537.20620883,3333058.9288919023,openap_type,0.2322695035460993,EDDF,0.7677304964539007,EDDF
3c6675,D-AISU,Lufthansa,A321,A321,2025,380,399570.6598627085,1884334.993141157,22507.33464029716,5954498.578326058,0.0,1051.501736480812,4958.776297739888,4.715899294979792,0.0563287971344808,14.902241772136144,A321,short,380,399570.6598627085,1051.501736480812,22507334.64029716,1884334.993141157,openap_type,0.2430493273542601,EDDF,0.7569506726457399,EDDF
3c6675,D-AISU,Lufthansa,A321,A321,2026,732,708224.3571878703,3396810.344195073,40573.01244455227,10733920.687656432,0.0,967.5196136446316,4640.45128988398,4.796234850892036,0.0572883607189882,15.156102128818835,A321,short,732,708224.3571878703,967.5196136446316,40573012.444552265,3396810.344195073,openap_type,0.2430493273542601,EDDF,0.7569506726457399,EDDF
3c6676,D-AISV,Lufthansa,A321,A321,2025,467,500153.8962740232,2353321.803774228,28109.12154508106,7436496.899926561,0.0,1070.993353905831,5039.232984527254,4.70519538347232,0.0562009448581416,14.868417411772532,A321,short,467,500153.8962740232,1070.993353905831,28109121.54508106,2353321.803774228,openap_type,0.2580385852090032,EDDF,0.7419614147909968,EDDF
3c6676,D-AISV,Lufthansa,A321,A321,2026,775,735643.0358416818,3549257.714495736,42393.91158981017,11215654.377806526,0.0,949.2168204408796,4579.687373542884,4.824701032389809,0.0576283734424338,15.2460552623518,A321,short,775,735643.0358416818,949.2168204408796,42393911.58981017,3549257.714495736,openap_type,0.2580385852090032,EDDF,0.7419614147909968,EDDF
3c6677,D-AISW,Lufthansa,A321,A321,2025,488,504265.376017868,2390628.219751551,28554.72595814352,7554385.1744149,0.0,1033.3306885612049,4898.828319163014,4.740813733098428,0.0566263862564534,14.980971396591029,A321,short,488,504265.376017868,1033.3306885612049,28554725.95814352,2390628.219751551,openap_type,0.24050632911392406,EDDF,0.759493670886076,EDDF
3c6677,D-AISW,Lufthansa,A321,A321,2026,538,512042.0878247446,2468147.996938857,29480.65663010301,7799347.670326788,0.0,951.7510926110494,4587.635682042484,4.820205322230511,0.0575746746821977,15.231848818248418,A321,short,538,512042.0878247446,951.7510926110494,29480656.63010301,2468147.996938857,openap_type,0.24050632911392406,EDDF,0.759493670886076,EDDF
3c6678,D-AISX,Lufthansa,A321,A321,2025,484,509154.6905547989,2402588.105348768,28697.580147221397,7592178.412902106,0.0,1051.9725011462788,4964.025011051173,4.718778300423383,0.056363185255057,14.911339429337891,A321,short,484,509154.6905547989,1051.9725011462788,28697580.147221398,2402588.105348768,openap_type,0.2117039586919105,EDDF,0.7882960413080895,EDDF
3c6678,D-AISX,Lufthansa,A321,A321,2026,677,677480.0904588666,3226617.8549201395,38540.15771154611,10196112.421547642,0.0,1000.7091439569668,4766.052961477311,4.762675538899907,0.0568875133813044,15.050054702923706,A321,short,677,677480.0904588666,1000.7091439569668,38540157.71154611,3226617.8549201395,openap_type,0.2117039586919105,EDDF,0.7882960413080895,EDDF
3c667a,D-AISZ,Lufthansa,A321,A321,2025,510,521134.6807330632,2472489.174645408,29532.509586042368,7813065.791879488,0.0,1021.8327073197316,4848.0179895008,4.744434147363668,0.0566696300935104,14.99241190566919,A321,short,510,521134.6807330632,1021.8327073197316,29532509.586042367,2472489.174645408,openap_type,0.20947030497592295,EDDF,0.790529695024077,EDDF
3c667a,D-AISZ,Lufthansa,A321,A321,2026,735,726539.1672800852,3469050.7476472734,41435.88393023132,10962200.362565383,0.0,988.4886629661022,4719.796935574522,4.774760816590544,0.0570318653092759,15.08824418042612,A321,short,735,726539.1672800852,988.4886629661022,41435883.93023132,3469050.7476472734,openap_type,0.20947030497592295,EDDF,0.790529695024077,EDDF
3c66a1,D-AIUA,Lufthansa,A320,A320,2025,435,342184.3675350253,1461856.7568886713,17461.06681839246,4619467.351768201,0.0,786.6307299655754,3360.590245721084,4.272131913621211,0.0510282423015866,13.499936847043026,A320,short,435,342184.3675350253,786.6307299655754,17461066.81839246,1461856.7568886713,openap_type,0.24303621169916434,EDDF,0.7569637883008357,EDDF
3c66a1,D-AIUA,Lufthansa,A320,A320,2026,999,721667.898061948,3139854.777883264,37503.820958050106,9921941.098111115,0.0,722.3902883502983,3142.9977756589237,4.350830605484046,0.0519682544543927,13.748624713329589,A320,short,999,721667.898061948,722.3902883502983,37503820.95805011,3139854.777883264,openap_type,0.24303621169916434,EDDF,0.7569637883008357,EDDF
3c66a2,D-AIUB,Lufthansa,A320,A320,2025,485,375667.389053623,1628313.423954249,19449.29923056464,5145470.419695426,0.0,774.5719361930371,3357.3472658850487,4.334455082876044,0.0517726579343527,13.6968780618883,A320,short,485,375667.389053623,774.5719361930371,19449299.230564635,1628313.423954249,openap_type,0.3584664536741214,EDDM,0.6415335463258787,EDDM
3c66a2,D-AIUB,Lufthansa,A320,A320,2026,1079,791362.9040484052,3468162.241889471,41425.271222568685,10959392.68437073,0.0,733.4225246046387,3214.2374808984905,4.382518088916301,0.0523467438398336,13.848757160975511,A320,short,1079,791362.9040484052,733.4225246046387,41425271.22256868,3468162.241889471,openap_type,0.3584664536741214,EDDM,0.6415335463258787,EDDM
3c66a3,D-AIUC,Lufthansa,A320,A320,2025,598,456568.783416206,1975822.02842312,23600.09645060948,6243597.609817058,0.0,763.4929488565317,3304.0502147543807,4.327545158999557,0.0516901227324947,13.6750427024386,A320,short,598,456568.783416206,763.4929488565317,23600096.450609483,1975822.02842312,openap_type,0.3453815261044177,EDDM,0.6546184738955823,EDDM
3c66a3,D-AIUC,Lufthansa,A320,A320,2026,894,671352.0499326789,2926138.472489577,34951.09842140328,9246597.573067063,0.0,750.9530759873367,3273.085539697513,4.35857531496776,0.0520607607065593,13.77309799529812,A320,short,894,671352.0499326789,750.9530759873367,34951098.42140328,2926138.472489577,openap_type,0.3453815261044177,EDDM,0.6546184738955823,EDDM
3c66a4,D-AIUD,Lufthansa,A320,A320,2025,639,504805.3983390172,2177911.4613730027,26013.942455288645,6882200.2179386895,0.0,789.992798652609,3408.312146123635,4.314358500402488,0.0515326154214741,13.633372861271864,A320,short,639,504805.3983390172,789.992798652609,26013942.455288645,2177911.4613730027,openap_type,0.32129032258064516,EDDM,0.6787096774193548,EDDM
3c66a4,D-AIUD,Lufthansa,A320,A320,2026,907,707501.0415944868,3057229.3842033814,36516.9065335404,9660844.854082689,0.0,780.0452498285412,3370.704943994908,4.321165912792636,0.0516139261805787,13.654884284424732,A320,short,907,707501.0415944868,780.0452498285412,36516906.53354039,3057229.3842033814,openap_type,0.32129032258064516,EDDM,0.6787096774193548,EDDM
3c66a5,D-AIUE,Lufthansa,A320,A320,2025,623,498842.91341655416,2143461.622351738,25602.45826697909,6773338.726631492,0.0,800.7109364631688,3440.548350484331,4.296866938875125,0.0513236884365639,13.578099526845396,A320,short,623,498842.91341655416,800.7109364631688,25602458.26697909,2143461.622351738,openap_type,0.26956521739130435,EDDM,0.7304347826086957,EDDM
3c66a5,D-AIUE,Lufthansa,A320,A320,2026,755,656569.3464275063,2768742.0929930643,33071.08611075049,8749225.013858084,0.0,869.6282734139156,3667.208070189489,4.216983488580774,0.0503695250024925,13.325667823915246,A320,short,755,656569.3464275063,869.6282734139156,33071086.11075049,2768742.0929930643,openap_type,0.26956521739130435,EDDM,0.7304347826086957,EDDM
3c66a6,D-AIUF,Lufthansa,A320,A320,2025,657,481307.1674093694,2109705.311797753,25199.257890917605,6666668.785280899,0.0,732.583207624611,3211.119196039198,4.383282557692251,0.0523558749946574,13.851172882307512,A320,short,657,481307.1674093694,732.583207624611,25199257.890917603,2109705.311797753,openap_type,0.2992181947405828,EDDM,0.7007818052594172,EDDM
3c66a6,D-AIUF,Lufthansa,A320,A320,2026,748,615611.8909169836,2627089.791947966,31379.12807048959,8301603.742555573,0.0,823.0105493542561,3512.1521282726817,4.26744484749115,0.0509722579005887,13.485125718072036,A320,short,748,615611.8909169836,823.0105493542561,31379128.07048959,2627089.791947966,openap_type,0.2992181947405828,EDDM,0.7007818052594172,EDDM
3c66a7,D-AIUG,Lufthansa,A320,A320,2025,634,475305.3953370625,2074014.10546562,24772.94625972824,6553884.573271359,0.0,749.6930525821175,3271.315623762808,4.363540001465446,0.052120061128615,13.788786404630809,A320,short,634,475305.3953370625,749.6930525821175,24772946.25972824,2074014.10546562,openap_type,0.327445652173913,EDDM,0.6725543478260869,EDDM
3c66a7,D-AIUG,Lufthansa,A320,A320,2026,836,672697.5967875852,2885126.3913956694,34461.231897226055,9116999.396810316,0.0,804.6621971143363,3451.1081236790305,4.28889058794526,0.0512284153560128,13.55289425790702,A320,short,836,672697.5967875852,804.6621971143363,34461231.89722606,2885126.3913956694,openap_type,0.327445652173913,EDDM,0.6725543478260869,EDDM
3c66a8,D-AIUH,Lufthansa,A320,A320,2025,674,534969.619916018,2305960.8032420883,27543.42070539161,7286836.138245,0.0,793.7234716854866,3421.306829736036,4.310451878751711,0.0514859529962009,13.621027936855407,A320,short,674,534969.619916018,793.7234716854866,27543420.70539161,2305960.8032420883,openap_type,0.30068493150684933,EDDM,0.6993150684931506,EDDM
3c66a8,D-AIUH,Lufthansa,A320,A320,2026,784,606010.2253839832,2622951.582496193,31329.69945759342,8288527.000687971,0.0,772.9722262550806,3345.601508285961,4.328229908718496,0.0516983016874709,13.67720651155045,A320,short,784,606010.2253839832,772.9722262550806,31329699.45759342,2622951.582496193,openap_type,0.30068493150684933,EDDM,0.6993150684931506,EDDM
3c66a9,D-AIUI,Lufthansa,A320,A320,2025,646,520081.050406561,2233226.726549593,26674.65256712013,7056996.455896714,0.0,805.0790253971533,3457.0073166402367,4.293997492898118,0.0512894144985053,13.569032077558054,A320,short,646,520081.050406561,805.0790253971533,26674652.56712013,2233226.726549593,openap_type,0.3479801559177888,EDDM,0.6520198440822111,EDDM
3c66a9,D-AIUI,Lufthansa,A320,A320,2026,764,557685.2819273719,2445852.343006816,29214.347430359187,7728893.403901538,0.0,729.95455749656,3201.377412312586,4.385721521202603,0.0523850070588088,13.858880007000224,A320,short,764,557685.2819273719,729.95455749656,29214347.430359185,2445852.343006816,openap_type,0.3479801559177888,EDDM,0.6520198440822111,EDDM
3c66aa,D-AIUJ,Lufthansa,A320,A320,2025,672,527066.740207784,2255795.735841804,26944.226844777106,7128314.525260102,0.0,784.3255062615833,3356.8388926217326,4.279905301845661,0.0511210911053787,13.524500753832289,A320,short,672,527066.740207784,784.3255062615833,26944226.844777107,2255795.735841804,openap_type,0.2696225284601558,EDDF,0.7303774715398442,EDDF
3c66aa,D-AIUJ,Lufthansa,A320,A320,2026,993,706359.6113834251,3082622.815774373,36820.2169661939,9741088.097847018,0.0,711.3389842733385,3104.3532887959445,4.364098351740369,0.0521267303124544,13.790550791499566,A320,short,993,706359.6113834251,711.3389842733385,36820216.9661939,3082622.815774373,openap_type,0.2696225284601558,EDDF,0.7303774715398442,EDDF
3c66ab,D-AIUK,Lufthansa,A320,A320,2025,634,488805.2945573119,2119524.921741896,25316.54767636153,6697698.75270439,0.0,770.986269017842,3343.099245649678,4.336133313902524,0.0517927034716134,13.702181271931972,A320,short,634,488805.2945573119,770.986269017842,25316547.67636153,2119524.921741896,openap_type,0.31007751937984496,EDDM,0.689922480620155,EDDM
3c66ab,D-AIUK,Lufthansa,A320,A320,2026,1041,776260.6149681833,3386074.612183149,40444.7800899654,10699995.774498751,0.0,745.687430324864,3252.713364248943,4.362033248745893,0.0521020638044648,13.784025066037024,A320,short,1041,776260.6149681833,745.687430324864,40444780.0899654,3386074.612183149,openap_type,0.31007751937984496,EDDM,0.689922480620155,EDDM
3c66ac,D-AIUL,Lufthansa,A320,A320,2025,639,501272.6050241201,2164513.769901817,25853.914473827263,6839863.512889743,0.0,784.4641706167763,3387.345492804096,4.318037228062096,0.0515765557796305,13.644997640676223,A320,short,639,501272.6050241201,784.4641706167763,25853914.47382726,2164513.769901817,openap_type,0.3263157894736842,EDDM,0.6736842105263158,EDDM
3c66ac,D-AIUL,Lufthansa,A320,A320,2026,1069,814023.1681584923,3536783.3659902704,42244.912427106006,11176235.436529256,0.0,761.4809805037346,3308.497068279018,4.344819047339019,0.0518964497321049,13.7296281895913,A320,short,1069,814023.1681584923,761.4809805037346,42244912.42710601,3536783.3659902704,openap_type,0.3263157894736842,EDDM,0.6736842105263158,EDDM
3c66ad,D-AIUM,Lufthansa,A320,A320,2025,657,514950.14964868006,2225655.9568863483,26584.22392947583,7033072.8237608615,0.0,783.7901821136683,3387.604196174046,4.322080415754382,0.0516248494103995,13.657774113783848,A320,short,657,514950.14964868006,783.7901821136683,26584223.92947583,2225655.9568863483,openap_type,0.32342657342657344,EDDM,0.6765734265734266,EDDM
3c66ad,D-AIUM,Lufthansa,A320,A320,2026,1058,777271.3028909347,3405187.282763881,40673.07032190191,10760391.813533865,0.0,734.6609668156283,3218.513499776825,4.380950731229673,0.052328022623021,13.843804310685767,A320,short,1058,777271.3028909347,734.6609668156283,40673070.32190191,3405187.282763881,openap_type,0.32342657342657344,EDDM,0.6765734265734266,EDDM
3c66ae,D-AIUN,Lufthansa,A320,A320,2025,675,535255.4582207004,2287853.070115623,27327.13389304772,7229615.70156537,0.0,792.9710492158524,3389.411955726849,4.274319925145497,0.0510543768836823,13.506850963459774,A320,short,675,535255.4582207004,792.9710492158524,27327133.89304772,2287853.070115623,openap_type,0.2628504672897196,EDDF,0.7371495327102804,EDDF
3c66ae,D-AIUN,Lufthansa,A320,A320,2026,1032,729410.338868437,3186437.4448470077,38060.22503567259,10069142.325716544,0.0,706.7929640198033,3087.633182991286,4.36851148804698,0.0521794427738944,13.804496302228456,A320,short,1032,729410.338868437,706.7929640198033,38060225.03567259,3186437.4448470077,openap_type,0.2628504672897196,EDDF,0.7371495327102804,EDDF
3c66af,D-AIUO,Lufthansa,A320,A320,2025,629,492436.2557389823,2124233.626245735,25372.79053571295,6712578.258936523,0.0,782.8875289967922,3377.159978133124,4.313723048393279,0.051525025300253,13.631364832922763,A320,short,629,492436.2557389823,782.8875289967922,25372790.53571295,2124233.626245735,openap_type,0.31573033707865167,EDDM,0.6842696629213483,EDDM
3c66af,D-AIUO,Lufthansa,A320,A320,2026,1150,853122.191149737,3718586.989301952,44416.45570555109,11750734.886194168,0.0,741.8453836084669,3233.5539037408275,4.358797635178709,0.0520634161979679,13.77380052716472,A320,short,1150,853122.191149737,741.8453836084669,44416455.70555109,3718586.989301952,openap_type,0.31573033707865167,EDDM,0.6842696629213483,EDDM
3c66b0,D-AIUP,Lufthansa,A320,A320,2025,521,400490.88512331096,1737627.0994454962,20754.990354487876,5490901.634247768,0.0,768.6965165514606,3335.176774367555,4.338743187402334,0.0518238769606389,13.710428472191374,A320,short,521,400490.88512331096,768.6965165514606,20754990.354487877,1737627.0994454962,openap_type,0.3324624428478119,EDDM,0.6675375571521881,EDDM
3c66b0,D-AIUP,Lufthansa,A320,A320,2026,1010,760915.8834213989,3307502.544239092,39506.28038952249,10451708.039795533,0.0,753.3820627934643,3274.754994296131,4.34673873459858,0.0519193793299274,13.735694401331513,A320,short,1010,760915.8834213989,753.3820627934643,39506280.38952249,3307502.544239092,openap_type,0.3324624428478119,EDDM,0.6675375571521881,EDDM
3c66b1,D-AIUQ,Eurowings Discover,A320,A320,2025,102,149942.835197828,575259.0761921856,6871.150076739996,1817818.6807673068,0.0,1470.0277960571373,5639.794864629271,3.836522601651583,0.0458251310752828,12.123411421219004,A320,short,102,149942.835197828,1470.0277960571373,6871150.076739996,575259.0761921856,openap_type,0.05387931034482758,EDDF,0.9461206896551724,EDDF
3c66b1,D-AIUQ,Eurowings Discover,A320,A320,2026,347,474951.63566220953,1841388.833336163,21994.366620404173,5818788.713342276,0.0,1368.7367021965692,5306.596061487502,3.877002825285094,0.0463086448575719,12.251328927900898,A320,short,347,474951.63566220953,1368.7367021965692,21994366.620404173,1841388.833336163,openap_type,0.05387931034482758,EDDF,0.9461206896551724,EDDF
3c66b2,D-AIUR,Eurowings Discover,A320,A320,2025,137,259842.2760402314,958126.6352258436,11444.290365197578,3027680.1673136656,0.0,1896.6589491987693,6993.625074641194,3.687339296079352,0.0440432193698367,11.651992175610753,A320,medium,137,259842.2760402314,1896.6589491987693,11444290.365197578,958126.6352258436,openap_type,0.11233480176211454,EDDF,0.8876651982378855,EDDF
3c66b2,D-AIUR,Eurowings Discover,A320,A320,2026,286,521040.5615414039,1923144.6608117493,22970.89455969589,6077137.128165128,0.0,1821.820145249664,6724.282030810312,3.690969192729401,0.0440865764687122,11.663462649024908,A320,medium,286,521040.5615414039,1821.820145249664,22970894.55969589,1923144.6608117493,openap_type,0.11233480176211454,EDDF,0.8876651982378855,EDDF
3c66b3,D-AIUS,Eurowings Discover,A320,A320,2025,86,131475.1167527692,501017.33676613175,5984.373744706574,1583214.7841809765,0.0,1528.7804273577813,5825.782985652695,3.810738861774611,0.0455171586267523,12.041934803207772,A320,medium,86,131475.1167527692,1528.7804273577813,5984373.744706574,501017.33676613175,openap_type,0.09595959595959595,EDDF,0.9040404040404041,EDDF
3c66b3,D-AIUS,Eurowings Discover,A320,A320,2026,289,399976.12870795536,1542779.1617072555,18427.639987058887,4875182.150994928,0.0,1384.000445356247,5338.3361996790845,3.857178093830004,0.0460718494540806,12.188682776502812,A320,short,289,399976.12870795536,1384.000445356247,18427639.987058885,1542779.1617072555,openap_type,0.09595959595959595,EDDF,0.9040404040404041,EDDF
3c66b4,D-AIUT,Eurowings Discover,A320,A320,2025,127,244687.86431380108,900820.8639325576,10759.804763638882,2846593.930026882,0.0,1926.676096959064,7093.077668760296,3.681510182202153,0.0439735938429701,11.633572175758804,A320,medium,127,244687.86431380108,1926.676096959064,10759804.763638882,900820.8639325576,openap_type,0.05652173913043478,EDDF,0.9434782608695652,EDDF
3c66b4,D-AIUT,Eurowings Discover,A320,A320,2026,314,566930.3967619046,2101599.938739946,25102.44371272713,6641055.80641823,0.0,1805.510817713072,6692.993435477535,3.706980523082733,0.0442778229145993,11.714058452941437,A320,medium,314,566930.3967619046,1805.510817713072,25102443.712727133,2101599.938739946,openap_type,0.05652173913043478,EDDF,0.9434782608695652,EDDF
3c66b5,D-AIUU,Eurowings Discover,A320,A320,2025,176,287946.9085413642,1085406.1438409188,12964.573384766529,3429883.414537303,0.0,1636.0619803486602,6167.080362732493,3.7694662163216033,0.0450241798060635,11.911513243576266,A320,medium,176,287946.9085413642,1636.0619803486602,12964573.384766528,1085406.1438409188,openap_type,0.05019305019305019,EDDM,0.9498069498069498,EDDM
3c66b5,D-AIUU,Eurowings Discover,A320,A320,2026,324,536083.4044146319,2015021.538015264,24068.312815182315,6367468.060128233,0.0,1654.5784086871354,6219.202277824888,3.758783654598552,0.0448965825410382,11.877756348531426,A320,medium,324,536083.4044146319,1654.5784086871354,24068312.815182317,2015021.538015264,openap_type,0.05019305019305019,EDDM,0.9498069498069498,EDDM
3c66b6,D-AIUV,Eurowings Discover,A320,A320,2025,113,214076.88972760216,789406.9776710175,9429.027788848263,2494526.049440416,0.0,1894.485749801789,6985.902457265642,3.687492744665165,0.044045052227945,11.652477073141922,A320,medium,113,214076.88972760216,1894.485749801789,9429027.788848266,789406.9776710175,openap_type,0.07246376811594203,EDDF,0.927536231884058,EDDF
3c66b6,D-AIUV,Eurowings Discover,A320,A320,2026,347,602823.5763764078,2244831.5601899405,26813.265857824288,7093667.730200212,0.0,1737.2437359550656,6469.255216685708,3.723861587636795,0.0444794578523283,11.767402616932271,A320,medium,347,602823.5763764078,1737.2437359550656,26813265.85782429,2244831.5601899405,openap_type,0.07246376811594203,EDDF,0.927536231884058,EDDF
3c66b7,D-AIUW,Eurowings Discover,A320,A320,2025,157,271262.43679549394,1012504.276903044,12093.801085230803,3199513.51501362,0.0,1727.78622162735,6449.071827407924,3.732563523590168,0.0445833976428825,11.794900734544932,A320,medium,157,271262.43679549394,1727.78622162735,12093801.085230803,1012504.276903044,openap_type,0.044534412955465584,EDDM,0.9554655870445344,EDDM
3c66b7,D-AIUW,Eurowings Discover,A320,A320,2026,320,532723.0448115263,1999113.1773905195,23878.296285497872,6317197.6405540425,0.0,1664.7595150360198,6247.228679345373,3.7526313097602,0.0448230961999134,11.858314938842232,A320,medium,320,532723.0448115263,1664.7595150360198,23878296.285497878,1999113.1773905195,openap_type,0.044534412955465584,EDDM,0.9554655870445344,EDDM
3c66b8,D-AIUX,Eurowings Discover,A320,A320,2025,128,247240.1897841777,909322.4734409184,10861.35176609986,2873459.0160733024,0.0,1931.563982688888,7104.081823757175,3.677891018586781,0.043930364944231,11.62213561873423,A320,medium,128,247240.1897841777,1931.563982688888,10861351.76609986,909322.4734409184,openap_type,0.07003891050583658,EDDF,0.9299610894941635,EDDF
3c66b8,D-AIUX,Eurowings Discover,A320,A320,2026,356,578224.3934572099,2176891.4543017605,26001.759037493248,6878976.995593563,0.0,1624.2258243180054,6114.863635679103,3.7647866104127896,0.0449682845132638,11.896725688904414,A320,medium,356,578224.3934572099,1624.2258243180054,26001759.037493248,2176891.4543017605,openap_type,0.07003891050583658,EDDF,0.9299610894941635,EDDF
3c66b9,D-AIUY,Eurowings Discover,A320,A320,2025,85,124227.49998012742,477267.6646507666,5700.697105550824,1508165.8202964226,0.0,1461.499999766205,5614.913701773725,3.841884161937693,0.0458891719342557,12.14035395172311,A320,short,85,124227.49998012742,1461.499999766205,5700697.105550824,477267.6646507666,openap_type,0.06280193236714976,EDDF,0.9371980676328502,EDDF
3c66b9,D-AIUY,Eurowings Discover,A320,A320,2026,313,447523.15037564246,1720061.3613303502,20545.17737144585,5435393.901803907,0.0,1429.7864229253753,5495.403710320607,3.843513704009643,0.045908635909004,12.145503304670472,A320,short,313,447523.15037564246,1429.7864229253753,20545177.37144585,1720061.3613303502,openap_type,0.06280193236714976,EDDF,0.9371980676328502,EDDF
3c66ba,D-AIUZ,Eurowings Discover,A320,A320,2025,115,171491.10671125667,655901.1266483128,7834.374568299291,2072647.560208668,0.0,1491.2270148804928,5703.488057811415,3.8246946983243153,0.0456838533410959,12.086035246704837,A320,short,115,171491.10671125667,1491.2270148804928,7834374.568299292,655901.1266483128,openap_type,0.04895104895104895,EDDF,0.951048951048951,EDDF
3c66ba,D-AIUZ,Eurowings Discover,A320,A320,2026,302,528334.3052352992,1966800.7747433784,23492.342587212577,6215090.448189076,0.0,1749.451341838739,6512.5853468323785,3.722644460626957,0.0444649199463775,11.763556495581184,A320,medium,302,528334.3052352992,1749.451341838739,23492342.587212577,1966800.7747433784,openap_type,0.04895104895104895,EDDF,0.951048951048951,EDDF
3c66c1,D-AIVA,Lufthansa,A359,A359,2025,163,1146787.772220262,10428221.680809462,124559.31452077968,32953180.511357907,0.0,7035.507805032283,63976.82012766541,9.093418968550466,0.1086158376799083,28.73520394061948,A359,long,163,1146787.772220262,7035.507805032283,124559314.52077968,10428221.680809462,openap_type,0.014925373134328358,EDDM,0.9850746268656716,EDDM
3c66c1,D-AIVA,Lufthansa,A359,A359,2026,302,2107447.197628054,19204059.06778675,229381.8166430084,60684826.65420613,0.0,6978.30197890084,63589.59956220778,9.112474604061752,0.1088434466596264,28.795419748835137,A359,long,302,2107447.197628054,6978.30197890084,229381816.6430084,19204059.06778675,openap_type,0.014925373134328358,EDDM,0.9850746268656716,EDDM
3c66c2,D-AIVB,Lufthansa,A359,A359,2025,168,1209575.1948085392,10973444.053899225,131071.69286601852,34676083.21032155,0.0,7199.852350050829,65318.11936844776,9.072147065347338,0.1083617566138709,28.667984726497597,A359,long,168,1209575.1948085392,7199.852350050829,131071692.8660185,10973444.053899225,openap_type,0.0021645021645021645,EDDM,0.9978354978354979,EDDM
3c66c2,D-AIVB,Lufthansa,A359,A359,2026,291,2100941.039135207,19063007.476044744,227697.0337416456,60239103.6243014,0.0,7219.728656822017,65508.6167561675,9.07355662103278,0.1083785929734471,28.672438922463584,A359,long,291,2100941.039135207,7219.728656822017,227697033.7416456,19063007.476044744,openap_type,0.0021645021645021645,EDDM,0.9978354978354979,EDDM
3c66c3,D-AIVC,Lufthansa,A359,A359,2025,165,1197143.9259743444,10864554.229091035,129771.0644030318,34331991.36392767,0.0,7255.417733177845,65845.78320661234,9.075395191307909,0.1084005536739555,28.678248804532988,A359,long,165,1197143.9259743444,7255.417733177845,129771064.4030318,10864554.229091035,openap_type,0.004514672686230248,EDDM,0.9954853273137697,EDDM
3c66c3,D-AIVC,Lufthansa,A359,A359,2026,276,1935850.2989657335,17613993.863863003,210389.37115169695,55660220.6098071,0.0,7013.950358571499,63818.81834732972,9.098840893468688,0.1086805995608759,28.752337223361057,A359,long,276,1935850.2989657335,7013.950358571499,210389371.15169695,17613993.863863003,openap_type,0.004514672686230248,EDDM,0.9954853273137697,EDDM
3c66c4,D-AIVD,Lufthansa,A359,A359,2025,168,1181495.69367672,10762396.205401205,128550.84356451438,34009172.0090678,0.0,7032.712462361428,64061.88217500716,9.109128592681948,0.1088034804125899,28.78484635287496,A359,long,168,1181495.69367672,7032.712462361428,128550843.56451438,10762396.205401205,openap_type,0.00468384074941452,EDDM,0.9953161592505855,EDDM
3c66c4,D-AIVD,Lufthansa,A359,A359,2026,257,1828666.177603215,16632287.49746655,198663.4339975171,52558028.4919943,0.0,7115.432597677879,64717.071974578015,9.095310943666084,0.1086384362715671,28.74118258198483,A359,long,257,1828666.177603215,7115.432597677879,198663433.9975171,16632287.49746655,openap_type,0.00468384074941452,EDDM,0.9953161592505855,EDDM
3c66c5,D-AIVE,Lufthansa,A359,A359,2025,146,1107475.2665811065,10002829.331175504,119478.2392334852,31608940.6865146,0.0,7585.447031377442,68512.52966558565,9.032101784137623,0.1078834379771994,28.5414416378749,A359,long,146,1107475.2665811065,7585.447031377442,119478239.2334852,10002829.331175504,openap_type,0.0024509803921568627,EDDM,0.9975490196078431,EDDM
3c66c5,D-AIVE,Lufthansa,A359,A359,2026,261,2018262.770882772,18189283.20499753,217260.88272635936,57478134.9277922,0.0,7732.807551274988,69690.74024903268,9.012346393845275,0.1076474708153741,28.47901460455108,A359,long,261,2018262.770882772,7732.807551274988,217260882.72635937,18189283.20499753,openap_type,0.0024509803921568627,EDDM,0.9975490196078431,EDDM
3c66e1,D-AIWA,Lufthansa,A320,A320,2025,569,498350.4776760448,2085003.1272639213,24904.20402009684,6588609.882153992,0.0,875.8356373919943,3664.3288704111096,4.183808826645268,0.0499732720960406,13.220835892199046,A320,short,569,498350.4776760448,875.8356373919943,24904204.02009684,2085003.1272639213,openap_type,0.19630337794773742,EDDF,0.8036966220522626,EDDF
3c66e1,D-AIWA,Lufthansa,A320,A320,2026,997,862195.108543009,3611675.6659193393,43139.459342925446,11412895.104305113,0.0,864.7894769739308,3622.54329580676,4.188930823352238,0.0500344515011517,13.237021401793074,A320,short,997,862195.108543009,864.7894769739308,43139459.34292544,3611675.6659193393,openap_type,0.19630337794773742,EDDF,0.8036966220522626,EDDF
3c66e2,D-AIWB,Eurowings Discover,A320,A320,2025,126,215755.2588331929,807022.8590154831,9639.43970490716,2550192.234488927,0.0,1712.3433240729596,6404.943325519706,3.7404551035273608,0.0446776581810212,11.81983812714646,A320,medium,126,215755.2588331929,1712.3433240729596,9639439.70490716,807022.8590154831,openap_type,0.0690978886756238,EDDM,0.9309021113243762,EDDM
3c66e2,D-AIWB,Eurowings Discover,A320,A320,2026,364,593809.1530685667,2236191.470138674,26710.064782211943,7066365.045638211,0.0,1631.343827111447,6143.383159721632,3.765842036255145,0.0449808909886031,11.90006083456626,A320,medium,364,593809.1530685667,1631.343827111447,26710064.782211944,2236191.470138674,openap_type,0.0690978886756238,EDDM,0.9309021113243762,EDDM
3c66e3,D-AIWC,Eurowings Discover,A320,A320,2025,148,247834.97791852933,930722.8743712128,11116.967666100596,2941084.2830130323,0.0,1674.5606616116847,6288.6680700757615,3.755413711930399,0.0448563304480575,11.867107329700062,A320,medium,148,247834.97791852933,1674.5606616116847,11116967.666100595,930722.8743712128,openap_type,0.05415860735009671,EDDM,0.9458413926499033,EDDM
3c66e3,D-AIWC,Eurowings Discover,A320,A320,2026,342,615977.3625736514,2288371.0275359643,27333.320606679576,7231252.447013647,0.0,1801.1033993381618,6691.143355368316,3.7150245554070143,0.044373904411806,11.739477595086164,A320,medium,342,615977.3625736514,1801.1033993381618,27333320.606679577,2288371.0275359643,openap_type,0.05415860735009671,EDDM,0.9458413926499033,EDDM
3c66e4,D-AIWD,Eurowings Discover,A320,A320,2025,175,289546.4639851333,1089273.1087767133,13010.762132610742,3442103.023734414,0.0,1654.5512227721902,6224.417764438362,3.761997621330447,0.0449349715881136,11.887912483404213,A320,medium,175,289546.4639851333,1654.5512227721902,13010762.132610742,1089273.1087767133,openap_type,0.07330827067669173,EDDM,0.9266917293233082,EDDM
3c66e4,D-AIWD,Eurowings Discover,A320,A320,2026,320,533463.5542010284,2003872.0542063091,23935.13842524203,6332235.691291938,0.0,1667.073606878214,6262.100169394716,3.756342937443066,0.0448674295305699,11.87004368232009,A320,medium,320,533463.5542010284,1667.073606878214,23935138.42524203,2003872.0542063091,openap_type,0.07330827067669173,EDDM,0.9266917293233082,EDDM
3c66e5,D-AIWE,Eurowings Discover,A320,A320,2025,168,283286.25477960886,1062195.941001515,12687.340406406984,3356539.173564787,0.0,1686.2277070214814,6322.594886913779,3.749549874306053,0.0447862901653223,11.848577602807127,A320,medium,168,283286.25477960886,1686.2277070214814,12687340.406406984,1062195.941001515,openap_type,0.045454545454545456,EDDM,0.9545454545454546,EDDM
3c66e5,D-AIWE,Eurowings Discover,A320,A320,2026,361,603594.1535732263,2264495.4394120886,27048.139970755503,7155805.588542201,0.0,1672.005965576804,6272.840552388057,3.751685509222492,0.0448117991379353,11.855326209143076,A320,medium,361,603594.1535732263,1672.005965576804,27048139.970755503,2264495.4394120886,openap_type,0.045454545454545456,EDDM,0.9545454545454546,EDDM
3c66e6,D-AIWF,Eurowings Discover,A320,A320,2025,145,257720.1920203585,958730.7563832996,11451.50625680052,3029589.1901712264,0.0,1777.380634623162,6611.936250919307,3.72004517328454,0.0444338729031209,11.755342747579148,A320,medium,145,257720.1920203585,1777.380634623162,11451506.25680052,958730.7563832996,openap_type,0.0465587044534413,EDDM,0.9534412955465587,EDDM
3c66e6,D-AIWF,Eurowings Discover,A320,A320,2026,329,586558.1847660552,2181800.8185001104,26060.398665417983,6894490.586460349,0.0,1782.8516254287392,6631.613430091521,3.719666480095759,0.044429349623366,11.7541460771026,A320,medium,329,586558.1847660552,1782.8516254287392,26060398.665417988,2181800.8185001104,openap_type,0.0465587044534413,EDDM,0.9534412955465587,EDDM
3c66e7,D-AIWG,Eurowings Discover,A320,A320,2025,69,132769.54972455688,488754.2798016673,5837.898342075471,1544463.5241732688,0.0,1924.196372819665,7083.395359444454,3.681222696135031,0.0439701599816128,11.632663719786697,A320,medium,69,132769.54972455688,1924.196372819665,5837898.342075471,488754.2798016673,openap_type,0.1012987012987013,EDDF,0.8987012987012987,EDDF
3c66e7,D-AIWG,Eurowings Discover,A320,A320,2026,286,487020.7288753208,1818638.292604932,21722.624050558905,5746897.004631584,0.0,1702.8696813822403,6358.875148968293,3.734211266129722,0.044603079012105,11.800107600969922,A320,medium,286,487020.7288753208,1702.8696813822403,21722624.050558902,1818638.292604932,openap_type,0.1012987012987013,EDDF,0.8987012987012987,EDDF
3c66e8,D-AIWH,Eurowings Discover,A320,A320,2025,650,553330.6329071156,2332796.3354815943,27863.956229363484,7371636.420121837,0.0,851.2778967801779,3588.917439202453,4.215917566727572,0.0503567931581348,13.322299510859128,A320,short,650,553330.6329071156,851.2778967801779,27863956.229363486,2332796.3354815943,openap_type,0.17667844522968199,EDDF,0.823321554770318,EDDF
3c66e8,D-AIWH,Eurowings Discover,A320,A320,2026,472,642891.388329093,2476351.821760712,29578.64675991962,7825271.75676385,0.0,1362.0580261209598,5246.508096950662,3.851897640434841,0.0460087773718606,12.171996543774096,A320,short,472,642891.388329093,1362.0580261209598,29578646.759919617,2476351.821760712,openap_type,0.17667844522968199,EDDF,0.823321554770318,EDDF
3c66e9,D-AIWI,Eurowings Discover,A320,A320,2025,617,531502.6639814622,2229832.4060033667,26634.1092939291,7046270.402970639,0.0,861.4305737138773,3613.990933554889,4.195336274139802,0.0501109610522254,13.257262626281774,A320,short,617,531502.6639814622,861.4305737138773,26634109.2939291,2229832.4060033667,openap_type,0.1661721068249258,EDDF,0.8338278931750742,EDDF
3c66e9,D-AIWI,Eurowings Discover,A320,A320,2026,380,573715.7649741224,2174655.094000789,25975.046956120532,6871910.0970424935,0.0,1509.7783288792696,5722.7765631599705,3.790474703268573,0.0452751145112635,11.977900062328692,A320,medium,380,573715.7649741224,1509.7783288792696,25975046.956120536,2174655.094000789,openap_type,0.1661721068249258,EDDF,0.8338278931750742,EDDF
3c66ea,D-AIWJ,Lufthansa,A320,A320,2025,429,376731.6778993519,1575576.0439446955,18819.380524894976,4978820.298865239,0.0,878.1624193458086,3672.671431106517,4.182223413571365,0.0499543352176579,13.215825986885516,A320,short,429,376731.6778993519,878.1624193458086,18819380.52489497,1575576.0439446955,openap_type,0.19603680113234254,EDDF,0.8039631988676574,EDDF
3c66ea,D-AIWJ,Lufthansa,A320,A320,2026,982,857997.5204682875,3589062.5884681167,42869.35869559139,11341437.779559247,0.0,873.7245625949975,3654.849886423744,4.183068718554382,0.0499644319160662,13.218497150631848,A320,short,982,857997.5204682875,873.7245625949975,42869358.69559139,3589062.5884681167,openap_type,0.19603680113234254,EDDF,0.8039631988676574,EDDF
3c66eb,D-AIWK,Lufthansa,A320,A320,2025,445,375781.9941179327,1581885.1059649382,18894.73876569232,4998756.9348492045,0.0,844.4539193661409,3554.7979909324454,4.209581967007421,0.0502811179392553,13.30227901574345,A320,short,445,375781.9941179327,844.4539193661409,18894738.76569232,1581885.1059649382,openap_type,0.17527932960893855,EDDF,0.8247206703910615,EDDF
3c66eb,D-AIWK,Lufthansa,A320,A320,2026,985,890894.7545524869,3705450.075870776,44259.54257290093,11709222.239751652,0.0,904.4616797487178,3761.8782496150006,4.159245586457732,0.0496798778382451,13.143216053206434,A320,short,985,890894.7545524869,904.4616797487178,44259542.57290093,3705450.075870776,openap_type,0.17527932960893855,EDDF,0.8247206703910615,EDDF
3c6701,D-AIXA,Lufthansa,A359,A359,2025,94,761996.6152755613,6783821.225711841,81028.9757515581,21436875.07324942,0.0,8106.34697101661,72168.3109118281,8.902692072009536,0.1063377108601139,28.132506947550137,A359,long,94,761996.6152755613,8106.34697101661,81028975.7515581,6783821.225711841,openap_type,0.014634146341463415,EDDF,0.9853658536585366,EDDF
3c6701,D-AIXA,Lufthansa,A359,A359,2026,108,902481.930429364,8084447.767849456,96564.23722709072,25546854.94640429,0.0,8356.31417064226,74855.99785045793,8.958016216461205,0.1069985270299532,28.30733124401741,A359,long,108,902481.930429364,8356.31417064226,96564237.22709072,8084447.767849456,openap_type,0.014634146341463415,EDDF,0.9853658536585366,EDDF
3c6702,D-AIXB,Lufthansa,A359,A359,2025,76,621692.9731147853,5550305.353403404,66295.31394342956,17538964.91675476,0.0,8180.170698878754,73030.33359741322,8.92772734038709,0.1066367432324013,28.211618395623205,A359,long,76,621692.9731147853,8180.170698878754,66295313.94342956,5550305.353403404,openap_type,0.0625,EDDF,0.9375,EDDF
3c6702,D-AIXB,Lufthansa,A359,A359,2026,107,885920.8931906897,7931704.825291924,94739.80763543132,25064187.247922484,0.0,8279.634515800839,74128.08247936377,8.953062159675996,0.1069393535739077,28.291676424576156,A359,long,107,885920.8931906897,8279.634515800839,94739807.63543132,7931704.825291924,openap_type,0.0625,EDDF,0.9375,EDDF
3c6703,D-AIXC,Lufthansa,A359,A359,2025,78,622635.0437241357,5559969.244324807,66410.74375165741,17569502.81206639,0.0,7982.500560565842,71281.65697852317,8.929740303515912,0.1066607869586622,28.217979359110284,A359,long,78,622635.0437241357,7982.500560565842,66410743.75165741,5559969.244324807,openap_type,0.057803468208092484,EDDF,0.9421965317919075,EDDF
3c6703,D-AIXC,Lufthansa,A359,A359,2026,89,745815.6947619965,6683146.077329367,79826.46703476744,21118741.604360804,0.0,8379.951626539287,75091.52895875694,8.960854704810258,0.1070324311963447,28.316300867200415,A359,long,89,745815.6947619965,8379.951626539287,79826467.03476743,6683146.077329367,openap_type,0.057803468208092484,EDDF,0.9421965317919075,EDDF
3c6704,D-AIXD,Lufthansa,A359,A359,2025,94,773206.6202452382,6906140.694493308,82490.01385089228,21823404.594598856,0.0,8225.602343034448,73469.58185631178,8.931817852649639,0.1066856021288706,28.22454441437286,A359,long,94,773206.6202452382,8225.602343034448,82490013.85089228,6906140.694493308,openap_type,0.03463203463203463,EDDF,0.9653679653679653,EDDF
3c6704,D-AIXD,Lufthansa,A359,A359,2026,131,1062197.1342092482,9511166.96911548,113605.60546443488,30055287.62240492,0.0,8108.375070299605,72604.3280085151,8.954238966381753,0.1069534098762265,28.295395133766345,A359,long,131,1062197.1342092482,8108.375070299605,113605605.46443488,9511166.96911548,openap_type,0.03463203463203463,EDDF,0.9653679653679653,EDDF
3c6705,D-AIXE,Lufthansa,A359,A359,2025,122,973700.5433872876,8669271.682726732,103549.63398812484,27394898.517416477,0.0,7981.151994977767,71059.60395677648,8.903426974137515,0.1063464888577536,28.13482923827455,A359,long,122,973700.5433872876,7981.151994977767,103549633.98812485,8669271.682726732,openap_type,0.026415094339622643,EDDM,0.9735849056603774,EDDM
3c6705,D-AIXE,Lufthansa,A359,A359,2026,139,1122661.8442119355,10041011.227685668,119934.30077513434,31729595.47948671,0.0,8076.703915193781,72237.49084665948,8.943932030338186,0.1068302992512616,28.262825215868663,A359,long,139,1122661.8442119355,8076.703915193781,119934300.77513434,10041011.227685668,openap_type,0.026415094339622643,EDDM,0.9735849056603774,EDDM
3c6706,D-AIXF,Lufthansa,A359,A359,2025,115,946378.7614452966,8433103.879038377,100728.74077740284,26648608.257761277,0.0,8229.380534306927,73331.33807859458,8.91091835805725,0.1064359692767949,28.158502011460914,A359,long,115,946378.7614452966,8229.380534306927,100728740.77740282,8433103.879038377,openap_type,0.013333333333333334,EDDM,0.9866666666666667,EDDM
3c6706,D-AIXF,Lufthansa,A359,A359,2026,182,1501031.8093126258,13357737.92507862,159550.7585495502,42210451.84324844,0.0,8247.427523695746,73394.1644235089,8.899037210407679,0.1062940555687584,28.120957584888263,A359,long,182,1501031.8093126258,8247.427523695746,159550758.5495502,13357737.92507862,openap_type,0.013333333333333334,EDDM,0.9866666666666667,EDDM
3c6707,D-AIXG,Lufthansa,A359,A359,2025,95,763569.2327212007,6830682.052132902,81588.70228936522,21584955.28473997,0.0,8037.57087074948,71901.91633824108,8.945727197244162,0.1068517415226386,28.268497943291557,A359,long,95,763569.2327212007,8037.57087074948,81588702.28936522,6830682.052132902,openap_type,0.016778523489932886,EDDM,0.9832214765100671,EDDM
3c6707,D-AIXG,Lufthansa,A359,A359,2026,198,1642513.9213025598,14547546.94079956,173762.3662373281,45970248.332926616,0.0,8295.524855063433,73472.45929696747,8.856878929380974,0.1057904983231616,27.98773741684388,A359,long,198,1642513.9213025598,8295.524855063433,173762366.23732808,14547546.94079956,openap_type,0.016778523489932886,EDDM,0.9832214765100671,EDDM
3c6708,D-AIXH,Lufthansa,A359,A359,2025,110,916556.329539809,8117152.6196488915,96954.87851247287,25650202.2780905,0.0,8332.33026854372,73792.29654226264,8.856141579126302,0.1057816910840086,27.98540739003912,A359,long,110,916556.329539809,8332.33026854372,96954878.51247288,8117152.6196488915,openap_type,0.010676156583629894,EDDM,0.9893238434163701,EDDM
3c6708,D-AIXH,Lufthansa,A359,A359,2026,168,1450884.6860932312,12777580.895242851,152621.10513762297,40377155.62896742,0.0,8636.218369602566,76057.02913835032,8.806751506660943,0.105191754107339,27.82933476104858,A359,long,168,1450884.6860932312,8636.218369602566,152621105.13762298,12777580.895242851,openap_type,0.010676156583629894,EDDM,0.9893238434163701,EDDM
3c6709,D-AIXI,Lufthansa,A359,A359,2025,92,761395.4958839753,6770367.775526173,80868.28176322929,21394362.17066271,0.0,8276.037998738862,73590.95408180624,8.892051256050339,0.1062106122250457,28.098881969119077,A359,long,92,761395.4958839753,8276.037998738862,80868281.76322928,6770367.775526173,openap_type,0.015209125475285171,EDDM,0.9847908745247148,EDDM
3c6709,D-AIXI,Lufthansa,A359,A359,2026,167,1431810.8034414146,12654772.979465874,151154.2328102868,39989082.61511216,0.0,8573.717385876735,75777.08370937649,8.838299689490832,0.1055685796244738,27.929027018791032,A359,long,167,1431810.8034414146,8573.717385876735,151154232.81028682,12654772.979465874,openap_type,0.015209125475285171,EDDM,0.9847908745247148,EDDM
3c670a,D-AIXJ,Lufthansa,A359,A359,2025,108,899041.1231196083,7988300.313061934,95415.80929490644,25243028.989275716,0.0,8324.454843700076,73965.74363946235,8.885355861524003,0.1061306394570922,28.07772452241585,A359,long,108,899041.1231196083,8324.454843700076,95415809.29490644,7988300.313061934,openap_type,0.014598540145985401,EDDM,0.9854014598540146,EDDM
3c670a,D-AIXJ,Lufthansa,A359,A359,2026,162,1446473.904720059,12719354.102527006,151925.61844685036,40193158.96398534,0.0,8928.851263704066,78514.53149708029,8.793351930526965,0.1050317036146276,27.786992100465213,A359,long,162,1446473.904720059,8928.851263704066,151925618.44685036,12719354.102527006,openap_type,0.014598540145985401,EDDM,0.9854014598540146,EDDM
3c670b,D-AIXK,Lufthansa,A359,A359,2025,92,756137.7827714218,6758714.15010511,80729.08568181105,21357536.714332152,0.0,8218.888943167629,73464.28424027294,8.93846902522559,0.1067650466901945,28.245562119712872,A359,long,92,756137.7827714218,8218.888943167629,80729085.68181105,6758714.15010511,openap_type,0.02066115702479339,EDDM,0.9793388429752066,EDDM
3c670b,D-AIXK,Lufthansa,A359,A359,2026,145,1272054.347042922,11194481.93396023,133711.86754452495,35374562.91131432,0.0,8772.788600296013,77203.32368248433,8.80031734491805,0.1051149016198544,27.809002809941035,A359,long,145,1272054.347042922,8772.788600296013,133711867.54452495,11194481.93396023,openap_type,0.02066115702479339,EDDM,0.9793388429752066,EDDM
3c670c,D-AIXL,Lufthansa,A359,A359,2025,97,798695.1415840319,7115488.076919823,84990.55202987566,22484942.323066644,0.0,8233.970531794143,73355.54718474044,8.90889114813927,0.1064117553805523,28.1520960281201,A359,long,97,798695.1415840319,8233.970531794143,84990552.02987567,7115488.076919823,openap_type,0.034220532319391636,EDDM,0.9657794676806084,EDDM
3c670c,D-AIXL,Lufthansa,A359,A359,2026,161,1356958.1054507538,11970442.282490157,142980.2828186324,37826597.612668894,0.0,8428.311213979838,74350.57318316867,8.821526791730847,0.1053682366790073,27.87602466186948,A359,long,161,1356958.1054507538,8428.311213979838,142980282.8186324,11970442.282490157,openap_type,0.034220532319391636,EDDM,0.9657794676806084,EDDM
3c670d,D-AIXM,Lufthansa,A359,A359,2025,95,765835.8369887904,6844271.323346863,81751.01858442086,21627897.381776087,0.0,8061.429863039899,72044.96129838802,8.936995362162769,0.1067474446036108,28.240905344434356,A359,long,95,765835.8369887904,8061.429863039899,81751018.58442086,6844271.323346863,openap_type,0.00749063670411985,EDDM,0.9925093632958801,EDDM
3c670d,D-AIXM,Lufthansa,A359,A359,2026,171,1476831.802353852,12985168.566954888,155100.62454973892,41033132.671577446,0.0,8636.443288619017,75936.65828628589,8.792584603242187,0.1050225383165038,27.78456734624531,A359,long,171,1476831.802353852,8636.443288619017,155100624.5497389,12985168.566954888,openap_type,0.00749063670411985,EDDM,0.9925093632958801,EDDM
3c670e,D-AIXN,Lufthansa,A359,A359,2025,112,920545.7456226408,8212131.928964725,98089.35359596754,25950336.895528533,0.0,8219.158443059294,73322.60650861361,8.920938441152845,0.1065556536026589,28.190165474042992,A359,long,112,920545.7456226408,8219.158443059294,98089353.59596752,8212131.928964725,openap_type,0.012861736334405145,EDDM,0.9871382636655949,EDDM
3c670e,D-AIXN,Lufthansa,A359,A359,2026,193,1646706.551011321,14558504.937839454,173893.25342419348,46004875.603572674,0.0,8532.158295395444,75432.66807170701,8.840983190902097,0.1056006325579972,27.937506883250627,A359,long,193,1646706.551011321,8532.158295395444,173893253.42419347,14558504.937839454,openap_type,0.012861736334405145,EDDM,0.9871382636655949,EDDM
3c670f,D-AIXO,Lufthansa,A359,A359,2025,112,885475.7347998467,7921027.245746063,94612.26987974464,25030446.09655756,0.0,7906.033346427203,70723.45755130413,8.94550458521208,0.1068490825455887,28.267794489270173,A359,long,112,885475.7347998467,7906.033346427203,94612269.87974463,7921027.245746063,openap_type,0.013289036544850499,EDDM,0.9867109634551495,EDDM
3c670f,D-AIXO,Lufthansa,A359,A359,2026,185,1579632.6439760088,13983485.743278468,167024.9686002706,44187814.948759966,0.0,8538.55483230275,75586.40942312685,8.852365641217306,0.1057365896034289,27.97347542624669,A359,long,185,1579632.6439760088,8538.55483230275,167024968.6002706,13983485.743278468,openap_type,0.013289036544850499,EDDM,0.9867109634551495,EDDM
3c6710,D-AIXP,Lufthansa,A359,A359,2025,63,517095.6395028156,4632863.547338941,55336.98125988179,14639848.809591057,0.0,8207.867293695486,73537.51662442763,8.95939395620008,0.1070149833657231,28.31168490159225,A359,long,63,517095.6395028156,8207.867293695486,55336981.25988179,4632863.547338941,openap_type,0.02857142857142857,EDDM,0.9714285714285714,EDDM
3c6710,D-AIXP,Lufthansa,A359,A359,2026,141,1204982.9066483087,10632800.815755157,127002.898632631,33599650.57778629,0.0,8545.978061335523,75409.93486351173,8.824026263850138,0.1053980914848766,27.88392299376644,A359,long,141,1204982.9066483087,8545.978061335523,127002898.63263102,10632800.815755157,openap_type,0.02857142857142857,EDDM,0.9714285714285714,EDDM
3c6711,D-AIXQ,Lufthansa,A359,A359,2025,68,579504.7270923433,5153177.290528995,61551.839859096326,16284040.238071626,0.0,8522.128339593284,75782.01897836757,8.892381804001822,0.1062145604366884,28.09992650064576,A359,long,68,579504.7270923433,8522.128339593284,61551839.859096326,5153177.290528995,openap_type,0.028225806451612902,EDDM,0.9717741935483871,EDDM
3c6711,D-AIXQ,Lufthansa,A359,A359,2026,174,1414808.4734310084,12625415.471909484,150803.57369225216,39896312.89123397,0.0,8131.083180637979,72559.85903396255,8.923762974992634,0.1065893910901898,28.19909100097673,A359,long,174,1414808.4734310084,8131.083180637979,150803573.69225216,12625415.471909484,openap_type,0.028225806451612902,EDDM,0.9717741935483871,EDDM
3c6712,D-AIXR,Lufthansa,A359,A359,2025,157,1229791.2963444192,11055762.269612838,132054.93822037557,34936208.77197657,0.0,7833.065581811587,70418.86795931743,8.989950004099335,0.1073799583822976,28.4082420129539,A359,long,157,1229791.2963444192,7833.065581811587,132054938.22037555,11055762.269612838,openap_type,0.0024449877750611247,EDDM,0.9975550122249389,EDDM
3c6712,D-AIXR,Lufthansa,A359,A359,2026,252,1916518.690464923,17296175.529159326,206593.20770940304,54655914.672143474,0.0,7605.232898670329,68635.61717920368,9.024788338987443,0.1077960829379055,28.51833115120033,A359,long,252,1916518.690464923,7605.232898670329,206593207.70940304,17296175.529159326,openap_type,0.0024449877750611247,EDDM,0.9975550122249389,EDDM
3c6713,D-AIXS,Lufthansa,A359,A359,2025,153,1182664.630810765,10654915.312312068,127267.04400817191,33669532.38690613,0.0,7729.834188305654,69639.96936151678,9.00924491587077,0.1076104253840119,28.46921393415164,A359,long,153,1182664.630810765,7729.834188305654,127267044.00817192,10654915.312312068,openap_type,0.002506265664160401,EDDM,0.9974937343358397,EDDM
3c6713,D-AIXS,Lufthansa,A359,A359,2026,245,1897724.609523203,17080241.445858583,204013.9950477553,53973562.96891313,0.0,7745.814732747767,69715.27120758605,9.000379380731083,0.1075045314920657,28.44119884311023,A359,long,245,1897724.609523203,7745.814732747767,204013995.0477553,17080241.445858583,openap_type,0.002506265664160401,EDDM,0.9974937343358397,EDDM
3c6714,D-AIXT,Lufthansa,A359,A359,2025,109,923298.498092153,8238911.371743457,98409.2191624913,26034959.934709325,0.0,8470.628422863789,75586.34286003171,8.923345363138612,0.1065844029486,28.19777134751801,A359,long,109,923298.498092153,8470.628422863789,98409219.16249128,8238911.371743457,openap_type,0.0,EDDM,1.0,EDDM
3c6714,D-AIXT,Lufthansa,A359,A359,2026,234,1821851.5344877904,16367629.686485017,195502.24347745988,51721709.80929265,0.0,7785.690318323891,69947.13541232912,8.984063397397932,0.1073096461355864,28.389640335777468,A359,long,234,1821851.5344877904,7785.690318323891,195502243.47745988,16367629.686485017,openap_type,0.0,EDDM,1.0,EDDM
3c6715,D-AIXU,Lufthansa,A359,A359,2025,124,973048.644489573,8749578.95862978,104508.85978363348,27648669.509270106,0.0,7847.166487819137,70561.12063411112,8.991923485202017,0.1074035305176907,28.41447821323837,A359,long,124,973048.644489573,7847.166487819137,104508859.78363349,8749578.95862978,openap_type,0.0028328611898017,EDDM,0.9971671388101983,EDDM
3c6715,D-AIXU,Lufthansa,A359,A359,2026,228,1790831.7283098618,16093193.79176851,192224.2591794572,50854492.381988496,0.0,7854.525124166061,70584.18329723031,8.986435485458383,0.1073379794096418,28.39713613404849,A359,long,228,1790831.7283098618,7854.525124166061,192224259.1794572,16093193.79176851,openap_type,0.0028328611898017,EDDM,0.9971671388101983,EDDM
3c6716,D-AIXV,Lufthansa,A359,A359,2025,138,1096235.685213979,9834460.358103352,117467.1653884567,31076894.731606595,0.0,7943.736849376662,71264.20549350255,8.971118611399444,0.1071550278583822,28.348734812022244,A359,long,138,1096235.685213979,7943.736849376662,117467165.3884567,9834460.358103352,openap_type,0.010810810810810811,EDDM,0.9891891891891892,EDDM
3c6716,D-AIXV,Lufthansa,A359,A359,2026,229,1785586.3260727692,16043495.47694614,191630.64041907887,50697445.7071498,0.0,7797.320201191132,70058.9322137386,8.985001308915885,0.1073208489676064,28.3926041361742,A359,long,229,1785586.3260727692,7797.320201191132,191630640.4190789,16043495.47694614,openap_type,0.010810810810810811,EDDM,0.9891891891891892,EDDM
3c6717,D-AIXW,Lufthansa,A359,A359,2025,120,948127.9042718286,8524194.487368308,101816.76748801036,26936454.58008386,0.0,7901.065868931905,71034.95406140256,8.990553330370517,0.1073871647794256,28.41014852397084,A359,long,120,948127.9042718286,7901.065868931905,101816767.48801036,8524194.487368308,openap_type,0.002638522427440633,EDDM,0.9973614775725593,EDDM
3c6717,D-AIXW,Lufthansa,A359,A359,2026,259,1982241.092195527,17830105.60378217,212970.7058229537,56343133.70795167,0.0,7653.440510407439,68842.10657830954,8.994922804285919,0.1074393557178595,28.423956061543503,A359,long,259,1982241.092195527,7653.440510407439,212970705.82295373,17830105.60378217,openap_type,0.002638522427440633,EDDM,0.9973614775725593,EDDM
3c6718,D-AIXX,Lufthansa,A359,A359,2025,137,1052341.2946276148,9486057.999546789,113305.6927723644,29975943.27856785,0.0,7681.323318449743,69241.29926676487,9.014240957733731,0.1076701003284862,28.4850014264386,A359,long,137,1052341.2946276148,7681.323318449743,113305692.7723644,9486057.999546789,openap_type,0.0,EDDM,1.0,EDDM
3c6718,D-AIXX,Lufthansa,A359,A359,2026,225,1790809.830926921,16085648.369643703,192134.1333040776,50830648.84807411,0.0,7959.154804119649,71491.77053174979,8.982331954989208,0.1072889650179266,28.3841689777659,A359,long,225,1790809.830926921,7959.154804119649,192134133.3040776,16085648.369643703,openap_type,0.0,EDDM,1.0,EDDM
3c6719,D-AIXY,Lufthansa,A359,A359,2025,150,1147977.5228517903,10353567.817095237,123667.61559308198,32717274.30202095,0.0,7653.183485678602,69023.78544730158,9.018963882999245,0.1077265130469354,28.49992587027761,A359,long,150,1147977.5228517903,7653.183485678602,123667615.59308198,10353567.817095237,openap_type,0.002583979328165375,EDDM,0.9974160206718347,EDDM
3c6719,D-AIXY,Lufthansa,A359,A359,2026,237,1865120.135149605,16759530.439299272,200183.28024718576,52960116.18818571,0.0,7869.70521160171,70715.31830927962,8.985764575403586,0.107329965761765,28.39501605827533,A359,long,237,1865120.135149605,7869.70521160171,200183280.24718577,16759530.439299272,openap_type,0.002583979328165375,EDDM,0.9974160206718347,EDDM
3c671a,D-AIXZ,Lufthansa,A359,A359,2025,142,1099582.9171436646,9916448.949321294,118446.47356133768,31335978.67985529,0.0,7743.5416700258065,69834.14753043166,9.018373052830606,0.10771945590881,28.498058846944723,A359,long,142,1099582.9171436646,7743.5416700258065,118446473.56133768,9916448.949321294,openap_type,0.005115089514066497,EDDM,0.9948849104859335,EDDM
3c671a,D-AIXZ,Lufthansa,A359,A359,2026,247,1937180.6719751551,17418771.797404144,208057.5520245495,55043318.87979711,0.0,7842.836728644353,70521.34330932851,8.991815812225667,0.1074022444238066,28.41413796663312,A359,long,247,1937180.6719751551,7842.836728644353,208057552.0245495,17418771.797404144,openap_type,0.005115089514066497,EDDM,0.9948849104859335,EDDM
3c6741,D-AIZA,Lufthansa,A320,A320,2025,551,394216.210017478,1720851.7389399195,20554.617992893483,5437891.495050146,0.0,715.455916547147,3123.1429018873314,4.365248549428304,0.052140468784838,13.794185416193445,A320,short,551,394216.210017478,715.455916547147,20554617.992893483,1720851.7389399195,openap_type,0.30290205562273276,EDDF,0.6970979443772672,EDDF
3c6741,D-AIZA,Lufthansa,A320,A320,2026,1102,722252.6794119606,3212276.607487562,38368.85947832366,10150794.079660697,0.0,655.4017054554997,2914.951549444249,4.447580049274326,0.0531238728107766,14.054352955706872,A320,short,1102,722252.6794119606,655.4017054554997,38368859.47832366,3212276.607487562,openap_type,0.30290205562273276,EDDF,0.6970979443772672,EDDF
3c6742,D-AIZB,Lufthansa,A320,A320,2025,663,439369.5454967875,1946242.5757154056,23246.786321045125,6150126.539260682,0.0,662.6991636452301,2935.5091639749708,4.42962557524287,0.0529094165931787,13.997616817767469,A320,short,663,439369.5454967875,662.6991636452301,23246786.321045127,1946242.5757154056,openap_type,0.3057750759878419,EDDF,0.6942249240121581,EDDF
3c6742,D-AIZB,Lufthansa,A320,A320,2026,981,637873.209788763,2840266.624175888,33925.40689987866,8975242.532395806,0.0,650.2275329141314,2895.276884990712,4.452713455572881,0.0531851884971205,14.070574519610304,A320,short,981,637873.209788763,650.2275329141314,33925406.89987866,2840266.624175888,openap_type,0.3057750759878419,EDDF,0.6942249240121581,EDDF
3c6743,D-AIZC,Lufthansa,A320,A320,2025,473,339968.84601451183,1483166.4595069208,17715.599377443777,4686806.01204187,0.0,718.7502029905113,3135.658476758818,4.362654039904617,0.0521094788099718,13.78598676609859,A320,short,473,339968.84601451183,718.7502029905113,17715599.37744378,1483166.4595069208,openap_type,0.28218465539661897,EDDF,0.717815344603381,EDDF
3c6743,D-AIZC,Lufthansa,A320,A320,2026,1063,748258.1056742719,3268429.23314775,39039.57139593146,10328236.376746893,0.0,703.9116704367563,3074.7217621333493,4.368050554163387,0.0521739371747293,13.803039751156303,A320,short,1063,748258.1056742719,703.9116704367563,39039571.39593146,3268429.23314775,openap_type,0.28218465539661897,EDDF,0.717815344603381,EDDF
3c6744,D-AIZD,Lufthansa,A320,A320,2025,471,327202.7543278893,1437991.7078599932,17176.012066105475,4544053.796837579,0.0,694.6979922035866,3053.060950870474,4.394803188053192,0.0524934825239686,13.88757807424809,A320,short,471,327202.7543278893,694.6979922035866,17176012.066105474,1437991.7078599932,openap_type,0.3161290322580645,EDDF,0.6838709677419355,EDDF
3c6744,D-AIZD,Lufthansa,A320,A320,2026,1078,692039.2016162752,3086843.0019527404,36870.62474554662,9754423.88617066,0.0,641.9658642080475,2863.4907253736,4.460503096852519,0.0532782314346273,14.09518978605396,A320,short,1078,692039.2016162752,641.9658642080475,36870624.745546624,3086843.0019527404,openap_type,0.3161290322580645,EDDF,0.6838709677419355,EDDF
3c6745,D-AIZE,Lufthansa,A320,A320,2025,697,501879.8972587389,2187534.9182074275,26128.88930081094,6912610.341535471,0.0,720.0572414042166,3138.5006000106564,4.358682087399222,0.0520620360439351,13.773435396181544,A320,short,697,501879.8972587389,720.0572414042166,26128889.30081094,2187534.9182074275,openap_type,0.2869666861484512,EDDF,0.7130333138515488,EDDF
3c6745,D-AIZE,Lufthansa,A320,A320,2026,1010,648121.3914309291,2896117.9444779432,34592.51989237544,9151732.704550302,0.0,641.7043479514149,2867.443509384102,4.468480724087604,0.0533735197599352,14.12039908811683,A320,short,1010,648121.3914309291,641.7043479514149,34592519.89237544,2896117.9444779432,openap_type,0.2869666861484512,EDDF,0.7130333138515488,EDDF
3c6746,D-AIZF,Lufthansa,A320,A320,2025,652,446247.3058425269,1965411.066046574,23475.743288889636,6210698.968707174,0.0,684.4283831940596,3014.4341503781807,4.404309091201851,0.0526070252560221,13.91761672819785,A320,short,652,446247.3058425269,684.4283831940596,23475743.28888963,1965411.066046574,openap_type,0.2879746835443038,EDDF,0.7120253164556962,EDDF
3c6746,D-AIZF,Lufthansa,A320,A320,2026,926,598937.6107309173,2670908.994383124,31902.524099576207,8440072.422250673,0.0,646.8008755193491,2884.350965856506,4.459411041366502,0.0532651874385443,14.091738890718146,A320,short,926,598937.6107309173,646.8008755193491,31902524.09957621,2670908.994383124,openap_type,0.2879746835443038,EDDF,0.7120253164556962,EDDF
3c6747,D-AIZG,Lufthansa,A320,A320,2025,658,460640.1274483287,2016572.469100593,24086.837825368195,6372369.002357875,0.0,700.0609839640254,3064.699801064731,4.37776118262037,0.0522899252368544,13.83372533708037,A320,short,658,460640.1274483287,700.0609839640254,24086837.8253682,2016572.469100593,openap_type,0.29304029304029305,EDDF,0.7069597069597069,EDDF
3c6747,D-AIZG,Lufthansa,A320,A320,2026,978,655578.1639991795,2897472.2951726727,34608.69685900692,9156012.452745646,0.0,670.3253210625558,2962.650608561015,4.419720567716009,0.0527911067810523,13.966316993982591,A320,short,978,655578.1639991795,670.3253210625558,34608696.85900693,2897472.2951726727,openap_type,0.29304029304029305,EDDF,0.7069597069597069,EDDF
3c6748,D-AIZH,Lufthansa,A320,A320,2025,638,437425.1529584091,1925622.9402615512,23000.496230901863,6084968.491226502,0.0,685.619362003776,3018.2177747046258,4.4021769832807065,0.0525815584114084,13.910879267167036,A320,short,638,437425.1529584091,685.619362003776,23000496.230901863,1925622.9402615512,openap_type,0.294228356336261,EDDF,0.705771643663739,EDDF
3c6748,D-AIZH,Lufthansa,A320,A320,2026,954,635755.4585578816,2811396.3776377724,33580.56784400673,8884012.553335361,0.0,666.4103339181149,2946.9563706894887,4.422134863010086,0.0528199441970649,13.973946167111873,A320,short,954,635755.4585578816,666.4103339181149,33580567.844006725,2811396.3776377724,openap_type,0.294228356336261,EDDF,0.705771643663739,EDDF
3c6749,D-AIZI,Lufthansa,A320,A320,2025,631,429979.75650756346,1897415.453503,22663.57347239694,5995832.833069479,0.0,681.4259215650768,3006.997549133121,4.412801823310079,0.0527084662228703,13.94445376165985,A320,short,631,429979.75650756346,681.4259215650768,22663573.47239694,1897415.453503,openap_type,0.29143897996357016,EDDF,0.7085610200364298,EDDF
3c6749,D-AIZI,Lufthansa,A320,A320,2026,1013,667915.4328360081,2959236.5730557973,35346.43684483314,9351187.57085632,0.0,659.3439613386063,2921.2601905782794,4.430555767353218,0.0529205272211634,14.000556224836172,A320,short,1013,667915.4328360081,659.3439613386063,35346436.844833136,2959236.5730557973,openap_type,0.29143897996357016,EDDF,0.7085610200364298,EDDF
3c674a,D-AIZJ,Lufthansa,A320,A320,2025,561,414254.39048158535,1795945.2207504218,21451.567914518928,5675186.897571334,0.0,738.4213734074605,3201.328379234264,4.335367981646669,0.0517835620030018,13.699762822003477,A320,short,561,414254.39048158535,738.4213734074605,21451567.914518926,1795945.2207504218,openap_type,0.2797118847539016,EDDF,0.7202881152460985,EDDF
3c674a,D-AIZJ,Lufthansa,A320,A320,2026,1101,722044.2426679115,3210113.869886034,38343.0267791943,10143959.828839868,0.0,655.8076681815726,2915.634759206207,4.445868660381323,0.0531034312212213,14.04894496680498,A320,short,1101,722044.2426679115,655.8076681815726,38343026.779194295,3210113.869886034,openap_type,0.2797118847539016,EDDF,0.7202881152460985,EDDF
3c674d,D-AIZM,Lufthansa,A320,A320,2025,666,479685.6584902272,2089051.8427401248,24952.563677173708,6601403.823058793,0.0,720.2487364718127,3136.714478588776,4.355043361761639,0.0520185734877084,13.761937023166777,A320,short,666,479685.6584902272,720.2487364718127,24952563.677173708,2089051.8427401248,openap_type,0.25981308411214954,EDDF,0.7401869158878505,EDDF
3c674d,D-AIZM,Lufthansa,A320,A320,2026,935,642302.6898204728,2822749.311658449,33716.17233369814,8919887.824840698,0.0,686.9547484710939,3018.9832210250797,4.394733754653002,0.0524926531805775,13.887358664703484,A320,short,935,642302.6898204728,686.9547484710939,33716172.33369814,2822749.311658449,openap_type,0.25981308411214954,EDDF,0.7401869158878505,EDDF
3c674e,D-AIZN,Lufthansa,A320,A320,2025,633,503268.53302574187,2166895.5641796337,25882.36368325673,6847389.982807643,0.0,795.0529747642051,3423.2157412000533,4.305644843622279,0.0514285356321549,13.6058377058464,A320,short,633,503268.53302574187,795.0529747642051,25882363.68325673,2166895.5641796337,openap_type,0.32270916334661354,EDDM,0.6772908366533865,EDDM
3c674e,D-AIZN,Lufthansa,A320,A320,2026,1122,847338.303792532,3684268.365349785,44006.53880834465,11642288.03450532,0.0,755.2034793159821,3283.6616446967782,4.3480488830254345,0.051935028325026,13.739834470360371,A320,short,1122,847338.303792532,755.2034793159821,44006538.808344655,3684268.365349785,openap_type,0.32270916334661354,EDDM,0.6772908366533865,EDDM
3c674f,D-AIZO,Lufthansa,A320,A320,2025,639,483334.2842320957,2090159.5446781537,24965.794561433504,6604904.161182966,0.0,756.3916811143907,3270.985202939208,4.324459515630936,0.0516532664367028,13.66529206939376,A320,short,639,483334.2842320957,756.3916811143907,24965794.561433505,2090159.5446781537,openap_type,0.2804949911608721,EDDF,0.7195050088391279,EDDF
3c674f,D-AIZO,Lufthansa,A320,A320,2026,1055,776446.4664930071,3363956.6262798267,40180.59303612015,10630102.939044252,0.0,735.9682146853148,3188.584479886092,4.332502975348556,0.051749341094441,13.690709402101438,A320,short,1055,776446.4664930071,735.9682146853148,40180593.03612016,3363956.6262798267,openap_type,0.2804949911608721,EDDF,0.7195050088391279,EDDF
3c6750,D-AIZP,Lufthansa,A320,A320,2025,628,502245.61058157455,2159880.549480346,25798.57322990413,6825222.536357893,0.0,799.7541569770295,3439.3002380260286,4.30044684109696,0.0513664483797692,13.58941201786639,A320,short,628,502245.61058157455,799.7541569770295,25798573.22990413,2159880.549480346,openap_type,0.33412745681953543,EDDM,0.6658725431804646,EDDM
3c6750,D-AIZP,Lufthansa,A320,A320,2026,1051,806753.2889258123,3494146.366885753,41735.63716002427,11041502.51935898,0.0,767.6054128694694,3324.5921663993845,4.331121316577699,0.0517328379480114,13.686343360385528,A320,short,1051,806753.2889258123,767.6054128694694,41735637.16002427,3494146.366885753,openap_type,0.33412745681953543,EDDM,0.6658725431804646,EDDM
3c6751,D-AIZQ,Lufthansa,A320,A320,2025,661,485318.4335289932,2128100.461004255,25418.97772866193,6724797.456773446,0.0,734.2185076081591,3219.516582457269,4.384956997264191,0.0523758752451,13.856464111354846,A320,short,661,485318.4335289932,734.2185076081591,25418977.72866193,2128100.461004255,openap_type,0.3198830409356725,EDDM,0.6801169590643275,EDDM
3c6751,D-AIZQ,Lufthansa,A320,A320,2026,1048,760277.8951057991,3320578.3206385244,39662.46327429349,10493027.493217738,0.0,725.4560067803426,3168.4907639680578,4.367584987034824,0.052168376234027,13.801568559030043,A320,short,1048,760277.8951057991,725.4560067803426,39662463.27429349,3320578.3206385244,openap_type,0.3198830409356725,EDDM,0.6801169590643275,EDDM
3c6752,D-AIZR,Lufthansa,A320,A320,2025,617,492006.9981519344,2098298.549522631,25063.010452631424,6630623.416491513,0.0,797.4181493548368,3400.808021916744,4.264773788592871,0.0509403535859704,13.476685171953472,A320,short,617,492006.9981519344,797.4181493548368,25063010.452631425,2098298.549522631,openap_type,0.22862340812613705,EDDF,0.771376591873863,EDDF
3c6752,D-AIZR,Lufthansa,A320,A320,2026,1029,775168.4428212378,3338624.6402085344,39878.016535824165,10550053.86305897,0.0,753.3221018670922,3244.533178045223,4.306966661410463,0.0514443240112916,13.610014650057066,A320,short,1029,775168.4428212378,753.3221018670922,39878016.535824165,3338624.6402085344,openap_type,0.22862340812613705,EDDF,0.771376591873863,EDDF
3c6753,D-AIZS,Lufthansa,A320,A320,2025,464,360738.8343326882,1543797.1586152103,18439.799394570568,4878399.021224065,0.0,777.45438433769,3327.1490487396773,4.279542460325902,0.0511167571650038,13.52335417462985,A320,short,464,360738.8343326882,777.45438433769,18439799.394570567,1543797.1586152103,openap_type,0.22236929185969556,EDDF,0.7776307081403044,EDDF
3c6753,D-AIZS,Lufthansa,A320,A320,2026,1045,759589.6130384478,3305920.382390541,39487.38234522035,10446708.40835411,0.0,726.8800124769836,3163.5601745364024,4.3522453778251,0.051985153124022,13.753095393927316,A320,short,1045,759589.6130384478,726.8800124769836,39487382.34522035,3305920.382390541,openap_type,0.22236929185969556,EDDF,0.7776307081403044,EDDF
3c6754,D-AIZT,Lufthansa,A320,A320,2025,679,506855.91498573753,2197309.8579486366,26245.645525497606,6943499.151117693,0.0,746.4741015990244,3236.096992560584,4.335176512659356,0.05178127501232,13.699157780003569,A320,short,679,506855.91498573753,746.4741015990244,26245645.525497608,2197309.8579486366,openap_type,0.281485780615206,EDDF,0.718514219384794,EDDF
3c6754,D-AIZT,Lufthansa,A320,A320,2026,1041,722920.1665549966,3170670.586652463,37871.89867390442,10019319.053821784,0.0,694.4478064889497,3045.793070751645,4.385920788130694,0.052387387191561,13.859509690492992,A320,short,1041,722920.1665549966,694.4478064889497,37871898.67390442,3170670.586652463,openap_type,0.281485780615206,EDDF,0.718514219384794,EDDF
3c6757,D-AIZW,Lufthansa,A320,A320,2025,640,491147.31885993807,2133375.4466929478,25481.98450216576,6741466.411549714,0.0,767.4176857186533,3333.39913545773,4.343656912644835,0.0518825686788133,13.725955843957683,A320,short,640,491147.31885993807,767.4176857186533,25481984.50216576,2133375.4466929478,openap_type,0.32388663967611336,EDDM,0.6761133603238867,EDDM
3c6757,D-AIZW,Lufthansa,A320,A320,2026,1086,737403.0793295851,3263762.939711492,38983.8351132206,10313490.889488315,0.0,679.0083603403177,3005.306574319974,4.42602293263918,0.0528663850287457,13.986232467139809,A320,short,1086,737403.0793295851,679.0083603403177,38983835.1132206,3263762.939711492,openap_type,0.32388663967611336,EDDM,0.6761133603238867,EDDM
3c6758,D-AIZX,Lufthansa,A320,A320,2025,644,538155.1655971493,2276677.124033811,27193.643425959413,7194299.711946844,0.0,835.6446670763188,3535.21292551834,4.230521733462426,0.0505312318163567,13.368448677741268,A320,short,644,538155.1655971493,835.6446670763188,27193643.42595941,2276677.124033811,openap_type,0.22808056872037916,EDDF,0.7719194312796208,EDDF
3c6758,D-AIZX,Lufthansa,A320,A320,2026,1042,741721.8282184257,3235221.5883395835,38642.92452738947,10223300.219153084,0.0,711.8251710349575,3104.8191826675466,4.361772116253346,0.0520989447219149,13.783199887360572,A320,short,1042,741721.8282184257,711.8251710349575,38642924.52738947,3235221.5883395835,openap_type,0.22808056872037916,EDDF,0.7719194312796208,EDDF
3c6759,D-AIZY,Lufthansa,A320,A320,2026,897,804248.6637888324,3365247.0061113387,40196.00590632988,10634180.53931183,0.0,896.5982873900026,3751.668903134157,4.184336459146341,0.0499795743731368,13.222503210902437,A320,short,897,804248.6637888324,896.5982873900026,40196005.90632988,3365247.0061113387,openap_type,0.22717149220489977,EDDM,0.7728285077951003,EDDM
3c675a,D-AIZZ,Lufthansa,A320,A320,2025,466,352975.4224380667,1537576.4433137192,18365.496406247203,4858741.560871353,0.0,757.4579880645208,3299.520264621715,4.356043921396548,0.052030524616681,13.765098791613095,A320,short,466,352975.4224380667,757.4579880645208,18365496.4062472,1537576.4433137192,openap_type,0.2944743935309973,EDDM,0.7055256064690028,EDDM
3c675a,D-AIZZ,Lufthansa,A320,A320,2026,1015,754086.947923524,3273786.488794308,39103.56083837646,10345165.304590017,0.0,742.9428058359842,3225.4054076791213,4.341391265037942,0.051855506776842,13.718796397519895,A320,short,1015,754086.947923524,742.9428058359842,39103560.83837646,3273786.488794308,openap_type,0.2944743935309973,EDDM,0.7055256064690028,EDDM
3c68cb,D-AJFK,DHL,A333,A333,2025,145,606857.5668541853,4389649.157473955,52431.92049205003,13871291.3376177,0.0,4185.224598994381,30273.442465337623,7.233409282888109,0.0863990553233857,22.857573333926428,A333,long,145,606857.5668541853,4185.224598994381,52431920.49205003,4389649.157473955,openap_type,0.007389162561576354,EDDP,0.9926108374384236,EDDP
3c68cb,D-AJFK,DHL,A333,A333,2026,260,1122044.5790382635,8060354.403876014,96276.45537963018,25470719.91624821,0.0,4315.55607322409,31001.363091830823,7.183631162662694,0.0858044833318044,22.700274474014115,A333,long,260,1122044.5790382635,4315.55607322409,96276455.37963018,8060354.403876014,openap_type,0.007389162561576354,EDDP,0.9926108374384236,EDDP
3c6917,D-AJHW,German Airways,E190,E190,2025,640,325998.24158997234,1216778.8331206548,14533.747173385598,3845021.112661269,0.0,509.3722524843318,1901.216926751023,3.732470540902705,0.0445822870163378,11.794606909252549,E190,short,640,325998.24158997234,509.3722524843318,14533747.173385598,1216778.8331206548,openap_type,0.21020656136087484,EDDF,0.7897934386391252,EDDF
3c6917,D-AJHW,German Airways,E190,E190,2026,1003,467548.5981890165,1752259.9830373824,20929.772019613178,5537141.546398128,0.0,466.1501477457792,1747.0189262586066,3.747760104135729,0.0447649123549545,11.842921929068902,E190,short,1003,467548.5981890165,466.1501477457792,20929772.019613177,1752259.9830373824,openap_type,0.21020656136087484,EDDF,0.7897934386391252,EDDF
3c6d43,D-AKJC,German Airways,E190,E190,2025,536,277153.0640737154,1034584.8978225,12357.541835102082,3269288.2771191,0.0,517.0766120778272,1930.195704892724,3.732900811615518,0.0445874263609631,11.795966564705038,E190,short,536,277153.0640737154,517.0766120778272,12357541.83510208,1034584.8978225,openap_type,0.0050704225352112674,EHAM,0.9949295774647887,EHAM
3c6d43,D-AKJC,German Airways,E190,E190,2026,1232,676386.1985101603,2515221.5216301894,30042.923730582817,7948100.008351399,0.0,549.0147715179872,2041.5759104141148,3.7186174513470753,0.0444168195577567,11.75083114625676,E190,short,1232,676386.1985101603,549.0147715179872,30042923.73058282,2515221.5216301894,openap_type,0.0050704225352112674,EHAM,0.9949295774647887,EHAM
3c70aa,D-ALEJ,DHL,A332,A332,2025,127,389714.42117088544,2895853.0664005857,34589.35607089588,9150895.689825851,0.0,3068.617489534531,22801.99264882351,7.430705432198482,0.0887556482179263,23.48102916574721,A332,medium,127,389714.42117088544,3068.617489534531,34589356.07089588,2895853.0664005857,openap_type,0.00554016620498615,EDDP,0.9944598337950139,EDDP
3c70aa,D-ALEJ,DHL,A332,A332,2026,229,660289.4123314947,4910758.469020137,58656.28171329608,15517996.762103634,0.0,2883.3598791768327,21444.36012672549,7.437281860510459,0.0888342000005416,23.50181067921305,A332,medium,229,660289.4123314947,2883.3598791768327,58656281.71329608,4910758.469020137,openap_type,0.00554016620498615,EDDP,0.9944598337950139,EDDP
3c70b4,D-ALET,DHL,B752,B752,2025,205,182439.37584344187,1222116.6637821028,14597.504595175118,3861888.657551445,0.0,889.9481748460579,5961.544701376111,6.698754904921662,0.0800129058087865,21.16806549955245,B752,short,205,182439.37584344187,889.9481748460579,14597504.595175115,1222116.6637821028,openap_type,0.1278538812785388,EDDP,0.8721461187214612,EDDP
3c70b4,D-ALET,DHL,B752,B752,2026,233,199142.9831919304,1368066.818065975,16340.798104676927,4323091.145088483,0.0,854.6909149868256,5871.531408008478,6.869771639141598,0.0820556056897468,21.708478379687456,B752,short,233,199142.9831919304,854.6909149868256,16340798.104676928,1368066.818065975,openap_type,0.1278538812785388,EDDP,0.8721461187214612,EDDP
3c70b5,D-ALEU,DHL,B752,B752,2025,205,176868.96795321925,1193314.2541246377,14253.475813155392,3770873.043033855,0.0,862.7754534303378,5821.045142071403,6.746883118808392,0.0805877705857669,21.32015065543452,B752,short,205,176868.96795321925,862.7754534303378,14253475.813155392,1193314.2541246377,openap_type,0.12087912087912088,EDDP,0.8791208791208791,EDDP
3c70b5,D-ALEU,DHL,B752,B752,2026,250,225531.82447462063,1530513.8310431154,18281.137426348323,4836423.706096245,0.0,902.1272978984824,6122.055324172461,6.786243292309046,0.0810579059914691,21.44452880369659,B752,short,250,225531.82447462063,902.1272978984824,18281137.426348325,1530513.8310431154,openap_type,0.12087912087912088,EDDP,0.8791208791208791,EDDP
3c70c1,D-ALFA,Lufthansa Cargo,B77L,B77W,2025,65,407346.0814184054,4852648.34121423,57962.18852005887,15334368.75823697,0.0,6266.862791052391,74656.12832637277,11.912839137465111,0.1422922452530555,37.644571674389766,B77L,long,65,407346.0814184054,6266.862791052391,57962188.52005886,4852648.34121423,openap_type,0.08284023668639054,EDDF,0.9171597633136095,EDDF
3c70c1,D-ALFA,Lufthansa Cargo,B77L,B77W,2026,92,580151.1526929933,7043728.483837656,84133.42355694978,22258182.008927,0.0,6305.990790141232,76562.26612867018,12.14119536114252,0.1450198334803134,38.36617734121037,B77L,long,92,580151.1526929933,6305.990790141232,84133423.55694978,7043728.483837656,openap_type,0.08284023668639054,EDDF,0.9171597633136095,EDDF
3c70c2,D-ALFB,Lufthansa Cargo,B77L,B77W,2025,45,279406.8651369296,3360436.9954877063,40138.55300165872,10618980.905741151,0.0,6209.041447487325,74676.37767750458,12.02703803945851,0.1436562876935322,38.005440204688895,B77L,long,45,279406.8651369296,6209.041447487325,40138553.00165872,3360436.9954877063,openap_type,0.03333333333333333,EDDF,0.9666666666666667,EDDF
3c70c2,D-ALFB,Lufthansa Cargo,B77L,B77W,2026,99,668525.94735663,7983484.968761499,95358.29268242902,25227812.50128634,0.0,6685.2594735663,79834.84968761499,11.941922374633952,0.1426396283636833,37.73647470384329,B77L,long,99,668525.94735663,6685.2594735663,95358292.68242902,7983484.968761499,openap_type,0.03333333333333333,EDDF,0.9666666666666667,EDDF
3c70c3,D-ALFC,Lufthansa Cargo,B77L,B77W,2025,56,369105.6583453893,4377770.568636401,52290.03734760146,13833754.99689103,0.0,6591.172470453379,78174.47443993573,11.860480785531385,0.1416668538271804,37.47911928227918,B77L,long,56,369105.6583453893,6591.172470453379,52290037.34760146,4377770.568636401,openap_type,0.047337278106508875,EDDF,0.9526627218934911,EDDF
3c70c3,D-ALFC,Lufthansa Cargo,B77L,B77W,2026,105,694628.4371429518,8320764.20071517,99386.90573076454,26293614.87425994,0.0,6615.508925170969,79245.37334014448,11.978726691551774,0.143079235482424,37.85277634530361,B77L,long,105,694628.4371429518,6615.508925170969,99386905.73076454,8320764.20071517,openap_type,0.047337278106508875,EDDF,0.9526627218934911,EDDF
3c70c4,D-ALFD,Lufthansa Cargo,B77L,B77W,2025,44,301205.5124679574,3528601.414096164,42147.18355725974,11150380.46854388,0.0,6845.579828817214,80195.48668400373,11.714929734134731,0.1399283273799426,37.01917795986576,B77L,long,44,301205.5124679574,6845.579828817214,42147183.55725974,3528601.414096164,openap_type,0.06770833333333333,EDDF,0.9322916666666666,EDDF
3c70c4,D-ALFD,Lufthansa Cargo,B77L,B77W,2026,136,806817.3731774725,9858512.745611671,117754.4577948061,31152900.276132893,0.0,5932.480685128474,72489.06430596819,12.219013959486386,0.1459493334049763,38.61208411197698,B77L,long,136,806817.3731774725,5932.480685128474,117754457.79480612,9858512.745611671,openap_type,0.06770833333333333,EDDF,0.9322916666666666,EDDF
3c70c5,D-ALFE,Lufthansa Cargo,B77L,B77W,2025,66,428243.6313884247,5092600.291439714,60828.28125886325,16092616.920949498,0.0,6488.539869521585,77160.6104763593,11.8918295992606,0.1420412979911682,37.578181533663496,B77L,long,66,428243.6313884247,6488.539869521585,60828281.25886325,5092600.291439714,openap_type,0.02577319587628866,EDDF,0.9742268041237113,EDDF
3c70c5,D-ALFE,Lufthansa Cargo,B77L,B77W,2026,122,837217.3198665284,9920908.670425387,118499.74245230324,31350071.398544226,0.0,6806.644876963645,80657.79406849908,11.849860764952888,0.1415400035813817,37.44556001725113,B77L,long,122,837217.3198665284,6806.644876963645,118499742.45230325,9920908.670425387,openap_type,0.02577319587628866,EDDF,0.9742268041237113,EDDF
3c70c6,D-ALFF,Lufthansa Cargo,B77L,B77W,2025,65,407792.00229952886,4938591.560130118,58988.73252377642,15605949.330011178,0.0,6273.723112300444,75978.33169430951,12.110565024035598,0.1446539711204252,38.2693854759525,B77L,long,65,407792.00229952886,6273.723112300444,58988732.52377643,4938591.560130118,openap_type,0.05454545454545454,EDDF,0.9454545454545454,EDDF
3c70c6,D-ALFF,Lufthansa Cargo,B77L,B77W,2026,91,561171.2478452903,6793337.724589793,81142.64504371143,21466947.20970375,0.0,6166.717009288905,74652.06290758014,12.105641104518336,0.1445951576373023,38.253825890277945,B77L,long,91,561171.2478452903,6166.717009288905,81142645.04371142,6793337.724589793,openap_type,0.05454545454545454,EDDF,0.9454545454545454,EDDF
3c70c7,D-ALFG,Lufthansa Cargo,B77L,B77W,2025,62,397379.6447761172,4797804.316976305,57307.107119439206,15161061.641645126,0.0,6409.349109292213,77383.94059639201,12.073603618221002,0.1442124876620842,38.15258743357837,B77L,long,62,397379.6447761172,6409.349109292213,57307107.11943921,4797804.316976305,openap_type,0.03763440860215054,EDDF,0.9623655913978495,EDDF
3c70c7,D-ALFG,Lufthansa Cargo,B77L,B77W,2026,117,753400.8499472996,9075952.720441982,108407.2130497237,28680010.59659667,0.0,6439.323503823073,77572.24547386309,12.046645183738306,0.1438904841390964,38.067398780613054,B77L,long,117,753400.8499472996,6439.323503823073,108407213.0497237,9075952.720441982,openap_type,0.03763440860215054,EDDF,0.9623655913978495,EDDF
3c70c8,D-ALFH,Lufthansa Cargo,B77L,B77W,2025,66,423091.3638069602,5085587.864413319,60744.521713825765,16070457.651546093,0.0,6314.796474730749,75904.29648378088,12.0200701301331,0.1435730598877009,37.98342161122061,B77L,long,66,423091.3638069602,6314.796474730749,60744521.71382576,5085587.864413319,openap_type,0.07954545454545454,EDDF,0.9204545454545454,EDDF
3c70c8,D-ALFH,Lufthansa Cargo,B77L,B77W,2026,95,602391.1878958677,7384093.806086544,88198.89823936706,23333736.427233484,0.0,6340.959872588081,77727.30322196362,12.25797115638251,0.1464146554790133,38.73518885416874,B77L,long,95,602391.1878958677,6340.959872588081,88198898.23936705,7384093.806086544,openap_type,0.07954545454545454,EDDF,0.9204545454545454,EDDF
3c70c9,D-ALFI,Lufthansa Cargo,B77L,B77W,2025,63,417854.44308984943,4895608.878948239,58475.3282763262,15470124.05747644,0.0,6632.610207775388,77708.07744362284,11.716062757996228,0.1399418607205105,37.022758315268085,B77L,long,63,417854.44308984943,6632.610207775388,58475328.276326194,4895608.878948239,openap_type,0.03125,EDDF,0.96875,EDDF
3c70c9,D-ALFI,Lufthansa Cargo,B77L,B77W,2026,92,623699.4652263703,7484582.044002663,89399.17441447626,23651279.25904842,0.0,6779.342013330112,81354.15265220286,12.00030216682349,0.1433369425481694,37.92095484716224,B77L,long,92,623699.4652263703,6779.342013330112,89399174.41447626,7484582.044002663,openap_type,0.03125,EDDF,0.96875,EDDF
3c70ca,D-ALFJ,Lufthansa Cargo,B77L,B77W,2025,57,360768.3217713822,4304021.9566534925,51409.15114891672,13600709.38302504,0.0,6329.268803006705,75509.1571342718,11.930154885885292,0.1424990722480743,37.69928943939753,B77L,long,57,360768.3217713822,6329.268803006705,51409151.14891672,4304021.9566534925,openap_type,0.045714285714285714,EDDF,0.9542857142857143,EDDF
3c70ca,D-ALFJ,Lufthansa Cargo,B77L,B77W,2026,110,702583.7108219938,8392323.019239904,100241.6360631433,26519740.7407981,0.0,6387.124643836307,76293.84562945367,11.944943911980587,0.142675718948657,37.74602276185866,B77L,long,110,702583.7108219938,6387.124643836307,100241636.0631433,8392323.019239904,openap_type,0.045714285714285714,EDDF,0.9542857142857143,EDDF
3c70cb,D-ALFK,Lufthansa Cargo,B77L,B77W,2025,53,374478.054360722,4447044.648688395,53117.477748222496,14052661.08985533,0.0,7065.623667183434,83906.50280544141,11.87531444607621,0.1418440336614658,37.52599364960084,B77L,long,53,374478.054360722,7065.623667183434,53117477.74822249,4447044.648688395,openap_type,0.057291666666666664,EDDF,0.9427083333333334,EDDF
3c70cb,D-ALFK,Lufthansa Cargo,B77L,B77W,2026,127,782175.7701742983,9520268.828361295,113714.32211653767,30084049.497621696,0.0,6110.748204486706,74377.10022157262,12.171521020447642,0.1453820566331246,38.46200642461455,B77L,long,127,782175.7701742983,6110.748204486706,113714322.11653768,9520268.828361295,openap_type,0.057291666666666664,EDDF,0.9427083333333334,EDDF
3c70cc,D-ALFL,Lufthansa Cargo,B77L,B77W,2025,59,375916.5083989849,4454378.452083315,53205.0759554396,14075835.908583278,0.0,6371.466244050592,75497.93986581889,11.849382382950818,0.1415342895741347,37.4440483301246,B77L,long,59,375916.5083989849,6371.466244050592,53205075.9554396,4454378.452083315,openap_type,0.0748663101604278,EDDF,0.9251336898395722,EDDF
3c70cc,D-ALFL,Lufthansa Cargo,B77L,B77W,2026,114,673349.46098222,8171544.905343934,97604.56414716366,25822081.90088684,0.0,5906.5742191422805,71680.21846792924,12.135667107275973,0.1449538015591297,38.34870805899209,B77L,long,114,673349.46098222,5906.5742191422805,97604564.14716366,8171544.905343934,openap_type,0.0748663101604278,EDDF,0.9251336898395722,EDDF
3c71a1,D-ALMA,DHL,A332,A332,2025,134,540822.803306851,3911948.900112437,46726.05630689856,12361758.524355302,0.0,4035.991069454112,29193.64850830177,7.233328321573903,0.086398088285466,22.857317496173533,A332,long,134,540822.803306851,4035.991069454112,46726056.30689856,3911948.900112437,openap_type,0.003816793893129771,EDDP,0.9961832061068703,EDDP
3c71a1,D-ALMA,DHL,A332,A332,2026,124,407579.29599882703,2983058.427660572,35630.9756637235,9426464.631407408,0.0,3286.9298064421537,24056.92280371429,7.318964571912791,0.0874209657200694,23.12792804724442,A332,medium,124,407579.29599882703,3286.9298064421537,35630975.6637235,2983058.427660572,openap_type,0.003816793893129771,EDDP,0.9961832061068703,EDDP
3c71a4,D-ALMD,DHL,A332,A332,2025,118,395332.2032143051,2907155.559623996,34724.35807328661,9186611.568411823,0.0,3350.272908595806,24636.91152223725,7.353702875675067,0.0878358954594521,23.23770108713321,A332,medium,118,395332.2032143051,3350.272908595806,34724358.07328661,2907155.559623996,openap_type,0.0,EDDP,1.0,EDDP
3c71a4,D-ALMD,DHL,A332,A332,2026,215,606053.183138018,4520766.963971345,53998.049847435504,14285623.606149448,0.0,2818.8520145954326,21026.82308823881,7.459356851429685,0.0890978735031879,23.571567650517807,A332,medium,215,606053.183138018,2818.8520145954326,53998049.847435504,4520766.963971345,openap_type,0.0,EDDP,1.0,EDDP
3c71a7,D-ALMG,DHL,A333,A333,2025,121,418848.9387985882,3098426.493808232,37008.98312048722,9791027.720434014,0.0,3461.5614776742827,25606.830527340764,7.397479632384055,0.0883587844979206,23.37603563833361,A333,medium,121,418848.9387985882,3461.5614776742827,37008983.12048722,3098426.493808232,openap_type,0.012626262626262626,EDDP,0.9873737373737373,EDDP
3c71a7,D-ALMG,DHL,A333,A333,2026,273,1233132.8152192745,8801411.560694925,105127.9714194116,27812460.531795964,0.0,4516.970019118222,32239.6027864283,7.137440064904823,0.0852527563308076,22.55431060509924,A333,long,273,1233132.8152192745,4516.970019118222,105127971.4194116,8801411.560694925,openap_type,0.012626262626262626,EDDP,0.9873737373737373,EDDP
3c7421,D-AMAA,TUIfly,B38M,B38M,2025,94,167885.73244047607,504515.5773174059,6026.15828462457,1594269.2243230026,0.0,1786.0184302178309,5367.1869927383605,3.005112882336693,0.0358944038723549,9.49615670818395,B38M,medium,94,167885.73244047607,1786.0184302178309,6026158.28462457,504515.5773174059,openap_type,0.14925373134328357,EDDS,0.8507462686567164,EDDS
3c7421,D-AMAA,TUIfly,B38M,B38M,2026,259,495521.5589999343,1477573.946822383,17648.79992037846,4669133.671958731,0.0,1913.2106525093989,5704.918713599935,2.981856026212936,0.0356166136464322,9.42266504283288,B38M,medium,259,495521.5589999343,1913.2106525093989,17648799.92037846,1477573.946822383,openap_type,0.14925373134328357,EDDS,0.8507462686567164,EDDS
3c7422,D-AMAB,TUIfly,B38M,B38M,2025,98,187344.15641456243,558576.2005550927,6671.882395519162,1765100.7937540929,0.0,1911.6750654547184,5699.757148521354,2.9815512330101908,0.035612973060955,9.421701896312202,B38M,medium,98,187344.15641456243,1911.6750654547184,6671882.395519162,558576.2005550927,openap_type,0.12737127371273713,EDDV,0.8726287262872628,EDDV
3c7422,D-AMAB,TUIfly,B38M,B38M,2026,234,440502.1428940514,1316182.7907884645,15721.07222330666,4159137.618891549,0.0,1882.4877901455188,5624.712781147284,2.9879146152190907,0.035688980126228,9.441810184092327,B38M,medium,234,440502.1428940514,1882.4877901455188,15721072.22330666,1316182.7907884645,openap_type,0.12737127371273713,EDDV,0.8726287262872628,EDDV
3c7424,D-AMAD,TUIfly,B38M,B38M,2025,80,134560.25489115185,408333.4226774293,4877.315881980405,1290333.6156606765,0.0,1682.0031861393982,5104.167783467866,3.034576762713012,0.0362463335546276,9.589262570173116,B38M,medium,80,134560.25489115185,1682.0031861393982,4877315.881980405,408333.4226774293,openap_type,0.12087912087912088,EDDL,0.8791208791208791,EDDL
3c7424,D-AMAD,TUIfly,B38M,B38M,2026,252,438508.46932628617,1323310.6559029685,15806.210612174342,4181661.6726533794,0.0,1740.1129735170086,5251.232761519716,3.017753928301706,0.0360453941436037,9.53610241343339,B38M,medium,252,438508.46932628617,1740.1129735170086,15806210.61217434,1323310.6559029685,openap_type,0.12087912087912088,EDDL,0.8791208791208791,EDDL
3c7427,D-AMAG,TUIfly,B38M,B38M,2026,54,90736.52211693916,275436.3710443599,3289.9344319187435,870378.9325001774,0.0,1680.3059651285032,5100.673537858517,3.03556235811401,0.0362581059441395,9.592377051640272,B38M,medium,54,90736.52211693916,1680.3059651285032,3289934.4319187435,275436.3710443599,openap_type,0.08771929824561403,EDDV,0.9122807017543859,EDDV
3c7428,D-AMAH,TUIfly,B38M,B38M,2025,110,186628.3288355543,566377.1790276502,6765.060749496932,1789751.8857273746,0.0,1696.6211712323118,5148.88344570591,3.0347867473362404,0.0362488417042939,9.58992612158252,B38M,medium,110,186628.3288355543,1696.6211712323118,6765060.749496932,566377.1790276502,openap_type,0.08530805687203792,EDDV,0.9146919431279621,EDDV
3c7428,D-AMAH,TUIfly,B38M,B38M,2026,286,534791.9693957741,1599132.1862833842,19100.745558384868,5053257.708655494,0.0,1869.9019908943148,5591.371280711133,2.9901948379855767,0.0357162161203832,9.449015688034423,B38M,medium,286,534791.9693957741,1869.9019908943148,19100745.55838487,1599132.1862833842,openap_type,0.08530805687203792,EDDV,0.9146919431279621,EDDV
3c7438,D-AMAX,TUIfly,B38M,B38M,2025,94,160485.35637822165,486175.4016047997,5807.095074723997,1536314.269071167,0.0,1707.2910253002303,5172.078740476592,3.029406623611269,0.0361845791153568,9.572924930611611,B38M,medium,94,160485.35637822165,1707.2910253002303,5807095.074723997,486175.4016047997,openap_type,0.16120906801007556,EDDF,0.8387909319899245,EDDF
3c7438,D-AMAX,TUIfly,B38M,B38M,2026,252,455684.11264050094,1366478.7782520654,16321.829851344117,4318072.939276527,0.0,1808.270288255956,5422.534834333593,2.998741321776364,0.0358182991212176,9.47602257681331,B38M,medium,252,455684.11264050094,1808.270288255956,16321829.851344114,1366478.7782520654,openap_type,0.16120906801007556,EDDF,0.8387909319899245,EDDF
3c7439,D-AMAY,TUIfly,B38M,B38M,2025,106,191054.67633504624,575022.9893131597,6868.330150129407,1817072.6462295847,0.0,1802.4026069343984,5424.74518219962,3.009729991140133,0.0359495526719515,9.51074677200282,B38M,medium,106,191054.67633504624,1802.4026069343984,6868330.150129408,575022.9893131597,openap_type,0.11688311688311688,EDDS,0.8831168831168831,EDDS
3c7439,D-AMAY,TUIfly,B38M,B38M,2026,240,441038.143720102,1322420.6567400014,15795.580066616683,4178849.275298405,0.0,1837.6589321670915,5510.086069750006,2.9984269514322444,0.0358145441421073,9.475029166525893,B38M,medium,240,441038.143720102,1837.6589321670915,15795580.066616684,1322420.6567400014,openap_type,0.11688311688311688,EDDS,0.8831168831168831,EDDS
3c743a,D-AMAZ,TUIfly,B38M,B38M,2025,107,172073.05136437935,525932.8517876263,6281.975729685535,1661947.8116488992,0.0,1608.1593585456014,4915.260297080619,3.0564510108786216,0.0365076092966057,9.658385194376446,B38M,medium,107,172073.05136437935,1608.1593585456014,6281975.729685535,525932.8517876263,openap_type,0.11917098445595854,EDDF,0.8808290155440415,EDDF
3c743a,D-AMAZ,TUIfly,B38M,B38M,2026,244,435233.9992558424,1309638.0484865415,15642.898912478136,4138456.233217472,0.0,1783.745898589518,5367.369051174352,3.009043527678776,0.0359413532472742,9.508577547464933,B38M,medium,244,435233.9992558424,1783.745898589518,15642898.912478134,1309638.0484865415,openap_type,0.11917098445595854,EDDF,0.8808290155440415,EDDF
3c75a5,D-AMME,Arcus-Air GmbH & Co. KG,E145,E145,2025,158,122235.54285748606,91961.83713725804,1098.4330546950266,290599.4053537354,0.0,773.6426763132029,582.0369439066964,0.7523330365904782,0.0089862001592751,2.3773723956259114,E145,short,158,122235.54285748606,773.6426763132029,1098433.0546950267,91961.83713725804,openap_type,0.1111111111111111,LEPA,0.8888888888888888,LEPA
3c75a5,D-AMME,Arcus-Air GmbH & Co. KG,E145,E145,2026,274,233865.43106695375,175699.0272571142,2098.627270015531,555208.926132481,0.0,853.5234710472765,641.2373257558913,0.7512825921109008,0.0089736531835468,2.3740529910704464,E145,short,274,233865.43106695375,853.5234710472765,2098627.2700155308,175699.0272571142,openap_type,0.1111111111111111,LEPA,0.8888888888888888,LEPA
3c76ef,D-AMWO,German Airways,E190,E190,2025,798,383847.7618672202,1435086.3881705715,17141.309636481827,4534872.986619007,0.0,481.01223291631607,1798.3538698879345,3.7386863510408936,0.0446565314152106,11.814248869289226,E190,short,798,383847.7618672202,481.01223291631607,17141309.636481825,1435086.3881705715,openap_type,0.0034266133637921186,EHAM,0.9965733866362079,EHAM
3c76ef,D-AMWO,German Airways,E190,E190,2026,950,474942.8017899495,1774346.8795888044,21193.58772842183,5606936.139500623,0.0,499.9397913578416,1867.7335574618996,3.7359169839014337,0.0446234528632671,11.805497669128531,E190,short,950,474942.8017899495,499.9397913578416,21193587.72842183,1774346.8795888044,openap_type,0.0034266133637921186,EHAM,0.9965733866362079,EHAM
3c786b,D-ANCK,Condor,A20N,A20N,2025,148,301490.74503112346,652855.6440538613,7797.997970643342,2063023.8352102016,0.0,2037.099628588672,4411.186784147712,2.165425157533329,0.0258648004927592,6.842743497805321,A20N,medium,148,301490.74503112346,2037.099628588672,7797997.9706433425,652855.6440538613,openap_type,0.2345924453280318,EDDF,0.7654075546719682,EDDF
3c786b,D-ANCK,Condor,A20N,A20N,2026,336,417433.084660945,977943.3542246493,11680.990064349977,3090300.999349892,0.0,1242.3603710147172,2910.54569709717,2.34275477953304,0.027982904311089,7.403105103324409,A20N,short,336,417433.084660945,1242.3603710147172,11680990.064349975,977943.3542246493,openap_type,0.2345924453280318,EDDF,0.7654075546719682,EDDF
3c786c,D-ANCL,Condor,A20N,A20N,2025,192,318918.288613888,706457.3315020958,8438.240348497255,2232405.1675466225,0.0,1661.0327531973337,3679.4652682400815,2.215167197129289,0.0264589415212665,6.99992834292855,A20N,medium,192,318918.288613888,1661.0327531973337,8438240.348497255,706457.3315020958,openap_type,0.34384384384384387,EDDF,0.6561561561561562,EDDF
3c786c,D-ANCL,Condor,A20N,A20N,2026,468,480793.1233918181,1165862.1172987437,13925.575289957213,3684124.29066403,0.0,1027.3357337432012,2491.1583702964604,2.4248726959196425,0.0289637572012623,7.662597719106071,A20N,short,468,480793.1233918181,1027.3357337432012,13925575.289957212,1165862.1172987437,openap_type,0.34384384384384387,EDDF,0.6561561561561562,EDDF
3c7879,D-ANCY,Condor,A20N,A20N,2025,236,605310.9904737576,1266711.469391037,15130.164773281833,4002808.243275677,0.0,2564.877078278634,5367.421480470496,2.092662266712888,0.0249956881857372,6.612812762812727,A20N,medium,236,605310.9904737576,2564.877078278634,15130164.773281831,1266711.469391037,openap_type,0.2776998597475456,EDDF,0.7223001402524545,EDDF
3c7879,D-ANCY,Condor,A20N,A20N,2026,461,568072.4370861766,1330041.3414568745,15886.604911845996,4202930.639003723,0.0,1232.261251813832,2885.1222157415928,2.341323490854577,0.0279658083629852,7.398582231100465,A20N,short,461,568072.4370861766,1232.261251813832,15886604.911845995,1330041.3414568745,openap_type,0.2776998597475456,EDDF,0.7223001402524545,EDDF
3c787a,D-ANCZ,Condor,A20N,A20N,2025,288,692447.2175467291,1459336.4207462496,17430.96280335798,4611503.089558149,0.0,2404.3306164816986,5067.140349813367,2.1075056463025903,0.0251729841086142,6.6597178423161845,A20N,medium,288,692447.2175467291,2404.3306164816986,17430962.80335798,1459336.4207462496,openap_type,0.2775330396475771,EDDF,0.722466960352423,EDDF
3c787a,D-ANCZ,Condor,A20N,A20N,2026,387,489342.5037842166,1135418.498842351,13561.943180616969,3587922.4563418287,0.0,1264.4509141711023,2933.897929825196,2.320294047751535,0.0277146233481433,7.332129190894851,A20N,short,387,489342.5037842166,1264.4509141711023,13561943.180616967,1135418.498842351,openap_type,0.2775330396475771,EDDF,0.722466960352423,EDDF
3c7889,D-ANDI,LEAV Aviation,A320,A320,2025,151,169694.01814155,670544.3849727692,8009.28015384141,2118920.2565139504,0.0,1123.8014446460263,4440.691291210392,3.951490997245617,0.0471983646893226,12.486711551296146,A320,short,151,169694.01814155,1123.8014446460263,8009280.15384141,670544.3849727692,openap_type,0.12839506172839507,EDDK,0.8716049382716049,EDDK
3c7889,D-ANDI,LEAV Aviation,A320,A320,2026,253,327812.4635231007,1261553.3396943205,15068.55377968216,3986508.553434053,0.0,1295.7014368502005,4986.376836736445,3.848399557893624,0.0459669947192849,12.160942602943852,A320,short,253,327812.4635231007,1295.7014368502005,15068553.77968216,1261553.3396943205,openap_type,0.12839506172839507,EDDK,0.8716049382716049,EDDK
3c7981,D-ANLA,Condor,A21N,A21N,2025,193,191279.3082834848,622270.902970269,7432.680229922656,1966376.0533860496,0.0,991.0844988781596,3224.20156979414,3.253205527322561,0.0388577326874639,10.280129466339291,A21N,short,193,191279.3082834848,991.0844988781596,7432680.229922657,622270.902970269,openap_type,0.11029411764705882,EDDF,0.8897058823529411,EDDF
3c7981,D-ANLA,Condor,A21N,A21N,2026,332,454195.9554849987,1474793.372262406,17615.58750202318,4660347.056349203,0.0,1368.0601068825265,4442.148711633753,3.2470420629078363,0.0387841135291769,10.260652918788765,A21N,short,332,454195.9554849987,1368.0601068825265,17615587.50202318,1474793.372262406,openap_type,0.11029411764705882,EDDF,0.8897058823529411,EDDF
3c7982,D-ANLB,Condor,A21N,A21N,2025,197,255743.757927584,827758.6191045876,9887.116839304796,2615717.236370497,0.0,1298.1916646070251,4201.82040154613,3.236671838297514,0.0386602469574425,10.227883009020143,A21N,short,197,255743.757927584,1298.1916646070251,9887116.839304795,827758.6191045876,openap_type,0.08922558922558922,LEPA,0.9107744107744108,LEPA
3c7982,D-ANLB,Condor,A21N,A21N,2026,372,464647.4993391581,1512947.3333329037,18071.315370365235,4780913.573331975,0.0,1249.052417578382,4067.062724013181,3.256118531757263,0.0388925269071006,10.289334560352952,A21N,short,372,464647.4993391581,1249.052417578382,18071315.37036524,1512947.3333329037,openap_type,0.08922558922558922,LEPA,0.9107744107744108,LEPA
3c7983,D-ANLC,Condor,A21N,A21N,2026,343,459049.8138211691,1494536.2656152607,17851.40539484895,4722734.599344225,0.0,1338.3376496243995,4357.248587799594,3.255716962772767,0.0388877303886747,10.288065602361945,A21N,short,343,459049.8138211691,1338.3376496243995,17851405.39484895,1494536.2656152607,openap_type,0.039660056657223795,LEPA,0.9603399433427762,LEPA
3c79b7,D-ANMW,Condor,A21N,A21N,2025,223,264170.91530026536,857370.5189630389,10240.81453205852,2709290.839923203,0.0,1184.6229385662125,3844.710847367888,3.245514435184976,0.0387658668647094,10.255825615184524,A21N,short,223,264170.91530026536,1184.6229385662125,10240814.53205852,857370.5189630389,openap_type,0.0874074074074074,LEPA,0.9125925925925926,LEPA
3c79b7,D-ANMW,Condor,A21N,A21N,2026,428,573167.6976241473,1861366.4046209892,22232.987610750708,5881917.838602328,0.0,1339.176863607821,4348.986926684554,3.247507513658898,0.0387896730798146,10.26212374316212,A21N,short,428,573167.6976241473,1339.176863607821,22232987.61075071,1861366.4046209892,openap_type,0.0874074074074074,LEPA,0.9125925925925926,LEPA
3c79b8,D-ANMX,Condor,A21N,A21N,2025,230,283402.3798785228,921399.980468757,11005.610877821264,2911623.938281272,0.0,1232.1842603414036,4006.086871603292,3.2512076322848964,0.0388338689411807,10.273816118020273,A21N,short,230,283402.3798785228,1232.1842603414036,11005610.877821265,921399.980468757,openap_type,0.10305958132045089,LEPA,0.8969404186795491,LEPA
3c79b8,D-ANMX,Condor,A21N,A21N,2026,371,448972.9195572039,1462764.7470583054,17471.91225652976,4622336.600704245,0.0,1210.169594493811,3942.762121450958,3.2580244449953595,0.038915291981889,10.295357246185336,A21N,short,371,448972.9195572039,1210.169594493811,17471912.25652976,1462764.7470583054,openap_type,0.10305958132045089,LEPA,0.8969404186795491,LEPA
3c79b9,D-ANMY,Condor,A21N,A21N,2025,192,264291.9517845195,853269.3596985643,10191.828463066184,2696331.176647464,0.0,1376.520582211039,4444.111248430022,3.22851056922931,0.0385627651324612,10.20209339876462,A21N,short,192,264291.9517845195,1376.520582211039,10191828.463066185,853269.3596985643,openap_type,0.12607944732297063,EDDF,0.8739205526770294,EDDF
3c79b9,D-ANMY,Condor,A21N,A21N,2026,363,469100.5308382693,1522941.7460076949,18190.69307731413,4812495.917384316,0.0,1292.2879637417886,4195.431807183732,3.2465146506789098,0.0387778138831092,10.258986296145356,A21N,short,363,469100.5308382693,1292.2879637417886,18190693.07731413,1522941.7460076949,openap_type,0.12607944732297063,EDDF,0.8739205526770294,EDDF
3c79ba,D-ANMZ,Condor,A21N,A21N,2025,238,334797.43734916823,1082237.7570314184,12926.728764541942,3419871.312219282,0.0,1406.7119216351607,4547.217466518565,3.232515056268865,0.0386105965054336,10.214747577809614,A21N,short,238,334797.43734916823,1406.7119216351607,12926728.764541944,1082237.7570314184,openap_type,0.07834101382488479,LEPA,0.9216589861751152,LEPA
3c79ba,D-ANMZ,Condor,A21N,A21N,2026,392,495283.4309444906,1613025.552327727,19266.694097247848,5097160.745355617,0.0,1263.4781401645168,4114.861102876855,3.2567726912481927,0.0389003404787978,10.291401704344288,A21N,short,392,495283.4309444906,1263.4781401645168,19266694.097247846,1613025.552327727,openap_type,0.07834101382488479,LEPA,0.9216589861751152,LEPA
3c79c1,D-ANNA,Sundair,A320,A320,2025,69,118373.34583369,440863.3917878196,5265.868290798957,1393128.31804951,0.0,1715.5557367201448,6389.324518664052,3.724346800226596,0.044485253447151,11.768935888716044,A320,medium,69,118373.34583369,1715.5557367201448,5265868.2907989565,440863.3917878196,openap_type,0.14864864864864866,EDDB,0.8513513513513513,EDDB
3c79c1,D-ANNA,Sundair,A320,A320,2026,215,298362.143071999,1141471.7923763937,13634.246408940257,3607050.863909404,0.0,1387.7308980092978,5309.171127332063,3.825792979711036,0.045696971702104,12.089505815886874,A320,short,215,298362.143071999,1387.7308980092978,13634246.408940256,1141471.7923763937,openap_type,0.14864864864864866,EDDB,0.8513513513513513,EDDB
3c79c5,D-ANNE,LEAV Aviation,A320,A320,2025,119,156450.20174176255,600688.5671397184,7174.891218613304,1898175.8721615104,0.0,1314.70757766187,5047.803085207718,3.8394873285700064,0.0458605430912528,12.13277995828122,A320,short,119,156450.20174176255,1314.70757766187,7174891.218613304,600688.5671397184,openap_type,0.18421052631578946,EDDK,0.8157894736842105,EDDK
3c79c5,D-ANNE,LEAV Aviation,A320,A320,2026,221,257240.0686229279,1001097.24981234,11957.550483869618,3163467.309406995,0.0,1163.9822109634747,4529.851809105611,3.891684740917193,0.0464840121831775,12.29772378129833,A320,short,221,257240.0686229279,1163.9822109634747,11957550.483869618,1001097.24981234,openap_type,0.18421052631578946,EDDK,0.8157894736842105,EDDK
3c7a41,D-ANRA,Condor,A339,A333,2025,97,763711.4175846493,5201311.789620617,62126.77970935737,16436145.25520115,0.0,7873.3135833469,53621.77102701667,6.810572252632464,0.0813485019064433,21.521408318318585,A339,long,97,763711.4175846493,7873.3135833469,62126779.709357366,5201311.789620617,openap_type,0.05905511811023622,EDDF,0.9409448818897638,EDDF
3c7a41,D-ANRA,Condor,A339,A333,2026,145,1119919.9699290518,7643681.213137413,91299.52560136357,24154032.633514225,0.0,7723.585999510702,52715.04284922354,6.825203066627743,0.0815232588513869,21.567641690543663,A339,long,145,1119919.9699290518,7723.585999510702,91299525.60136355,7643681.213137413,openap_type,0.05905511811023622,EDDF,0.9409448818897638,EDDF
3c7a42,D-ANRB,Condor,A339,A333,2025,94,738605.8906500443,5030972.536385845,60092.171962386485,15897873.214979272,0.0,7857.509475000471,53520.98442963665,6.81144382961542,0.0813589124092952,21.52416250158473,A339,long,94,738605.8906500443,7857.509475000471,60092171.96238648,5030972.536385845,openap_type,0.08914728682170543,EDDF,0.9108527131782945,EDDF
3c7a42,D-ANRB,Condor,A339,A333,2026,149,1139764.5438225302,7769767.492540784,92805.5561609038,24552465.27642888,0.0,7649.426468607585,52146.090553965,6.8169935050643184,0.0814252001993793,21.541699476003245,A339,long,149,1139764.5438225302,7649.426468607585,92805556.1609038,7769767.492540784,openap_type,0.08914728682170543,EDDF,0.9108527131782945,EDDF
3c7a43,D-ANRC,Condor,A339,A333,2025,103,813159.8005613015,5536053.410605891,66125.08240445924,17493928.777514614,0.0,7894.755345255355,53748.09136510573,6.808075616606364,0.0813186809761315,21.513518948476108,A339,long,103,813159.8005613015,7894.755345255355,66125082.404459246,5536053.410605891,openap_type,0.055970149253731345,EDDF,0.9440298507462687,EDDF
3c7a43,D-ANRC,Condor,A339,A333,2026,153,1209368.0847596447,8232772.652120402,98335.89556699368,26015561.580700472,0.0,7904.366567056501,53808.97158248629,6.807499516374802,0.0813117997789212,21.511698471744378,A339,long,153,1209368.0847596447,7904.366567056501,98335895.56699368,8232772.652120402,openap_type,0.055970149253731345,EDDF,0.9440298507462687,EDDF
3c7a44,D-ANRD,Condor,A339,A333,2025,85,685898.908442459,4655730.272733106,55610.11159097876,14712107.661836617,0.0,8069.398922852458,54773.29732627184,6.787779096055643,0.0810762503139979,21.44938194353583,A339,long,85,685898.908442459,8069.398922852458,55610111.59097877,4655730.272733106,openap_type,0.08064516129032258,EDDF,0.9193548387096774,EDDF
3c7a44,D-ANRD,Condor,A339,A333,2026,150,1186038.075982446,8064259.642364857,96323.10128380246,25483060.469872948,0.0,7906.920506549641,53761.730949099045,6.799326097254412,0.0812141728283166,21.48587046732394,A339,long,150,1186038.075982446,7906.920506549641,96323101.28380246,8064259.642364857,openap_type,0.08064516129032258,EDDF,0.9193548387096774,EDDF
3c7a45,D-ANRE,Condor,A339,A333,2025,80,618634.1870844881,4209093.818996816,50275.28728246197,13300736.46802994,0.0,7732.927338556101,52613.6727374602,6.803849361823212,0.0812682007106661,21.50016398336135,A339,long,80,618634.1870844881,7732.927338556101,50275287.28246197,4209093.818996816,openap_type,0.07407407407407407,EDDF,0.9259259259259259,EDDF
3c7a45,D-ANRE,Condor,A339,A333,2026,151,1167231.708580193,7965349.522476432,95141.67485180184,25170504.49102553,0.0,7730.011315100616,52750.65908924789,6.824137370432979,0.0815105297023939,21.56427409056821,A339,long,151,1167231.708580193,7730.011315100616,95141674.85180184,7965349.522476432,openap_type,0.07407407407407407,EDDF,0.9259259259259259,EDDF
3c7a46,D-ANRF,Condor,A339,A333,2025,68,482111.028287815,3298021.001146981,39393.02862481115,10421746.36362446,0.0,7089.868063056103,48500.30884039677,6.840791451835651,0.0817094534524813,21.61690098780066,A339,long,68,482111.028287815,7089.868063056103,39393028.62481115,3298021.001146981,openap_type,0.07450980392156863,EDDF,0.9254901960784314,EDDF
3c7a46,D-ANRF,Condor,A339,A333,2026,178,1358507.3632609237,9284362.731989464,110896.5548543186,29338586.233086705,0.0,7632.063838544514,52159.34119095205,6.834238063828771,0.0816311768735103,21.596192281698915,A339,long,178,1358507.3632609237,7632.063838544514,110896554.8543186,9284362.731989464,openap_type,0.07450980392156863,EDDF,0.9254901960784314,EDDF
3c7a47,D-ANRG,Condor,A339,A333,2025,95,721848.6152550904,4926169.304336213,58840.35557957144,15566695.001702432,0.0,7598.406476369372,51854.41372985487,6.824380071152978,0.0815134286276605,21.565041024843413,A339,long,95,721848.6152550904,7598.406476369372,58840355.57957143,4926169.304336213,openap_type,0.06324110671936758,EDDF,0.9367588932806324,EDDF
3c7a47,D-ANRG,Condor,A339,A333,2026,150,1112929.3666575826,7616943.537958161,90980.15892561137,24069541.57994779,0.0,7419.5291110505505,50779.62358638774,6.844049376497119,0.0817483675526044,21.627196029730893,A339,long,150,1112929.3666575826,7419.5291110505505,90980158.92561136,7616943.537958161,openap_type,0.06324110671936758,EDDF,0.9367588932806324,EDDF
3c7a48,D-ANRH,Condor,A339,A333,2025,95,732848.3682518549,5002772.20627942,59755.3346861153,15808760.171842968,0.0,7714.193350019525,52660.76006609916,6.826476557781103,0.0815384699957187,21.571665922588284,A339,long,95,732848.3682518549,7714.193350019525,59755334.686115295,5002772.20627942,openap_type,0.04979253112033195,EDDF,0.950207468879668,EDDF
3c7a48,D-ANRH,Condor,A339,A333,2026,136,1088036.4208278672,7399004.90527474,88377.00303522607,23380855.500668183,0.0,8000.267800204906,54404.4478329025,6.800328337947522,0.0812261440365954,21.48903754791417,A339,long,136,1088036.4208278672,8000.267800204906,88377003.03522606,7399004.90527474,openap_type,0.04979253112033195,EDDF,0.950207468879668,EDDF
3c7a49,D-ANRI,Condor,A339,A333,2025,94,725546.574767589,4945809.72683884,59074.949515019485,15628758.736810736,0.0,7718.580582633926,52614.997094030216,6.816667459870662,0.0814213057706773,21.540669173191294,A339,long,94,725546.574767589,7718.580582633926,59074949.51501949,4945809.72683884,openap_type,0.09055118110236221,EDDF,0.9094488188976377,EDDF
3c7a49,D-ANRI,Condor,A339,A333,2026,145,1096145.397608744,7488895.166290017,89450.69226401964,23664908.72547645,0.0,7559.623431784441,51647.55287096564,6.832027195139571,0.0816047692752782,21.589205936641047,A339,long,145,1096145.397608744,7559.623431784441,89450692.26401964,7488895.166290017,openap_type,0.09055118110236221,EDDF,0.9094488188976377,EDDF
3c7a4a,D-ANRJ,Condor,A339,A333,2025,90,721716.5268208648,4913097.8678565975,58684.224532731576,15525389.262426848,0.0,8019.072520231831,54589.97630951775,6.80751747434497,0.0813120142768982,21.511755218930105,A339,long,90,721716.5268208648,8019.072520231831,58684224.53273158,4913097.8678565975,openap_type,0.08108108108108109,EDDF,0.9189189189189189,EDDF
3c7a4a,D-ANRJ,Condor,A339,A333,2026,155,1175551.139194387,8013842.390038343,95720.89521434688,25323741.952521164,0.0,7584.200898028303,51702.20896798931,6.817093806340303,0.081426398242398,21.54201642803536,A339,long,155,1175551.139194387,7584.200898028303,95720895.21434689,8013842.390038343,openap_type,0.08108108108108109,EDDF,0.9189189189189189,EDDF
3c7a4b,D-ANRK,Condor,A339,A333,2025,93,706885.1743315388,4820002.45139692,57572.25150279654,15231207.746414268,0.0,7600.9158530273,51827.98334835398,6.818649798328169,0.0814449837022531,21.546933362717013,A339,long,93,706885.1743315388,7600.9158530273,57572251.50279655,4820002.45139692,openap_type,0.07392996108949416,EDDF,0.9260700389105059,EDDF
3c7a4b,D-ANRK,Condor,A339,A333,2026,150,1173988.7847925986,8004179.895376801,95605.48208366732,25293208.46939069,0.0,7826.591898617324,53361.199302512,6.81793557064589,0.0814364526493814,21.544676403241013,A339,long,150,1173988.7847925986,7826.591898617324,95605482.08366734,8004179.895376801,openap_type,0.07392996108949416,EDDF,0.9260700389105059,EDDF
3c7a4c,D-ANRL,Condor,A339,A333,2025,76,575395.5363555064,3926602.3953838274,46901.084167084606,12408063.569412896,0.0,7570.993899414558,51665.82099189246,6.824179450981677,0.08151103233117,21.5644070651021,A339,long,76,575395.5363555064,7570.993899414558,46901084.167084605,3926602.3953838274,openap_type,0.08823529411764706,EDDF,0.9117647058823529,EDDF
3c7a4c,D-ANRL,Condor,A339,A333,2026,147,1144564.6508969318,7800423.407348768,93171.7240322214,24649337.96722211,0.0,7786.154087734229,53064.10481189638,6.815188116491287,0.0814036358358681,21.53599444811247,A339,long,147,1144564.6508969318,7786.154087734229,93171724.0322214,7800423.407348768,openap_type,0.08823529411764706,EDDF,0.9117647058823529,EDDF
3c7a4d,D-ANRM,Condor,A339,A333,2025,87,667418.5921736307,4558947.168615489,54454.09118068501,14406273.052824946,0.0,7671.478070961272,52401.69159328149,6.830716468008531,0.0815891133678796,21.58506403890696,A339,long,87,667418.5921736307,7671.478070961272,54454091.18068501,4558947.168615489,openap_type,0.07883817427385892,EDDF,0.9211618257261411,EDDF
3c7a4d,D-ANRM,Condor,A339,A333,2026,136,1066858.0962627376,7268951.770483821,86823.59059189008,22969887.59472888,0.0,7844.544825461307,53448.17478296927,6.813419512817457,0.0813825108475418,21.530405660503163,A339,long,136,1066858.0962627376,7844.544825461307,86823590.59189008,7268951.770483821,openap_type,0.07883817427385892,EDDF,0.9211618257261411,EDDF
3c7a4e,D-ANRN,Condor,A339,A333,2025,87,668693.5893483934,4561501.813164442,54484.60499057527,14414345.729599636,0.0,7686.133210901074,52431.05532372922,6.821512701519069,0.0814791794903666,21.555980136800255,A339,long,87,668693.5893483934,7686.133210901074,54484604.99057528,4561501.813164442,openap_type,0.09274193548387097,EDDF,0.907258064516129,EDDF
3c7a4e,D-ANRN,Condor,A339,A333,2026,141,1107080.8713882123,7543817.984044646,90106.71480942216,23838464.82958108,0.0,7851.637385732004,53502.2552059904,6.814152587231639,0.0813912670141557,21.53272217565198,A339,long,141,1107080.8713882123,7851.637385732004,90106714.80942217,7543817.984044646,openap_type,0.09274193548387097,EDDF,0.907258064516129,EDDF
3c7a4f,D-ANRO,Condor,A339,A333,2025,72,574028.4342071393,3900547.2142651975,46589.8695037232,12325729.197078023,0.0,7972.617141765823,54174.26686479441,6.795041816443673,0.0811629994741883,21.47233213996201,A339,long,72,574028.4342071393,7972.617141765823,46589869.5037232,3900547.2142651975,openap_type,0.0842911877394636,EDDF,0.9157088122605364,EDDF
3c7a4f,D-ANRO,Condor,A339,A333,2026,170,1286355.4833815035,8793526.518299371,105033.78896857584,27787543.79782601,0.0,7566.796961067667,51726.6265782316,6.836000337312211,0.0816522262512292,21.60176106590659,A339,long,170,1286355.4833815035,7566.796961067667,105033788.96857582,8793526.518299371,openap_type,0.0842911877394636,EDDF,0.9157088122605364,EDDF
3c7a50,D-ANRP,Condor,A339,A333,2025,101,758092.1279146435,5195780.331913477,62060.70952007764,16418665.848846588,0.0,7505.862652620232,51443.36962290571,6.8537584557249085,0.0818643371100475,21.657876720090712,A339,long,101,758092.1279146435,7505.862652620232,62060709.52007764,5195780.331913477,openap_type,0.09433962264150944,EDDF,0.9056603773584906,EDDF
3c7a50,D-ANRP,Condor,A339,A333,2026,143,1071346.0520162703,7332043.537105318,87577.18669320241,23169257.577252805,0.0,7491.930433680212,51273.03172800922,6.8437677287431375,0.0817450034266541,21.62630602282832,A339,long,143,1071346.0520162703,7491.930433680212,87577186.6932024,7332043.537105318,openap_type,0.09433962264150944,EDDF,0.9056603773584906,EDDF
3c7a51,D-ANRQ,Condor,A339,A333,2025,91,765523.9932813967,5183977.015931569,61919.72546807152,16381367.370343758,0.0,8412.351574520842,56966.78039485241,6.771802140009485,0.0808854144501133,21.39889476242997,A339,long,91,765523.9932813967,8412.351574520842,61919725.46807152,5183977.015931569,openap_type,0.06642066420664207,EDDF,0.933579335793358,EDDF
3c7a51,D-ANRQ,Condor,A339,A333,2026,160,1240593.952856809,8458336.271001376,101030.12768140533,26728342.61636435,0.0,7753.712205355054,52864.6016937586,6.817973158359938,0.0814369016137437,21.54479518041741,A339,long,160,1240593.952856809,7753.712205355054,101030127.68140532,8458336.271001376,openap_type,0.06642066420664207,EDDF,0.933579335793358,EDDF
3c7a54,D-ANRT,Condor,A339,A333,2025,87,668905.6638718875,4566854.508468374,54548.53996226113,14431260.24676006,0.0,7688.570849102155,52492.58055710774,6.827352129198061,0.0815489282098657,21.574432728265872,A339,long,87,668905.6638718875,7688.570849102155,54548539.96226113,4566854.508468374,openap_type,0.052,EDDF,0.948,EDDF
3c7a54,D-ANRT,Condor,A339,A333,2026,152,1215953.4100504075,8270331.247338559,98784.51212098834,26134246.741589844,0.0,7999.693487173734,54410.07399564841,6.801519843589822,0.0812403759095451,21.49280270574384,A339,long,152,1215953.4100504075,7999.693487173734,98784512.12098834,8270331.247338559,openap_type,0.052,EDDF,0.948,EDDF
