origin,destination,route,raw_aircraft_type,openap_type,year,number_of_trips,total_distance_km,total_fuel_kg,total_energy_mwh,total_co2_kg,total_nox_kg,average_flight_distance_km,average_fuel_kg_per_flight,fuel_kg_per_km,energy_mwh_per_km,co2_kg_per_km
CDG,FRA,CDG-FRA,A359,A359,2022,1,448.7765919787179,5044.4484793508145,60.25313461446807,15940.457194748575,0.0,448.7765919787179,5044.4484793508145,11.240444732442807,0.13426086763751133,35.51980535451927
DUB,FRA,DUB-FRA,A320,A320,2022,1,1086.1322155212074,4622.9219161306455,55.21823399822715,14608.43325497284,0.0,1086.1322155212074,4622.9219161306455,4.256315989957283,0.050839329880045324,13.449958528265016
FRA,DUB,FRA-DUB,A320,A320,2022,1,1086.1322155212074,4622.9219161306455,55.21823399822715,14608.43325497284,0.0,1086.1322155212074,4622.9219161306455,4.256315989957283,0.050839329880045324,13.449958528265016
FRA,MUC,FRA-MUC,A319,A319,2022,1,299.86134414868263,1597.9092017014261,19.086137686989257,5049.393077376507,0.0,299.86134414868263,1597.9092017014261,5.328826915779855,0.06364987704959271,16.839093053864342
MUC,FRA,MUC-FRA,A319,A319,2022,1,299.86134414868263,1597.9092017014261,19.086137686989257,5049.393077376507,0.0,299.86134414868263,1597.9092017014261,5.328826915779855,0.06364987704959271,16.839093053864342
